community_id,community_name,community_aliases,community_type,local_govt_council,ward,land_council,electorate,ntg_region,population_count,population_source,latitude,longitude,bushtel_url,Mobile_Coverage_Listed,Coverage_Match_Status,Coverage_Match_Method,Coverage_Matched_Input_Name,Coverage_Match_Distance_km,Coverage_SITE NAME,Coverage_SITE TYPE,Coverage_POPULATION,Coverage_MACRO CELL,Coverage_SMALL CELL,Coverage_PROXIMITY TO CELL,Coverage_PROVIDER,Coverage_LATITUDE,Coverage_LONGITUDE,Nearest_Telstra_km,Nearest_Telstra_Technology,Nearest_Telstra_Active_Bands,Nearest_Telstra_Year,Nearest_Telstra_MNO,Nearest_Telstra_RFNSA ID,Nearest_Telstra_Latitude,Nearest_Telstra_Longitude,Nearest_Telstra_GSM900,Nearest_Telstra_IoT700,Nearest_Telstra_LTE700,Nearest_Telstra_LTE850,Nearest_Telstra_LTE1800,Nearest_Telstra_LTE2100,Nearest_Telstra_LTE2600,Nearest_Telstra_NR700,Nearest_Telstra_NR850,Nearest_Telstra_NR2100,Nearest_Telstra_NR2600,Nearest_Telstra_NR3600,Nearest_Telstra_NR26000,Nearest_Telstra_Co_funded,Nearest_Telstra_Co_contribution_program,Nearest_Telstra_Round,Nearest_Optus_km,Nearest_Optus_Technology,Nearest_Optus_Active_Bands,Nearest_Optus_Year,Nearest_Optus_MNO,Nearest_Optus_RFNSA ID,Nearest_Optus_Latitude,Nearest_Optus_Longitude,Nearest_Optus_NBIoT700,Nearest_Optus_UMTS900,Nearest_Optus_UMTS2100,Nearest_Optus_LTE700,Nearest_Optus_LTE900,Nearest_Optus_LTE1800,Nearest_Optus_LTE2100,Nearest_Optus_LTE2300,Nearest_Optus_LTE2600,Nearest_Optus_NR700,Nearest_Optus_NR900,Nearest_Optus_NR2100,Nearest_Optus_NR2300,Nearest_Optus_NR3500,Nearest_Optus_NR26000,Nearest_Optus_Co_funded,Nearest_Optus_Co_contribution_program,Nearest_Optus_Round,Nearest_TPG_km,Nearest_TPG_Technology,Nearest_TPG_Active_Bands,Nearest_TPG_Year,Nearest_TPG_MNO,Nearest_TPG_RFNSA ID,Nearest_TPG_Latitude,Nearest_TPG_Longitude,Nearest_TPG_NBIoT850,Nearest_TPG_LTE700,Nearest_TPG_LTE850,Nearest_TPG_LTE1800,Nearest_TPG_LTE2100,Nearest_TPG_NR700,Nearest_TPG_NR1800,Nearest_TPG_NR2100,Nearest_TPG_NR3600,Nearest_TPG_NR26000,Nearest_TPG_Co_funded,Nearest_TPG_Co_contribution_program,Nearest_TPG_Round,Nearest_Any_Site_km,Nearest_Any_Provider,Infrastructure_Isolation_Rank,Nearest_Primary_School,Nearest_Primary_School_km,Nearest_Primary_School_Type,Nearest_Primary_School_Sector,Nearest_Primary_School_Remoteness,Nearest_Primary_School_Campus_Type,Nearest_Primary_School_Special,Nearest_Primary_School_Latitude,Nearest_Primary_School_Longitude,Nearest_Primary_ACARA_SML_ID,Nearest_Primary_Location_AGE_ID,Nearest_Primary_School_AGE_ID,Nearest_Primary_Rolled_School_ID,Nearest_Secondary_School,Nearest_Secondary_School_km,Nearest_Secondary_School_Type,Nearest_Secondary_School_Sector,Nearest_Secondary_School_Remoteness,Nearest_Secondary_School_Campus_Type,Nearest_Secondary_School_Special,Nearest_Secondary_School_Latitude,Nearest_Secondary_School_Longitude,Nearest_Secondary_ACARA_SML_ID,Nearest_Secondary_Location_AGE_ID,Nearest_Secondary_School_AGE_ID,Nearest_Secondary_Rolled_School_ID,Secondary_vs_Mobile_Distance_Difference_km,Primary_vs_Mobile_Distance_Difference_km,Mobile_Further_Than_Primary,Mobile_Further_Than_Secondary,Secondary_Over_50km,Mobile_Site_Over_50km,Education_Mobile_Isolation_Review,ILOC_CODE_2021,ILOC_NAME_2021,IAREA_CODE_2021,IAREA_NAME_2021,IREG_CODE_2021,IREG_NAME_2021,ILOC_STATE_CODE_2021,ILOC_STATE_NAME_2021,ILOC_AREA_SQKM_2021,ILOC_Match_Method,ILOC_Match_Status,ILOC_Indigenous_Population_Male,ILOC_Indigenous_Population_Female,ILOC_Indigenous_Population,ILOC_Indigenous_Age_0_4,ILOC_Indigenous_Age_5_14,ILOC_Indigenous_Age_15_24,ILOC_Indigenous_Age_25_44,ILOC_Indigenous_Age_45_64,ILOC_Indigenous_Age_65_Plus,ILOC_Indigenous_Median_Age,ILOC_Indigenous_Median_Personal_Income_Weekly,ILOC_Indigenous_Household_Median_Income_Weekly,ILOC_Indigenous_Household_Avg_Persons_Per_Bedroom,ILOC_Indigenous_Household_Avg_Size,ILOC_Indigenous_Dwellings_Needing_Extra_Bedrooms_Pct,ILOC_Indigenous_Preschool_Students,ILOC_Indigenous_Primary_Students,ILOC_Indigenous_Secondary_Students,ILOC_Indigenous_Persons_Age_15_Plus,ILOC_Indigenous_Employed,ILOC_Indigenous_Unemployed,ILOC_Indigenous_Labour_Force,ILOC_Indigenous_Not_In_Labour_Force,ILOC_Indigenous_Unemployment_Pct,ILOC_Indigenous_Labour_Force_Participation_Pct,ILOC_Indigenous_Employment_To_Population_Pct,ILOC_Indigenous_Age_0_14,Demographic_Source,Demographic_Geography_Type,Demographic_Census_Year
1022,10 MILE,"PALPANG,TEN MILE",Family Outstation,BARKLY,ALYAWARR,CENTRAL LAND COUNCIL,BARKLY,BARKLY,8.0,Homelands Service Provider Report 2023,-20.40628,134.75934,https://bushtel.nt.gov.au/profile/1022,Not listed,Not confirmed,,,,,,,,,,,,,52.54393108202401,4G/LTE + IoT,"IoT700, LTE700",2025,Telstra,872166,-20.4463912,135.2617646,,Y,Y,,,,,,,,,,,Y,REGIONAL CO-INVESTMENT: NT RTCP - Greenfield Macro,2.0,53.6750177602735,3G/UMTS + 4G/LTE,"UMTS900, LTE700",2025,Optus,872187,-20.5558,134.2694,,Y,,Y,,,,,,,,,,,,Y,Federal Mobile Black Spot Program (MBSP),4.0,494.197845113987,4G/LTE,LTE850,2025,TPG,4825002,-20.73424,139.49366,,,Y,,,,,,,,,,,52.54393108202401,Telstra,114,Epenarra School,51.48569821589339,Combined,Government,Very Remote,School Single Entity,0,-20.46311,135.24972,50089,56549.0,16549.0,50089,Epenarra School,51.48569821589339,Combined,Government,Very Remote,School Single Entity,0,-20.46311,135.24972,50089,56549.0,16549.0,50089,-1.0582328661306164,-1.0582328661306164,Yes,Yes,Yes,Yes,Review,70700304,Julalikari - Outstations,707003,Barkly,707,Tennant Creek,7,Northern Territory,107784.4629,Within polygon,Matched,67,66,137,15,28,18,41,25,8,27,369,1020,1.4,4.2,31.0,4,26,10,90,13,20,34,41,60.0,39.8,15.9,43,ABS 2021 Census Indigenous Profile,Indigenous Location (ILOC),2021
1004,10 MILE OUTSTATION,TEN MILE OUTSTATION,Family Outstation,CENTRAL DESERT,ANMATJERE,CENTRAL LAND COUNCIL,GWOJA,CENTRAL AUSTRALIA,10.0,Homelands Service Provider Report 2023,-22.46667,132.37658,https://bushtel.nt.gov.au/profile/1004,Not listed,Not confirmed,,,,,,,,,,,,,29.1161552866319,4G/LTE + IoT,"IoT700, LTE700",2025,Telstra,872177,-22.25834811,132.205041,,Y,Y,,,,,,,,,,,Y,REGIONAL CO-INVESTMENT: NT RTCP - Greenfield Macro,2.0,101.458483225186,3G/UMTS,UMTS900,2025,Optus,870011,-22.64468,133.34561,,Y,,,,,,,,,,,,,,,,,760.5049826783832,4G/LTE,LTE850,2025,TPG,4825002,-20.73424,139.49366,,,Y,,,,,,,,,,,29.1161552866319,Telstra,289,Mount Allan School,29.082618681745927,Combined,Government,Very Remote,School Single Entity,0,-22.2566,132.2081,50105,56567.0,16567.0,50105,Mount Allan School,29.082618681745927,Combined,Government,Very Remote,School Single Entity,0,-22.2566,132.2081,50105,56567.0,16567.0,50105,-0.0335366048859739,-0.0335366048859739,Yes,Yes,No,No,,70900301,Anmatjere - Surrounds,709003,Anmatjere,709,Apatula,7,Northern Territory,49609.3293,Within polygon,Matched,59,43,104,14,10,13,33,25,7,31,226,675,1.5,4.1,40.9,4,12,6,78,0,10,15,58,80.0,19.5,3.9,24,ABS 2021 Census Indigenous Profile,Indigenous Location (ILOC),2021
783,16 MILE CAMP,"ATHENGE-LHERE,BOND SPRINGS",Family Outstation,MACDONNELL,RODINGA,CENTRAL LAND COUNCIL,NAMATJIRA,CENTRAL AUSTRALIA,,Not recorded,-23.45764,133.83248,https://bushtel.nt.gov.au/profile/783,Not listed,Not confirmed,,,,,,,,,,,,,17.12930359509756,4G/LTE + IoT,"IoT700, LTE700",2025,Telstra,870010,-23.52395,133.68087,,Y,Y,,,,,,,,,,,,,,23.751876348551253,4G/LTE + IoT,"NBIoT700, LTE700, LTE2600",2025,Optus,870052,-23.66924,133.864338,Y,,,Y,,,,,Y,,,,,,,,,,657.0883740531511,4G/LTE,LTE850,2025,TPG,4825002,-20.73424,139.49366,,,Y,,,,,,,,,,,17.12930359509756,Telstra,399,Braitling Primary School,24.69757437184141,Primary,Government,Remote,School Single Entity,0,-23.677393,133.867691,50016,47884.0,7884.0,50016,St Philip's College,26.38758346103528,Secondary,Independent,Remote,School Single Entity,0,-23.690364169117,133.883128746033,50155,53284.0,13284.0,50155,9.258279865937716,7.5682707767438515,No,No,No,No,,70901402,Ingkerreke Outstations,709014,West MacDonnell Ranges,709,Apatula,7,Northern Territory,9777.1413,Within polygon,Matched,106,82,189,20,24,23,62,45,11,32,341,762,1.2,2.9,16.1,6,15,3,141,14,4,14,92,23.5,12.3,9.4,44,ABS 2021 Census Indigenous Profile,Indigenous Location (ILOC),2021
24993,20 MILE,WUMAYALINJA,Family Outstation,ROPER GULF,SOUTH WEST GULF,NORTHERN LAND COUNCIL,BARKLY,BIG RIVERS,6.0,Homelands Service Provider Report 2023,-16.08535,136.54826,https://bushtel.nt.gov.au/profile/24993,Not listed,Not confirmed,,,,,,,,,,,,,26.113405360581098,4G/LTE + IoT,"IoT700, LTE700, LTE1800, LTE2100, LTE2600",2025,Telstra,854001,-16.05361,136.30611,,Y,Y,,Y,Y,Y,,,,,,,,,,110.0333169891824,3G/UMTS,UMTS900,2025,Optus,852089,-16.6834,135.7265,,Y,,,,,,,,,,,,,,Y,Federal Mobile Black Spot Program (MBSP),2.0,603.0877457815972,4G/LTE,LTE850,2025,TPG,4825002,-20.73424,139.49366,,,Y,,,,,,,,,,,26.113405360581098,Telstra,317,Borroloola School,26.00870878611581,Combined,Government,Very Remote,School Single Entity,0,-16.0582,136.30649,50056,47921.0,7921.0,50056,Borroloola School,26.00870878611581,Combined,Government,Very Remote,School Single Entity,0,-16.0582,136.30649,50056,47921.0,7921.0,50056,-0.104696574465283,-0.104696574465283,Yes,Yes,No,No,,70500401,Mabunji - Mungoorbada Outstations,705004,Gulf,705,Katherine,7,Northern Territory,55041.1368,Within polygon,Matched,62,43,104,7,17,23,30,21,8,30,407,916,1.9,3.6,48.1,4,12,3,79,23,9,28,52,22.2,34.6,26.9,24,ABS 2021 Census Indigenous Profile,Indigenous Location (ILOC),2021
1006,4 MILE CAMP,"FOUR MILE CAMP,NGUIU 4 MILE CAMP",Family Outstation,TIWI ISLANDS,BATHURST ISLAND WARD,TIWI LAND COUNCIL,ARAFURA,TOP END,7.0,Homelands Service Provider Report 2023,-11.77798,130.59548,https://bushtel.nt.gov.au/profile/1006,Not listed,Not confirmed,,,,,,,,,,,,,5.112035751766897,4G/LTE + IoT,"IoT700, LTE700, LTE2600",2025,Telstra,822025,-11.75639,130.63694,,Y,Y,,,,Y,,,,,,,,,,71.41847524710633,4G/LTE + IoT,"NBIoT700, LTE700, LTE1800, LTE2100, LTE2600",2025,Optus,810002,-12.355865,130.882125,Y,,,Y,,Y,Y,,Y,,,,,,,,,,71.39339476868956,4G/LTE,"LTE850, LTE1800, LTE2100",2025,TPG,810002,-12.35583,130.88167,,,Y,Y,Y,,,,,,,,,5.112035751766897,Telstra,570,Murrupurtiyanuwu Catholic Primary School,5.122420739365796,Primary,Catholic,Remote,School Single Entity,0,-11.758671,130.638203,50143,53313.0,13313.0,50143,Xavier Catholic College,5.257931563610253,Secondary,Catholic,Remote,School Single Entity,0,-11.757347,130.63894,50146,53314.0,13314.0,50146,0.1458958118433555,0.0103849875988988,No,No,No,No,,70400603,Tiwi Islands - Wilderness,704006,Tiwi Islands,704,Jabiru - Tiwi,7,Northern Territory,7449.7682,Within polygon,Matched,77,62,141,9,43,42,29,13,3,16,185,949,1.5,4.0,30.4,0,20,48,87,22,7,33,54,31.3,36.8,25.3,52,ABS 2021 Census Indigenous Profile,Indigenous Location (ILOC),2021
759,5 MILE BORE,5 MILE,Family Outstation,MACDONNELL,LURITJA PINTUBI,CENTRAL LAND COUNCIL,GWOJA,CENTRAL AUSTRALIA,24.0,Homelands Service Provider Report 2023,-23.23265,131.98296,https://bushtel.nt.gov.au/profile/759,Not listed,Not confirmed,,,,,,,,,,,,,7.666817840447307,4G/LTE + IoT,"IoT700, LTE700",2025,Telstra,872058,-23.19087,131.92328,,Y,Y,,,,,,,,,,,,,,66.92631161553284,3G/UMTS + 4G/LTE,"UMTS900, LTE700",2025,Optus,872191,-23.5863,132.51367,,Y,,Y,,,,,,,,,,,,Y,Federal Mobile Black Spot Program (MBSP),5.0,822.5932421976822,4G/LTE,LTE850,2025,TPG,4825002,-20.73424,139.49366,,,Y,,,,,,,,,,,7.666817840447307,Telstra,534,Papunya School,8.130918022048897,Combined,Government,Very Remote,School Single Entity,0,-23.20283,131.91031,50113,47892.0,7892.0,50113,Papunya School,8.130918022048897,Combined,Government,Very Remote,School Single Entity,0,-23.20283,131.91031,50113,47892.0,7892.0,50113,0.4641001816015899,0.4641001816015899,No,No,No,No,,70901102,Papunya Outstations,709011,Papunya and Outstations,709,Apatula,7,Northern Territory,2326.1983,Within polygon,Matched,24,37,62,8,11,9,17,17,0,35,225,574,2.0,3.9,40.0,0,3,4,43,9,0,4,29,16.7,13.0,10.9,19,ABS 2021 Census Indigenous Profile,Indigenous Location (ILOC),2021
279,ACACIA LARRAKIA,ACACIA GAP,Family Outstation,LITCHFIELD,SOUTH WARD,NORTHERN LAND COUNCIL,GOYDER,"DARWIN, PALMERSTON, LITCHFIELD",,Not recorded,-12.8142,131.1715,https://bushtel.nt.gov.au/profile/279,Not listed,Not confirmed,,,,,,,,,,,,,15.670064941254948,4G/LTE + 5G/NR + IoT,"IoT700, LTE700, LTE850, LTE1800, LTE2600, NR850, NR2600",2025,Telstra,837004,-12.6775,131.13639,,Y,Y,Y,Y,,Y,,Y,,Y,,,,,,19.30831814087424,4G/LTE + IoT,"NBIoT700, LTE700",2025,Optus,822087,-12.985684,131.143492,Y,,,Y,,,,,,,,,,,,,,,22.446109134323148,4G/LTE,"LTE850, LTE1800, LTE2100",2025,TPG,836004,-12.613261,131.151729,,,Y,Y,Y,,,,,,,,,15.670064941254948,Telstra,415,Berry Springs Primary School,22.752783129771604,Primary,Government,Outer Regional,School Single Entity,0,-12.7159,130.98749,50014,47940.0,7940.0,50014,Taminmin College,27.105465399766977,Secondary,Government,Outer Regional,School Single Entity,0,-12.58037,131.10089,50006,47964.0,7964.0,50006,11.43540045851203,7.082718188516656,No,No,No,No,,70300701,Acacia-Larrakia,703007,Litchfield,703,Darwin,7,Northern Territory,257.252,Within polygon,Matched,51,55,106,4,23,20,27,21,7,28,357,1536,1.2,3.5,13.5,0,15,16,80,34,3,32,44,6.3,42.1,39.5,27,ABS 2021 Census Indigenous Profile,Indigenous Location (ILOC),2021
979,ADBANAE,TREPANG BAY,Family Outstation,WEST ARNHEM,BARRAH,NORTHERN LAND COUNCIL,ARAFURA,TOP END,,Not recorded,-11.24167,131.97531,https://bushtel.nt.gov.au/profile/979,Not listed,Not confirmed,,,,,,,,,,,,,66.12969123058757,4G/LTE + IoT,"IoT700, LTE700, LTE850",2025,Telstra,822032,-11.1479,132.57398,,Y,Y,Y,,,,,,,,,,Y,Federal Mobile Black Spot Program (MBSP),1.0,140.4605489676502,3G/UMTS + 4G/LTE,"UMTS900, LTE700",2025,Optus,822107,-12.481606,131.728776,,Y,,Y,,,,,,,,,,,,Y,Federal Mobile Black Spot Program (MBSP),4.0,169.30693606178315,4G/LTE + 5G/NR,"LTE850, LTE1800, LTE2100, NR700",2025,TPG,835001,-12.48268,131.07386,,,Y,Y,Y,Y,,,,,,,,66.12969123058757,Telstra,65,Mamaruni School,66.52427283968547,Combined,Government,Very Remote,School Single Entity,0,-11.14856,132.57775,50098,47955.0,7955.0,50098,Mamaruni School,66.52427283968547,Combined,Government,Very Remote,School Single Entity,0,-11.14856,132.57775,50098,47955.0,7955.0,50098,0.3945816090978979,0.3945816090978979,No,No,Yes,Yes,Review,70400401,Cobourg Peninsula - Demed Homelands,704004,North-West Arnhem,704,Jabiru - Tiwi,7,Northern Territory,23675.7318,Within polygon,Matched,145,127,279,27,57,40,102,44,3,27,239,1218,2.4,5.6,70.3,4,34,22,190,45,3,48,138,8.3,24.7,22.7,84,ABS 2021 Census Indigenous Profile,Indigenous Location (ILOC),2021
1,ADELAIDE BORE,"WOOLA,WOOLLA",Family Outstation,CENTRAL DESERT,ANMATJERE,CENTRAL LAND COUNCIL,BARKLY,CENTRAL AUSTRALIA,14.0,Homelands Service Provider Report 2023,-22.21485,133.93607,https://bushtel.nt.gov.au/profile/1,Not listed,Not confirmed,,,,,,,,,,,,,53.06045724964245,4G/LTE + IoT,"IoT700, LTE700",2025,Telstra,872001,-22.20222,133.42083,,Y,Y,,,,,,,,,,,,,,54.25005505044697,3G/UMTS + 4G/LTE,"UMTS900, LTE700",2025,Optus,872135,-22.13295,133.4167,,Y,,Y,,,,,,,,,,,,,,,598.1278427270911,4G/LTE,LTE850,2025,TPG,4825002,-20.73424,139.49366,,,Y,,,,,,,,,,,53.06045724964245,Telstra,111,Mulga Bore School,38.69417252648892,Combined,Government,Very Remote,School Single Entity,0,-22.452287,134.211096,50475,69816.0,29816.0,50475,Mulga Bore School,38.69417252648892,Combined,Government,Very Remote,School Single Entity,0,-22.452287,134.211096,50475,69816.0,29816.0,50475,-14.366284723153528,-14.366284723153528,Yes,Yes,No,Yes,,70900301,Anmatjere - Surrounds,709003,Anmatjere,709,Apatula,7,Northern Territory,49609.3293,Within polygon,Matched,59,43,104,14,10,13,33,25,7,31,226,675,1.5,4.1,40.9,4,12,6,78,0,10,15,58,80.0,19.5,3.9,24,ABS 2021 Census Indigenous Profile,Indigenous Location (ILOC),2021
895,ADJAMARRAGU,No aliases recorded with NTG DIPL,Family Outstation,WEST ARNHEM,BARRAH,NORTHERN LAND COUNCIL,ARAFURA,TOP END,,Not recorded,-11.15182,132.47559,https://bushtel.nt.gov.au/profile/895,Not listed,Not confirmed,,,,,,,,,,,,,10.7428261289751,4G/LTE + IoT,"IoT700, LTE700, LTE850",2025,Telstra,822032,-11.1479,132.57398,,Y,Y,Y,,,,,,,,,,Y,Federal Mobile Black Spot Program (MBSP),1.0,151.1719125366458,3G/UMTS + 4G/LTE,"UMTS900, LTE700",2025,Optus,822106,-12.42654,132.95842,,Y,,Y,,,,,,,,,,,,Y,Federal Mobile Black Spot Program (MBSP),5.0,212.3478533302132,4G/LTE,"LTE850, LTE1800, LTE2100",2025,TPG,836002,-12.55419,131.15106,,,Y,Y,Y,,,,,,,,,10.7428261289751,Telstra,486,Mamaruni School,11.151153249383292,Combined,Government,Very Remote,School Single Entity,0,-11.14856,132.57775,50098,47955.0,7955.0,50098,Mamaruni School,11.151153249383292,Combined,Government,Very Remote,School Single Entity,0,-11.14856,132.57775,50098,47955.0,7955.0,50098,0.4083271204081917,0.4083271204081917,No,No,No,No,,70400401,Cobourg Peninsula - Demed Homelands,704004,North-West Arnhem,704,Jabiru - Tiwi,7,Northern Territory,23675.7318,Within polygon,Matched,145,127,279,27,57,40,102,44,3,27,239,1218,2.4,5.6,70.3,4,34,22,190,45,3,48,138,8.3,24.7,22.7,84,ABS 2021 Census Indigenous Profile,Indigenous Location (ILOC),2021
787,AKARNENEHE WELL,APIWENTYE,Family Outstation,CENTRAL DESERT,AKITYARRE,CENTRAL LAND COUNCIL,NAMATJIRA,CENTRAL AUSTRALIA,,Not recorded,-23.05992,136.19361,https://bushtel.nt.gov.au/profile/787,Not listed,Not confirmed,,,,,,,,,,,,,128.87606145646612,4G/LTE + IoT,"IoT700, LTE700",2025,Telstra,872152,-22.97496,134.93773,,Y,Y,,,,,,,,,,,Y,REGIONAL CO-INVESTMENT: NT ISCA,1.0,160.0822841807864,3G/UMTS + 4G/LTE,"UMTS900, LTE700",2025,Optus,872188,-23.45604,134.68709,,Y,,Y,,,,,,,,,,,,Y,Federal Mobile Black Spot Program (MBSP),4.0,427.5182323208569,4G/LTE,LTE850,2025,TPG,4825002,-20.73424,139.49366,,,Y,,,,,,,,,,,128.87606145646612,Telstra,3,Bonya School,31.373325796269327,Combined,Government,Very Remote,School Single Entity,0,-22.77886,136.16675,50081,66018.0,26018.0,50081,Bonya School,31.373325796269327,Combined,Government,Very Remote,School Single Entity,0,-22.77886,136.16675,50081,66018.0,26018.0,50081,-97.5027356601968,-97.5027356601968,Yes,Yes,No,Yes,,70900502,Atitjere - Akarnenehe Outstations,709005,Atitjere - Akarnenehe - Engawala,709,Apatula,7,Northern Territory,67455.8399,Within polygon,Matched,68,60,126,10,26,26,32,21,4,24,277,762,1.3,3.8,29.6,0,23,5,89,14,10,22,63,37.5,26.4,16.5,36,ABS 2021 Census Indigenous Profile,Indigenous Location (ILOC),2021
959,AKWALIRRUMANJA,"4 MILE,FOUR MILE",Family Outstation,EAST ARNHEM,ANINDILYAKWA,ANINDILYAKWA LAND COUNCIL,ARNHEM,EAST ARNHEM,35.0,Homelands Service Provider Report 2023,-13.86346,136.77866,https://bushtel.nt.gov.au/profile/959,Not listed,Not confirmed,,,,,,,,,,,,,3.728412133608716,4G/LTE + IoT,"IoT700, LTE700",2025,Telstra,885004,-13.85704,136.812557,,Y,Y,,,,,,,,,,,,,,187.03967626864704,4G/LTE + IoT,"NBIoT700, LTE700, LTE2600",2025,Optus,880003,-12.181375,136.776877,Y,,,Y,,,,,Y,,,,,,,,,,624.6972087077243,4G/LTE,"LTE850, LTE1800, LTE2100",2025,TPG,836004,-12.613261,131.151729,,,Y,Y,Y,,,,,,,,,3.728412133608716,Telstra,586,Alyarrmandumanja Umbakumba School,3.615335373651413,Combined,Government,Very Remote,School Single Entity,0,-13.85975,136.81193,50124,47965.0,7965.0,50124,Alyarrmandumanja Umbakumba School,3.615335373651413,Combined,Government,Very Remote,School Single Entity,0,-13.85975,136.81193,50124,47965.0,7965.0,50124,-0.1130767599573032,-0.1130767599573032,Yes,Yes,No,No,,70600105,Umbakumba and Outstations,706001,Anindilyakwa (Groote),706,Nhulunbuy,7,Northern Territory,1488.7767,Within polygon,Matched,220,225,441,30,55,109,163,69,9,28,128,404,1.5,4.4,45.4,3,34,14,351,56,26,80,247,32.1,23.0,15.6,85,ABS 2021 Census Indigenous Profile,Indigenous Location (ILOC),2021
280,ALAMIRRA,ALAMIRR,Family Outstation,WEST ARNHEM,BARRAH,NORTHERN LAND COUNCIL,ARAFURA,TOP END,4.0,Homelands Service Provider Report 2023,-11.06745,132.52835,https://bushtel.nt.gov.au/profile/280,Yes,Confirmed,Primary name,ALAMIRRA,0.0629491851426634,ALAMIRRA,COMMUNITY,5.0,,,YES,TELSTRA,-11.067,132.528,10.237813403161304,4G/LTE + IoT,"IoT700, LTE700, LTE850",2025,Telstra,822032,-11.1479,132.57398,,Y,Y,Y,,,,,,,,,,Y,Federal Mobile Black Spot Program (MBSP),1.0,158.21031948747623,3G/UMTS + 4G/LTE,"UMTS900, LTE700",2025,Optus,822106,-12.42654,132.95842,,Y,,Y,,,,,,,,,,,,Y,Federal Mobile Black Spot Program (MBSP),5.0,223.15980366428363,4G/LTE,"LTE850, LTE1800, LTE2100",2025,TPG,836002,-12.55419,131.15106,,,Y,Y,Y,,,,,,,,,10.237813403161304,Telstra,494,Mamaruni School,10.506971086810172,Combined,Government,Very Remote,School Single Entity,0,-11.14856,132.57775,50098,47955.0,7955.0,50098,Mamaruni School,10.506971086810172,Combined,Government,Very Remote,School Single Entity,0,-11.14856,132.57775,50098,47955.0,7955.0,50098,0.2691576836488671,0.2691576836488671,No,No,No,No,,70400401,Cobourg Peninsula - Demed Homelands,704004,North-West Arnhem,704,Jabiru - Tiwi,7,Northern Territory,23675.7318,Within polygon,Matched,145,127,279,27,57,40,102,44,3,27,239,1218,2.4,5.6,70.3,4,34,22,190,45,3,48,138,8.3,24.7,22.7,84,ABS 2021 Census Indigenous Profile,Indigenous Location (ILOC),2021
693,ALATYEYE,TURNERS CAMP,Family Outstation,CENTRAL DESERT,ANMATJERE,CENTRAL LAND COUNCIL,NAMATJIRA,CENTRAL AUSTRALIA,3.0,Homelands Service Provider Report 2023,-23.09733,134.21897,https://bushtel.nt.gov.au/profile/693,Not listed,Not confirmed,,,,,,,,,,,,,14.8329373256334,4G/LTE,"LTE700, LTE850",2025,Telstra,872209,-22.96586,134.24351,,,Y,Y,,,,,,,,,,Y,REGIONAL CO-INVESTMENT: RCP - Greenfield Macro,2.0,14.518093158295189,3G/UMTS,UMTS900,2025,Optus,872147,-22.96838,134.24121,,Y,,,,,,,,,,,,,,Y,Federal Mobile Black Spot Program (MBSP),2.0,604.1812854755211,4G/LTE,LTE850,2025,TPG,4825002,-20.73424,139.49366,,,Y,,,,,,,,,,,14.518093158295189,Optus,433,Alcoota School,40.71334439672451,Combined,Government,Very Remote,School Single Entity,0,-22.80235,134.45452,50074,56525.0,16525.0,50074,Alcoota School,40.71334439672451,Combined,Government,Very Remote,School Single Entity,0,-22.80235,134.45452,50074,56525.0,16525.0,50074,26.19525123842932,26.19525123842932,No,No,No,No,,70900502,Atitjere - Akarnenehe Outstations,709005,Atitjere - Akarnenehe - Engawala,709,Apatula,7,Northern Territory,67455.8399,Within polygon,Matched,68,60,126,10,26,26,32,21,4,24,277,762,1.3,3.8,29.6,0,23,5,89,14,10,22,63,37.5,26.4,16.5,36,ABS 2021 Census Indigenous Profile,Indigenous Location (ILOC),2021
441,ALHARRGAN,CAPE BARROW,Family Outstation,ROPER GULF,NUMBULWAR NUMBURINDI,NORTHERN LAND COUNCIL,ARNHEM,BIG RIVERS,6.0,Homelands Service Provider Report 2023,-13.67507,136.05261,https://bushtel.nt.gov.au/profile/441,Not listed,Not confirmed,,,,,,,,,,,,,19.910225496293968,4G/LTE,LTE700,2025,Telstra,885002,-13.78362,136.1992,,,Y,,,,,,,,,,,Y,REGIONAL CO-INVESTMENT: Small Cell Satellite,,183.70414403155723,4G/LTE + IoT,"NBIoT700, LTE700, LTE2600",2025,Optus,880003,-12.181375,136.776877,Y,,,Y,,,,,Y,,,,,,,,,,543.6353725148707,4G/LTE,"LTE850, LTE1800, LTE2100",2025,TPG,836004,-12.613261,131.151729,,,Y,Y,Y,,,,,,,,,19.910225496293968,Telstra,369,Milyakburra School,19.478471192435755,Combined,Government,Very Remote,School Single Entity,0,-13.7818,136.1956,50103,56564.0,16564.0,50103,Milyakburra School,19.478471192435755,Combined,Government,Very Remote,School Single Entity,0,-13.7818,136.1956,50103,56564.0,16564.0,50103,-0.431754303858213,-0.431754303858213,Yes,Yes,No,No,,70600601,Numbulwar and Outstations,706006,Numbulwar and Outstations,706,Nhulunbuy,7,Northern Territory,4418.5473,Within polygon,Matched,335,336,675,42,95,131,229,128,43,30,244,1057,1.7,4.8,57.8,19,60,44,534,85,29,107,424,25.7,20.4,15.2,137,ABS 2021 Census Indigenous Profile,Indigenous Location (ILOC),2021
852,ALICE WELL,RITJINGKA,Family Outstation,MACDONNELL,RODINGA,CENTRAL LAND COUNCIL,NAMATJIRA,CENTRAL AUSTRALIA,6.0,Homelands Service Provider Report 2023,-24.88123,134.22962,https://bushtel.nt.gov.au/profile/852,Not listed,Not confirmed,,,,,,,,,,,,,27.428122261466264,4G/LTE + IoT,"IoT700, LTE700",2025,Telstra,872032,-24.6772,134.07694,,Y,Y,,,,,,,,,,,,,,41.9242982862844,3G/UMTS + 4G/LTE,"UMTS900, LTE700",2025,Optus,872186,-24.862581,133.81455,,Y,,Y,,,,,,,,,,,,Y,Federal Mobile Black Spot Program (MBSP),4.0,709.6089743784678,4G/LTE,LTE850,2025,TPG,4825002,-20.73424,139.49366,,,Y,,,,,,,,,,,27.428122261466264,Telstra,303,Titjikala School,28.07204549500585,Combined,Government,Remote,School Single Entity,0,-24.67244,134.07331,50123,56575.0,16575.0,50123,Titjikala School,28.07204549500585,Combined,Government,Remote,School Single Entity,0,-24.67244,134.07331,50123,56575.0,16575.0,50123,0.643923233539585,0.643923233539585,No,No,No,No,,70900103,South MacDonnell Ranges,709001,Amoonguna - Santa Teresa - Titjikala,709,Apatula,7,Northern Territory,31517.5382,Within polygon,Matched,651,171,821,14,29,137,420,188,34,35,360,645,1.0,2.5,10.9,6,16,14,773,55,7,64,688,12.3,8.4,7.4,43,ABS 2021 Census Indigenous Profile,Indigenous Location (ILOC),2021
4,ALKIPI,"ALKIPIE,ALKPIE,MOUNT LARRY,YALKIPI",Family Outstation,MACDONNELL,LURITJA PINTUBI,CENTRAL LAND COUNCIL,GWOJA,CENTRAL AUSTRALIA,,Not recorded,-23.27356,131.82924,https://bushtel.nt.gov.au/profile/4,Not listed,Not confirmed,,,,,,,,,,,,,13.29937996512616,4G/LTE + IoT,"IoT700, LTE700",2025,Telstra,872058,-23.19087,131.92328,,Y,Y,,,,,,,,,,,,,,78.00982096859649,3G/UMTS + 4G/LTE,"UMTS900, LTE700",2025,Optus,872191,-23.5863,132.51367,,Y,,Y,,,,,,,,,,,,Y,Federal Mobile Black Spot Program (MBSP),5.0,838.9323402772033,4G/LTE,LTE850,2025,TPG,4825002,-20.73424,139.49366,,,Y,,,,,,,,,,,13.29937996512616,Telstra,448,Papunya School,11.422250709253476,Combined,Government,Very Remote,School Single Entity,0,-23.20283,131.91031,50113,47892.0,7892.0,50113,Papunya School,11.422250709253476,Combined,Government,Very Remote,School Single Entity,0,-23.20283,131.91031,50113,47892.0,7892.0,50113,-1.8771292558726849,-1.8771292558726849,Yes,Yes,No,No,,70901102,Papunya Outstations,709011,Papunya and Outstations,709,Apatula,7,Northern Territory,2326.1983,Within polygon,Matched,24,37,62,8,11,9,17,17,0,35,225,574,2.0,3.9,40.0,0,3,4,43,9,0,4,29,16.7,13.0,10.9,19,ABS 2021 Census Indigenous Profile,Indigenous Location (ILOC),2021
769,ALKNGARRIINTJA,"ALKNGARINTJA,ILKILALAMA NO.2",Family Outstation,MACDONNELL,LJIRAPINTA,CENTRAL LAND COUNCIL,GWOJA,CENTRAL AUSTRALIA,8.0,Homelands Service Provider Report 2023,-23.95602,132.46233,https://bushtel.nt.gov.au/profile/769,Not listed,Not confirmed,,,,,,,,,,,,,31.99535449129129,4G/LTE + IoT,"IoT700, LTE700, LTE2600",2025,Telstra,872034,-23.94213,132.77681,,Y,Y,,,,Y,,,,,,,,,,30.32124242913873,3G/UMTS + 4G/LTE,"UMTS900, LTE700",2025,Optus,872189,-24.056241,132.739943,,Y,,Y,,,,,,,,,,,,Y,Federal Mobile Black Spot Program (MBSP),4.0,806.8271081359353,4G/LTE,LTE850,2025,TPG,4825002,-20.73424,139.49366,,,Y,,,,,,,,,,,30.32124242913873,Optus,272,Areyonga School,23.503335709776145,Combined,Government,Very Remote,School Single Entity,0,-24.0737,132.27011,50078,47881.0,7881.0,50078,Areyonga School,23.503335709776145,Combined,Government,Very Remote,School Single Entity,0,-24.0737,132.27011,50078,47881.0,7881.0,50078,-6.817906719362586,-6.817906719362586,Yes,Yes,No,No,,70901403,Tjuwanpa Outstations,709014,West MacDonnell Ranges,709,Apatula,7,Northern Territory,15970.5215,Within polygon,Matched,90,98,188,21,38,31,60,36,8,27,352,1166,1.5,4.3,51.2,0,21,12,134,28,19,47,85,43.5,34.6,19.5,59,ABS 2021 Census Indigenous Profile,Indigenous Location (ILOC),2021
714,ALKUPTIJA,"ALKUPITJA,GILLAN BORE,GILLANS BORE,GILLEN BORE",Family Outstation,MACDONNELL,RODINGA,CENTRAL LAND COUNCIL,NAMATJIRA,CENTRAL AUSTRALIA,31.0,Homelands Service Provider Report 2023,-23.06533,133.69436,https://bushtel.nt.gov.au/profile/714,Not listed,Not confirmed,,,,,,,,,,,,,51.014895120846525,4G/LTE + IoT,"IoT700, LTE700",2025,Telstra,870010,-23.52395,133.68087,,Y,Y,,,,,,,,,,,,,,56.99494787951584,3G/UMTS,UMTS900,2025,Optus,872147,-22.96838,134.24121,,Y,,,,,,,,,,,,,,Y,Federal Mobile Black Spot Program (MBSP),2.0,651.96466037368,4G/LTE,LTE850,2025,TPG,4825002,-20.73424,139.49366,,,Y,,,,,,,,,,,51.014895120846525,Telstra,126,Braitling Primary School,70.3203734770766,Primary,Government,Remote,School Single Entity,0,-23.677393,133.867691,50016,47884.0,7884.0,50016,St Philip's College,72.12186583011963,Secondary,Independent,Remote,School Single Entity,0,-23.690364169117,133.883128746033,50155,53284.0,13284.0,50155,21.106970709273103,19.30547835623008,No,No,Yes,Yes,Review,70901402,Ingkerreke Outstations,709014,West MacDonnell Ranges,709,Apatula,7,Northern Territory,9777.1413,Within polygon,Matched,106,82,189,20,24,23,62,45,11,32,341,762,1.2,2.9,16.1,6,15,3,141,14,4,14,92,23.5,12.3,9.4,44,ABS 2021 Census Indigenous Profile,Indigenous Location (ILOC),2021
7,ALPARA,No aliases recorded with NTG DIPL,Family Outstation,MACDONNELL,IYARRKA,CENTRAL LAND COUNCIL,GWOJA,CENTRAL AUSTRALIA,,Not recorded,-25.91526,131.21242,https://bushtel.nt.gov.au/profile/7,Not listed,Not confirmed,,,,,,,,,,,,,26.27778339280151,4G/LTE + IoT,"IoT700, LTE700, LTE2600",2025,Telstra,872080,-26.1457,131.15411,,Y,Y,,,,Y,,,,,,,Y,Federal Mobile Black Spot Program (MBSP),1.0,78.22629516669915,4G/LTE + IoT,"NBIoT700, LTE700, LTE900, LTE2100, LTE2600",2025,Optus,872003,-25.242591,130.984035,Y,,,Y,Y,,Y,,Y,,,,,,,,,,1022.7138796570022,4G/LTE,LTE850,2025,TPG,4825002,-20.73424,139.49366,,,Y,,,,,,,,,,,26.27778339280151,Telstra,314,Mutitjulu School,64.79692712989203,Combined,Government,Very Remote,School Single Entity,0,-25.3481,131.064,50107,56569.0,16569.0,50107,Nyangatjatjara College - Mutitjulu Campus,64.45363050192933,Secondary,Independent,Very Remote,School Sub-Campus,0,-25.350771,131.066363,40903,77302.0,14570.0,50160,38.175847109127815,38.51914373709052,No,No,Yes,No,,70900802,Kaltukatjara Outstations,709008,Kaltukatjara and Outstations,709,Apatula,7,Northern Territory,87474.9608,Within polygon,Matched,28,34,60,8,7,8,17,16,3,29,295,966,1.7,3.7,40.0,0,5,6,46,14,5,12,35,14.3,29.8,25.5,15,ABS 2021 Census Indigenous Profile,Indigenous Location (ILOC),2021
24991,ALYARPERE,SHANNON BORE,Family Outstation,MACDONNELL,RODINGA,CENTRAL LAND COUNCIL,NAMATJIRA,CENTRAL AUSTRALIA,4.0,Homelands Service Provider Report 2023,-23.70776,134.49332,https://bushtel.nt.gov.au/profile/24991,Not listed,Not confirmed,,,,,,,,,,,,,48.46918040913134,4G/LTE + IoT,"IoT700, LTE700",2025,Telstra,872023,-24.13028,134.37611,,Y,Y,,,,,,,,,,,,,,12.448786667648529,3G/UMTS,UMTS900,2025,Optus,872149,-23.5959,134.4883,,Y,,,,,,,,,,,,,,,,,611.6746731981403,4G/LTE,LTE850,2025,TPG,4825002,-20.73424,139.49366,,,Y,,,,,,,,,,,12.448786667648529,Optus,463,Ltyentye Apurte Catholic School,48.392741939599546,Combined,Catholic,Remote,School Single Entity,0,-24.12922,134.37461,50142,53311.0,13311.0,50142,Ltyentye Apurte Catholic School,48.392741939599546,Combined,Catholic,Remote,School Single Entity,0,-24.12922,134.37461,50142,53311.0,13311.0,50142,35.94395527195102,35.94395527195102,No,No,No,No,,70900103,South MacDonnell Ranges,709001,Amoonguna - Santa Teresa - Titjikala,709,Apatula,7,Northern Territory,31517.5382,Within polygon,Matched,651,171,821,14,29,137,420,188,34,35,360,645,1.0,2.5,10.9,6,16,14,773,55,7,64,688,12.3,8.4,7.4,43,ABS 2021 Census Indigenous Profile,Indigenous Location (ILOC),2021
442,ALYINGBERRMA,"ALYINGBARRUMA,QANTAS",Family Outstation,EAST ARNHEM,ANINDILYAKWA,ANINDILYAKWA LAND COUNCIL,ARNHEM,EAST ARNHEM,,Not recorded,-13.80934,136.81691,https://bushtel.nt.gov.au/profile/442,Not listed,Not confirmed,,,,,,,,,,,,,5.324787900389964,4G/LTE + IoT,"IoT700, LTE700",2025,Telstra,885004,-13.85704,136.812557,,Y,Y,,,,,,,,,,,,,,181.0736522780937,4G/LTE + IoT,"NBIoT700, LTE700, LTE2600",2025,Optus,880003,-12.181375,136.776877,Y,,,Y,,,,,Y,,,,,,,,,,627.4985197200922,4G/LTE,"LTE850, LTE1800, LTE2100",2025,TPG,836004,-12.613261,131.151729,,,Y,Y,Y,,,,,,,,,5.324787900389964,Telstra,566,Alyarrmandumanja Umbakumba School,5.631073515494217,Combined,Government,Very Remote,School Single Entity,0,-13.85975,136.81193,50124,47965.0,7965.0,50124,Alyarrmandumanja Umbakumba School,5.631073515494217,Combined,Government,Very Remote,School Single Entity,0,-13.85975,136.81193,50124,47965.0,7965.0,50124,0.3062856151042528,0.3062856151042528,No,No,No,No,,70600105,Umbakumba and Outstations,706001,Anindilyakwa (Groote),706,Nhulunbuy,7,Northern Territory,1488.7767,Within polygon,Matched,220,225,441,30,55,109,163,69,9,28,128,404,1.5,4.4,45.4,3,34,14,351,56,26,80,247,32.1,23.0,15.6,85,ABS 2021 Census Indigenous Profile,Indigenous Location (ILOC),2021
2,ALYUEN,"AILERON,ALUM,ALUM CAMP",Family Outstation,CENTRAL DESERT,ANMATJERE,CENTRAL LAND COUNCIL,BARKLY,CENTRAL AUSTRALIA,12.0,Homelands Service Provider Report 2023,-22.66949,133.35147,https://bushtel.nt.gov.au/profile/2,Not listed,Not confirmed,,,,,,,,,,,,,3.090491516122713,4G/LTE,LTE2600,2025,Telstra,872124,-22.64241,133.34469,,,,,,,Y,,,,,,,,,,2.8235232003538178,3G/UMTS,UMTS900,2025,Optus,870011,-22.64468,133.34561,,Y,,,,,,,,,,,,,,,,,669.9844460707279,4G/LTE,LTE850,2025,TPG,4825002,-20.73424,139.49366,,,Y,,,,,,,,,,,2.8235232003538178,Optus,597,Ti Tree School,60.626671500611415,Combined,Government,Very Remote,School Single Entity,0,-22.12793,133.41976,50120,47895.0,7895.0,50120,Ti Tree School,60.626671500611415,Combined,Government,Very Remote,School Single Entity,0,-22.12793,133.41976,50120,47895.0,7895.0,50120,57.8031483002576,57.8031483002576,No,No,Yes,No,,70900301,Anmatjere - Surrounds,709003,Anmatjere,709,Apatula,7,Northern Territory,49609.3293,Within polygon,Matched,59,43,104,14,10,13,33,25,7,31,226,675,1.5,4.1,40.9,4,12,6,78,0,10,15,58,80.0,19.5,3.9,24,ABS 2021 Census Indigenous Profile,Indigenous Location (ILOC),2021
445,AMANBURNUNGA,"AMENGUNUA,SALT LAKE",Family Outstation,EAST ARNHEM,ANINDILYAKWA,ANINDILYAKWA LAND COUNCIL,ARNHEM,EAST ARNHEM,,Not recorded,-13.92641,136.69486,https://bushtel.nt.gov.au/profile/445,Not listed,Not confirmed,,,,,,,,,,,,,14.86287097750406,4G/LTE + IoT,"IoT700, LTE700",2025,Telstra,885004,-13.85704,136.812557,,Y,Y,,,,,,,,,,,,,,194.24256670305084,4G/LTE + IoT,"NBIoT700, LTE700, LTE2600",2025,Optus,880003,-12.181375,136.776877,Y,,,Y,,,,,Y,,,,,,,,,,617.3989902054495,4G/LTE,"LTE850, LTE1800, LTE2100",2025,TPG,836004,-12.613261,131.151729,,,Y,Y,Y,,,,,,,,,14.86287097750406,Telstra,428,Alyarrmandumanja Umbakumba School,14.650254287832729,Combined,Government,Very Remote,School Single Entity,0,-13.85975,136.81193,50124,47965.0,7965.0,50124,Alyarrmandumanja Umbakumba School,14.650254287832729,Combined,Government,Very Remote,School Single Entity,0,-13.85975,136.81193,50124,47965.0,7965.0,50124,-0.2126166896713321,-0.2126166896713321,Yes,Yes,No,No,,70600105,Umbakumba and Outstations,706001,Anindilyakwa (Groote),706,Nhulunbuy,7,Northern Territory,1488.7767,Within polygon,Matched,220,225,441,30,55,109,163,69,9,28,128,404,1.5,4.4,45.4,3,34,14,351,56,26,80,247,32.1,23.0,15.6,85,ABS 2021 Census Indigenous Profile,Indigenous Location (ILOC),2021
282,AMATJATPALK,"AMADJI BALK,AMADJIBAL,AMADJIBALK,GOULBURN ISLAND,SOUTH GOULBURN",Family Outstation,WEST ARNHEM,BARRAH,NORTHERN LAND COUNCIL,ARAFURA,TOP END,,Not recorded,-11.59488,133.45508,https://bushtel.nt.gov.au/profile/282,Not listed,Not confirmed,,,,,,,,,,,,,9.679561250002246,4G/LTE + IoT,"IoT700, LTE700, LTE2600",2025,Telstra,822006,-11.64806,133.38472,,Y,Y,,,,Y,,,,,,,,,,107.0966834822413,3G/UMTS + 4G/LTE,"UMTS900, LTE700",2025,Optus,822106,-12.42654,132.95842,,Y,,Y,,,,,,,,,,,,Y,Federal Mobile Black Spot Program (MBSP),5.0,272.2878884315314,4G/LTE,"LTE850, LTE1800, LTE2100",2025,TPG,836002,-12.55419,131.15106,,,Y,Y,Y,,,,,,,,,9.679561250002246,Telstra,506,Warruwi School,9.230162162327629,Combined,Government,Very Remote,School Single Entity,0,-11.64742,133.38947,50129,47966.0,7966.0,50129,Warruwi School,9.230162162327629,Combined,Government,Very Remote,School Single Entity,0,-11.64742,133.38947,50129,47966.0,7966.0,50129,-0.4493990876746192,-0.4493990876746192,Yes,Yes,No,No,,70400401,Cobourg Peninsula - Demed Homelands,704004,North-West Arnhem,704,Jabiru - Tiwi,7,Northern Territory,23675.7318,Within polygon,Matched,145,127,279,27,57,40,102,44,3,27,239,1218,2.4,5.6,70.3,4,34,22,190,45,3,48,138,8.3,24.7,22.7,84,ABS 2021 Census Indigenous Profile,Indigenous Location (ILOC),2021
104,AMENGERNTERNEAH,"HEALTH CENTRE,MINGINTIRNINA,URAPENTYE,URAPUNTJA HEALTH CENTRE,UTOPIA CLINIC",Family Outstation,BARKLY,ALYAWARR,CENTRAL LAND COUNCIL,BARKLY,BARKLY,,Not recorded,-21.89767,134.84166,https://bushtel.nt.gov.au/profile/104,Not listed,Not confirmed,,,,,,,,,,,,,22.09651279752099,4G/LTE + 5G/NR + IoT,"IoT700, LTE700, LTE850, NR850",2025,Telstra,872116,-22.086785,134.7758417,,Y,Y,Y,,,,,Y,,,,,,,,106.47494262421051,3G/UMTS,UMTS900,2025,Optus,872132,-21.53135,133.88937,,Y,,,,,,,,,,,,,,,,,498.9266807263836,4G/LTE,LTE850,2025,TPG,4825002,-20.73424,139.49366,,,Y,,,,,,,,,,,22.09651279752099,Telstra,352,Arlparra School,22.21093214455233,Combined,Government,Very Remote,School Single Entity,0,-22.087628,134.775047,40836,68613.0,28613.0,40836,Arlparra School,22.21093214455233,Combined,Government,Very Remote,School Single Entity,0,-22.087628,134.775047,40836,68613.0,28613.0,40836,0.1144193470313439,0.1144193470313439,No,No,No,No,,70901204,Utopia - Arawerr - Arlparra,709012,Urapuntja,709,Apatula,7,Northern Territory,2624.214,Within polygon,Matched,159,209,372,30,92,60,108,59,22,25,373,1297,2.3,5.1,59.1,12,60,27,249,31,19,47,159,37.0,18.5,11.7,122,ABS 2021 Census Indigenous Profile,Indigenous Location (ILOC),2021
446,AMIRRABA,"8 MILE,EIGHT MILE",Family Outstation,EAST ARNHEM,ANINDILYAKWA,ANINDILYAKWA LAND COUNCIL,ARNHEM,EAST ARNHEM,,Not recorded,-13.90868,136.85787,https://bushtel.nt.gov.au/profile/446,Not listed,Not confirmed,,,,,,,,,,,,,7.543052187265012,4G/LTE + IoT,"IoT700, LTE700",2025,Telstra,885004,-13.85704,136.812557,,Y,Y,,,,,,,,,,,,,,192.2680839396468,4G/LTE + IoT,"NBIoT700, LTE700, LTE2600",2025,Optus,880003,-12.181375,136.776877,Y,,,Y,,,,,Y,,,,,,,,,,634.124257040554,4G/LTE,"LTE850, LTE1800, LTE2100",2025,TPG,836004,-12.613261,131.151729,,,Y,Y,Y,,,,,,,,,7.543052187265012,Telstra,536,Alyarrmandumanja Umbakumba School,7.361672285442379,Combined,Government,Very Remote,School Single Entity,0,-13.85975,136.81193,50124,47965.0,7965.0,50124,Alyarrmandumanja Umbakumba School,7.361672285442379,Combined,Government,Very Remote,School Single Entity,0,-13.85975,136.81193,50124,47965.0,7965.0,50124,-0.1813799018226332,-0.1813799018226332,Yes,Yes,No,No,,70600105,Umbakumba and Outstations,706001,Anindilyakwa (Groote),706,Nhulunbuy,7,Northern Territory,1488.7767,Within polygon,Matched,220,225,441,30,55,109,163,69,9,28,128,404,1.5,4.4,45.4,3,34,14,351,56,26,80,247,32.1,23.0,15.6,85,ABS 2021 Census Indigenous Profile,Indigenous Location (ILOC),2021
11,AMPUTJUTA,UMPUTJUTA,Family Outstation,MACDONNELL,IYARRKA,CENTRAL LAND COUNCIL,GWOJA,CENTRAL AUSTRALIA,,Not recorded,-24.92956,129.12287,https://bushtel.nt.gov.au/profile/11,Not listed,Not confirmed,,,,,,,,,,,,,7.676990820725109,4G/LTE + IoT,"IoT700, LTE700",2025,Telstra,872125,-24.87253,129.079969,,Y,Y,,,,,,,,,,,,,,188.92394949050296,4G/LTE + 5G/NR + IoT,"NBIoT700, LTE700, LTE900, LTE2100, LTE2600, NR700, NR900, NR2100",2025,Optus,872155,-25.191336,130.976089,Y,,,Y,Y,,Y,,Y,Y,Y,Y,,,,,,,990.4930525816528,4G/LTE,"LTE850, LTE1800",2025,TPG,6430002,-30.7382,121.47878,,,Y,Y,,,,,,,,,,7.676990820725109,Telstra,533,Nyangatjatjara College - Kaltukatjara Campus (Docker River) Primary Campus,7.501396539893857,Primary,Independent,Very Remote,School Sub-Campus,0,-24.8729892831282,129.082349495758,40902,77301.0,14570.0,50160,Nyangatjatjara College - Kaltukatjara Campus (Docker River) Secondary Campus,7.150724479784286,Secondary,Independent,Very Remote,School Sub-Campus,0,-24.8812918779094,129.076019609991,53390,89017.0,14570.0,50160,-0.5262663409408228,-0.1755942808312518,Yes,Yes,No,No,,70900802,Kaltukatjara Outstations,709008,Kaltukatjara and Outstations,709,Apatula,7,Northern Territory,87474.9608,Within polygon,Matched,28,34,60,8,7,8,17,16,3,29,295,966,1.7,3.7,40.0,0,5,6,46,14,5,12,35,14.3,29.8,25.5,15,ABS 2021 Census Indigenous Profile,Indigenous Location (ILOC),2021
761,AMUNDURNGUA,No aliases recorded with NTG DIPL,Family Outstation,MACDONNELL,LURITJA PINTUBI,CENTRAL LAND COUNCIL,GWOJA,CENTRAL AUSTRALIA,10.0,Homelands Service Provider Report 2023,-23.27143,131.42343,https://bushtel.nt.gov.au/profile/761,Not listed,Not confirmed,,,,,,,,,,,,,15.035886231396647,4G/LTE + IoT,"IoT700, LTE700",2025,Telstra,872082,-23.25451,131.2774,,Y,Y,,,,,,,,,,,Y,Federal Mobile Black Spot Program (MBSP),1.0,109.29231949743952,3G/UMTS + 4G/LTE,"UMTS900, LTE700",2025,Optus,872146,-24.251,131.5116,,Y,,Y,,,,,,,,,,,,Y,Federal Mobile Black Spot Program (MBSP),2.0,878.3535203452026,4G/LTE,LTE850,2025,TPG,4825002,-20.73424,139.49366,,,Y,,,,,,,,,,,15.035886231396647,Telstra,426,Watiyawanu School,15.22566247025282,Combined,Government,Very Remote,School Single Entity,0,-23.266169,131.274489,50130,47906.0,7906.0,50130,Watiyawanu School,15.22566247025282,Combined,Government,Very Remote,School Single Entity,0,-23.266169,131.274489,50130,47906.0,7906.0,50130,0.1897762388561741,0.1897762388561741,No,No,No,No,,70900602,Mount Liebig and Outstations,709006,Haasts Bluff - Mount Liebig (Watiyawanu),709,Apatula,7,Northern Territory,699.4702,Within polygon,Matched,113,118,234,21,60,35,57,48,5,24,229,1359,2.0,6.2,60.0,4,44,13,152,30,3,32,113,6.3,20.8,19.5,81,ABS 2021 Census Indigenous Profile,Indigenous Location (ILOC),2021
449,ANDANANGKI,"ANDANANGGKI,ANDANANKI,ANDHANANGGI,WALKER RIVER",Family Outstation,ROPER GULF,NUMBULWAR NUMBURINDI,NORTHERN LAND COUNCIL,ARNHEM,BIG RIVERS,10.0,Homelands Service Provider Report 2023,-13.60962,135.76503,https://bushtel.nt.gov.au/profile/449,Not listed,Not confirmed,,,,,,,,,,,,,50.73846202135194,4G/LTE,LTE700,2025,Telstra,885002,-13.78362,136.1992,,,Y,,,,,,,,,,,Y,REGIONAL CO-INVESTMENT: Small Cell Satellite,,193.00163907843748,4G/LTE + IoT,"NBIoT700, LTE700, LTE2600",2025,Optus,880003,-12.181375,136.776877,Y,,,Y,,,,,Y,,,,,,,,,,511.7263009447117,4G/LTE,"LTE850, LTE1800, LTE2100",2025,TPG,836004,-12.613261,131.151729,,,Y,Y,Y,,,,,,,,,50.73846202135194,Telstra,127,Milyakburra School,50.301940807397486,Combined,Government,Very Remote,School Single Entity,0,-13.7818,136.1956,50103,56564.0,16564.0,50103,Milyakburra School,50.301940807397486,Combined,Government,Very Remote,School Single Entity,0,-13.7818,136.1956,50103,56564.0,16564.0,50103,-0.4365212139544567,-0.4365212139544567,Yes,Yes,Yes,Yes,Review,70600601,Numbulwar and Outstations,706006,Numbulwar and Outstations,706,Nhulunbuy,7,Northern Territory,4418.5473,Within polygon,Matched,335,336,675,42,95,131,229,128,43,30,244,1057,1.7,4.8,57.8,19,60,44,534,85,29,107,424,25.7,20.4,15.2,137,ABS 2021 Census Indigenous Profile,Indigenous Location (ILOC),2021
13,ANGAS DOWNS,ANGUS DOWNS,Family Outstation,MACDONNELL,IYARRKA,CENTRAL LAND COUNCIL,GWOJA,CENTRAL AUSTRALIA,2.0,Homelands Service Provider Report 2023,-25.03447,132.27377,https://bushtel.nt.gov.au/profile/13,Not listed,Not confirmed,,,,,,,,,,,,,31.57120881126104,4G/LTE + IoT,"IoT700, LTE700",2025,Telstra,872138,-25.12908,132.569341,,Y,Y,,,,,,,,,,,Y,Federal Mobile Black Spot Program (MBSP),1.0,43.64888225877384,3G/UMTS,UMTS900,2025,Optus,872141,-25.1795,132.6766,,Y,,,,,,,,,,,,,,,,,880.4469023785549,4G/LTE,LTE850,2025,TPG,4825002,-20.73424,139.49366,,,Y,,,,,,,,,,,31.57120881126104,Telstra,256,Nyangatjatjara College - Imanpa Primary Campus,31.90346270871084,Primary,Independent,Very Remote,School Sub-Campus,0,-25.1289463566993,132.572889164417,53361,56553.0,14570.0,50160,Nyangatjatjara College - Imanpa Secondary Campus,31.72423292578178,Secondary,Independent,Very Remote,School Sub-Campus,0,-25.129449,132.570809,40901,77300.0,14570.0,50160,0.1530241145207398,0.3322538974497995,No,No,No,No,,70900802,Kaltukatjara Outstations,709008,Kaltukatjara and Outstations,709,Apatula,7,Northern Territory,87474.9608,Within polygon,Matched,28,34,60,8,7,8,17,16,3,29,295,966,1.7,3.7,40.0,0,5,6,46,14,5,12,35,14.3,29.8,25.5,15,ABS 2021 Census Indigenous Profile,Indigenous Location (ILOC),2021
916,ANGATYEPE,No aliases recorded with NTG DIPL,Family Outstation,MACDONNELL,RODINGA,CENTRAL LAND COUNCIL,NAMATJIRA,CENTRAL AUSTRALIA,21.0,Homelands Service Provider Report 2023,-23.745,133.7275,https://bushtel.nt.gov.au/profile/916,Yes,Confirmed,Primary name,ANGATYEPE,0.0,ANGATYEPE,COMMUNITY,13.0,,,YES,TELSTRA,-23.745,133.7275,8.948758832688048,4G/LTE + IoT,"IoT700, LTE700, LTE2600",2025,Telstra,873001,-23.74989,133.81526,,Y,Y,,,,Y,,,,,,,,,,12.70959208847962,4G/LTE + 5G/NR + IoT,"NBIoT700, LTE700, LTE900, LTE1800, LTE2100, LTE2600, NR700, NR900, NR2100",2025,Optus,870064,-23.69695,133.84078,Y,,,Y,Y,Y,Y,,Y,Y,Y,Y,,,,,,,681.2656303605526,4G/LTE,LTE850,2025,TPG,4825002,-20.73424,139.49366,,,Y,,,,,,,,,,,8.948758832688048,Telstra,517,Living Waters Lutheran School,11.828237131437088,Primary,Independent,Remote,School Single Entity,0,-23.69766,133.83155,50151,46877.0,6877.0,50151,Araluen Christian College,13.365702305694896,Combined,Independent,Remote,School Single Entity,0,-23.70771,133.85232,40343,55336.0,15336.0,40343,4.416943473006848,2.8794782987490386,No,No,No,No,,70900103,South MacDonnell Ranges,709001,Amoonguna - Santa Teresa - Titjikala,709,Apatula,7,Northern Territory,31517.5382,Within polygon,Matched,651,171,821,14,29,137,420,188,34,35,360,645,1.0,2.5,10.9,6,16,14,773,55,7,64,688,12.3,8.4,7.4,43,ABS 2021 Census Indigenous Profile,Indigenous Location (ILOC),2021
917,ANGKERLE ARRENGE (A),No aliases recorded with NTG DIPL,Family Outstation,MACDONNELL,RODINGA,CENTRAL LAND COUNCIL,NAMATJIRA,CENTRAL AUSTRALIA,16.0,Homelands Service Provider Report 2023,-23.74599,133.48008,https://bushtel.nt.gov.au/profile/917,Not listed,Not confirmed,,,,,,,,,,,,,2.875250771685583,4G/LTE + IoT,"IoT700, LTE700",2025,Telstra,872167,-23.7218,133.4701,,Y,Y,,,,,,,,,,,Y,REGIONAL CO-INVESTMENT: Small Cell Satellite,,37.12209073788984,4G/LTE + 5G/NR + IoT,"NBIoT700, LTE700, LTE900, LTE1800, LTE2100, LTE2600, NR700, NR900, NR2100",2025,Optus,870064,-23.69695,133.84078,Y,,,Y,Y,Y,Y,,Y,Y,Y,Y,,,,,,,703.5976036790878,4G/LTE,LTE850,2025,TPG,4825002,-20.73424,139.49366,,,Y,,,,,,,,,,,2.875250771685583,Telstra,596,Living Waters Lutheran School,36.18102265982064,Primary,Independent,Remote,School Single Entity,0,-23.69766,133.83155,50151,46877.0,6877.0,50151,NT Christian College - Araluen Campus,38.12980391601355,Secondary,Independent,Remote,School Sub-Campus,0,-23.7075749450483,133.852292010946,52949,,16981.0,40680,35.254553144327964,33.30577188813505,No,No,No,No,,70900103,South MacDonnell Ranges,709001,Amoonguna - Santa Teresa - Titjikala,709,Apatula,7,Northern Territory,31517.5382,Within polygon,Matched,651,171,821,14,29,137,420,188,34,35,360,645,1.0,2.5,10.9,6,16,14,773,55,7,64,688,12.3,8.4,7.4,43,ABS 2021 Census Indigenous Profile,Indigenous Location (ILOC),2021
918,ANGKERLE ARRENGE (B),No aliases recorded with NTG DIPL,Family Outstation,MACDONNELL,RODINGA,CENTRAL LAND COUNCIL,NAMATJIRA,CENTRAL AUSTRALIA,3.0,Homelands Service Provider Report 2023,-23.73894,133.47969,https://bushtel.nt.gov.au/profile/918,Not listed,Not confirmed,,,,,,,,,,,,,2.141344859321713,4G/LTE + IoT,"IoT700, LTE700",2025,Telstra,872167,-23.7218,133.4701,,Y,Y,,,,,,,,,,,Y,REGIONAL CO-INVESTMENT: Small Cell Satellite,,37.05543148172209,4G/LTE + 5G/NR + IoT,"NBIoT700, LTE700, LTE900, LTE1800, LTE2100, LTE2600, NR700, NR900, NR2100",2025,Optus,870064,-23.69695,133.84078,Y,,,Y,Y,Y,Y,,Y,Y,Y,Y,,,,,,,703.2742839178225,4G/LTE,LTE850,2025,TPG,4825002,-20.73424,139.49366,,,Y,,,,,,,,,,,2.141344859321713,Telstra,611,Living Waters Lutheran School,36.11325585192729,Primary,Independent,Remote,School Single Entity,0,-23.69766,133.83155,50151,46877.0,6877.0,50151,NT Christian College - Araluen Campus,38.09051328199141,Secondary,Independent,Remote,School Sub-Campus,0,-23.7075749450483,133.852292010946,52949,,16981.0,40680,35.9491684226697,33.97191099260558,No,No,No,No,,70900103,South MacDonnell Ranges,709001,Amoonguna - Santa Teresa - Titjikala,709,Apatula,7,Northern Territory,31517.5382,Within polygon,Matched,651,171,821,14,29,137,420,188,34,35,360,645,1.0,2.5,10.9,6,16,14,773,55,7,64,688,12.3,8.4,7.4,43,ABS 2021 Census Indigenous Profile,Indigenous Location (ILOC),2021
12,ANGULA,"ANGKOLA,ANGKULA",Family Outstation,CENTRAL DESERT,ANMATJERE,CENTRAL LAND COUNCIL,BARKLY,CENTRAL AUSTRALIA,6.0,Homelands Service Provider Report 2023,-22.55781,134.21675,https://bushtel.nt.gov.au/profile/12,Not listed,Not confirmed,,,,,,,,,,,,,36.46481694200912,4G/LTE + IoT,"IoT700, LTE700",2025,Telstra,872178,-22.80144,134.45466,,Y,Y,,,,,,,,,,,Y,REGIONAL CO-INVESTMENT: Small Cell Satellite,,45.722200628625615,3G/UMTS,UMTS900,2025,Optus,872147,-22.96838,134.24121,,Y,,,,,,,,,,,,,,Y,Federal Mobile Black Spot Program (MBSP),2.0,581.8065714024996,4G/LTE,LTE850,2025,TPG,4825002,-20.73424,139.49366,,,Y,,,,,,,,,,,36.46481694200912,Telstra,213,Mulga Bore School,11.748005020519024,Combined,Government,Very Remote,School Single Entity,0,-22.452287,134.211096,50475,69816.0,29816.0,50475,Mulga Bore School,11.748005020519024,Combined,Government,Very Remote,School Single Entity,0,-22.452287,134.211096,50475,69816.0,29816.0,50475,-24.7168119214901,-24.7168119214901,Yes,Yes,No,No,,70900301,Anmatjere - Surrounds,709003,Anmatjere,709,Apatula,7,Northern Territory,49609.3293,Within polygon,Matched,59,43,104,14,10,13,33,25,7,31,226,675,1.5,4.1,40.9,4,12,6,78,0,10,15,58,80.0,19.5,3.9,24,ABS 2021 Census Indigenous Profile,Indigenous Location (ILOC),2021
960,ANGWURA,"ANGURRKURRIKBA,ANGUWARRMANJA,CENTRAL LAKE,SALT LAKE",Family Outstation,EAST ARNHEM,ANINDILYAKWA,ANINDILYAKWA LAND COUNCIL,ARNHEM,EAST ARNHEM,8.0,Homelands Service Provider Report 2023,-13.91942,136.72609,https://bushtel.nt.gov.au/profile/960,Not listed,Not confirmed,,,,,,,,,,,,,11.628822755836214,4G/LTE + IoT,"IoT700, LTE700",2025,Telstra,885004,-13.85704,136.812557,,Y,Y,,,,,,,,,,,,,,193.34033202927745,4G/LTE + IoT,"NBIoT700, LTE700, LTE2600",2025,Optus,880003,-12.181375,136.776877,Y,,,Y,,,,,Y,,,,,,,,,,620.5094496658662,4G/LTE,"LTE850, LTE1800, LTE2100",2025,TPG,836004,-12.613261,131.151729,,,Y,Y,Y,,,,,,,,,11.628822755836214,Telstra,474,Alyarrmandumanja Umbakumba School,11.39649508069282,Combined,Government,Very Remote,School Single Entity,0,-13.85975,136.81193,50124,47965.0,7965.0,50124,Alyarrmandumanja Umbakumba School,11.39649508069282,Combined,Government,Very Remote,School Single Entity,0,-13.85975,136.81193,50124,47965.0,7965.0,50124,-0.2323276751433951,-0.2323276751433951,Yes,Yes,No,No,,70600105,Umbakumba and Outstations,706001,Anindilyakwa (Groote),706,Nhulunbuy,7,Northern Territory,1488.7767,Within polygon,Matched,220,225,441,30,55,109,163,69,9,28,128,404,1.5,4.4,45.4,3,34,14,351,56,26,80,247,32.1,23.0,15.6,85,ABS 2021 Census Indigenous Profile,Indigenous Location (ILOC),2021
285,ANKABADBIRRI,"AN-GABARRBIRRIYA,ANGABABIRRAYI",Family Outstation,WEST ARNHEM,MANINGRIDA,NORTHERN LAND COUNCIL,ARAFURA,TOP END,18.0,Homelands Service Provider Report 2023,-12.25695,134.41973,https://bushtel.nt.gov.au/profile/285,Not listed,Not confirmed,,,,,,,,,,,,,30.39648599492063,4G/LTE + 5G/NR + IoT,"IoT700, LTE700, LTE850, LTE1800, LTE2100, LTE2600, NR850, NR2600",2025,Telstra,822008,-12.05532,134.23091,,Y,Y,Y,Y,Y,Y,,Y,,Y,,,Y,REGIONAL CO-INVESTMENT: RCP - TX Upgrade,1.0,159.85128788375687,3G/UMTS + 4G/LTE,"UMTS900, LTE700",2025,Optus,822106,-12.42654,132.95842,,Y,,Y,,,,,,,,,,,,Y,Federal Mobile Black Spot Program (MBSP),5.0,356.506471717853,4G/LTE,"LTE850, LTE1800, LTE2100",2025,TPG,836002,-12.55419,131.15106,,,Y,Y,Y,,,,,,,,,30.39648599492063,Telstra,271,Maningrida College,31.3566076552888,Combined,Government,Very Remote,School Single Entity,0,-12.05041,134.22333,50061,47956.0,7956.0,50061,Maningrida College,31.3566076552888,Combined,Government,Very Remote,School Single Entity,0,-12.05041,134.22333,50061,47956.0,7956.0,50061,0.9601216603681664,0.9601216603681664,No,No,No,No,,70400302,Maningrida Outstations,704003,Maningrida and Outstations,704,Jabiru - Tiwi,7,Northern Territory,9758.0375,Within polygon,Matched,170,195,366,23,65,77,131,58,11,26,207,900,2.1,5.9,72.3,4,34,42,283,10,22,35,226,60.6,11.8,4.6,88,ABS 2021 Census Indigenous Profile,Indigenous Location (ILOC),2021
170,ANKERRAPW,"ANGKARRIPA,ANGKWETENGARENYE,ANKARRIPA,OLD UTOPIA HOMESTEAD,UTOPIA HOMESTEAD",Family Outstation,BARKLY,ALYAWARR,CENTRAL LAND COUNCIL,BARKLY,BARKLY,,Not recorded,-22.23004,134.56306,https://bushtel.nt.gov.au/profile/170,Not listed,Not confirmed,,,,,,,,,,,,,27.09083039967407,4G/LTE + 5G/NR + IoT,"IoT700, LTE700, LTE850, NR850",2025,Telstra,872116,-22.086785,134.7758417,,Y,Y,Y,,,,,Y,,,,,,,,88.49859958988738,3G/UMTS,UMTS900,2025,Optus,872147,-22.96838,134.24121,,Y,,,,,,,,,,,,,,Y,Federal Mobile Black Spot Program (MBSP),2.0,536.5597633937236,4G/LTE,LTE850,2025,TPG,4825002,-20.73424,139.49366,,,Y,,,,,,,,,,,27.09083039967407,Telstra,308,Arlparra School,26.9694769031061,Combined,Government,Very Remote,School Single Entity,0,-22.087628,134.775047,40836,68613.0,28613.0,40836,Arlparra School,26.9694769031061,Combined,Government,Very Remote,School Single Entity,0,-22.087628,134.775047,40836,68613.0,28613.0,40836,-0.1213534965679699,-0.1213534965679699,Yes,Yes,No,No,,70901204,Utopia - Arawerr - Arlparra,709012,Urapuntja,709,Apatula,7,Northern Territory,2624.214,Within polygon,Matched,159,209,372,30,92,60,108,59,22,25,373,1297,2.3,5.1,59.1,12,60,27,249,31,19,47,159,37.0,18.5,11.7,122,ABS 2021 Census Indigenous Profile,Indigenous Location (ILOC),2021
823,ANKWELEYELENGKWE,"AMARELENGKWE,WILD PLUM",Family Outstation,CENTRAL DESERT,ANMATJERE,CENTRAL LAND COUNCIL,BARKLY,CENTRAL AUSTRALIA,6.0,Homelands Service Provider Report 2023,-21.59675,133.75517,https://bushtel.nt.gov.au/profile/823,Not listed,Not confirmed,,,,,,,,,,,,,15.728316905766745,4G/LTE + 5G/NR + IoT,"IoT700, LTE700, LTE850, NR850",2025,Telstra,872120,-21.531213,133.889953,,Y,Y,Y,,,,,Y,,,,,,,,15.667831931044846,3G/UMTS,UMTS900,2025,Optus,872132,-21.53135,133.88937,,Y,,,,,,,,,,,,,,,,,602.686353362454,4G/LTE,LTE850,2025,TPG,4825002,-20.73424,139.49366,,,Y,,,,,,,,,,,15.667831931044846,Optus,416,Stirling School,16.081793989893722,Combined,Government,Very Remote,School Single Entity,0,-21.73983,133.73247,50119,47908.0,7908.0,50119,Stirling School,16.081793989893722,Combined,Government,Very Remote,School Single Entity,0,-21.73983,133.73247,50119,47908.0,7908.0,50119,0.4139620588488757,0.4139620588488757,No,No,No,No,,70900301,Anmatjere - Surrounds,709003,Anmatjere,709,Apatula,7,Northern Territory,49609.3293,Within polygon,Matched,59,43,104,14,10,13,33,25,7,31,226,675,1.5,4.1,40.9,4,12,6,78,0,10,15,58,80.0,19.5,3.9,24,ABS 2021 Census Indigenous Profile,Indigenous Location (ILOC),2021
1021,ANNERRE,No aliases recorded with NTG DIPL,Family Outstation,BARKLY,ALYAWARR,CENTRAL LAND COUNCIL,BARKLY,BARKLY,,Not recorded,-21.26169,134.00116,https://bushtel.nt.gov.au/profile/1021,Not listed,Not confirmed,,,,,,,,,,,,,27.3693562418604,4G/LTE + IoT,"IoT700, LTE700",2025,Telstra,872198,-21.507794,133.996754,,Y,Y,,,,,,,,,,,Y,Federal Mobile Black Spot Program (MBSP),5.0,32.140998286697666,3G/UMTS,UMTS900,2025,Optus,872132,-21.53135,133.88937,,Y,,,,,,,,,,,,,,,,,573.1594058926346,4G/LTE,LTE850,2025,TPG,4825002,-20.73424,139.49366,,,Y,,,,,,,,,,,27.3693562418604,Telstra,304,Neutral Junction School,28.25860361532967,Combined,Government,Very Remote,School Single Entity,0,-21.515756,133.994783,50108,47907.0,7907.0,50108,Neutral Junction School,28.25860361532967,Combined,Government,Very Remote,School Single Entity,0,-21.515756,133.994783,50108,47907.0,7907.0,50108,0.8892473734692672,0.8892473734692672,No,No,No,No,,70700304,Julalikari - Outstations,707003,Barkly,707,Tennant Creek,7,Northern Territory,107784.4629,Within polygon,Matched,67,66,137,15,28,18,41,25,8,27,369,1020,1.4,4.2,31.0,4,26,10,90,13,20,34,41,60.0,39.8,15.9,43,ABS 2021 Census Indigenous Profile,Indigenous Location (ILOC),2021
14,ANNINGIE,YANGINJ,Family Outstation,CENTRAL DESERT,ANMATJERE,CENTRAL LAND COUNCIL,BARKLY,CENTRAL AUSTRALIA,,Not recorded,-21.83473,133.14445,https://bushtel.nt.gov.au/profile/14,Not listed,Not confirmed,,,,,,,,,,,,,49.81466299153322,4G/LTE + IoT,"IoT700, LTE700",2025,Telstra,872001,-22.20222,133.42083,,Y,Y,,,,,,,,,,,,,,43.44701307408061,3G/UMTS + 4G/LTE,"UMTS900, LTE700",2025,Optus,872135,-22.13295,133.4167,,Y,,Y,,,,,,,,,,,,,,,669.070629653206,4G/LTE,LTE850,2025,TPG,4825002,-20.73424,139.49366,,,Y,,,,,,,,,,,43.44701307408061,Optus,169,Ti Tree School,43.22934585706504,Combined,Government,Very Remote,School Single Entity,0,-22.12793,133.41976,50120,47895.0,7895.0,50120,Ti Tree School,43.22934585706504,Combined,Government,Very Remote,School Single Entity,0,-22.12793,133.41976,50120,47895.0,7895.0,50120,-0.217667217015574,-0.217667217015574,Yes,Yes,No,No,,70900301,Anmatjere - Surrounds,709003,Anmatjere,709,Apatula,7,Northern Territory,49609.3293,Within polygon,Matched,59,43,104,14,10,13,33,25,7,31,226,675,1.5,4.1,40.9,4,12,6,78,0,10,15,58,80.0,19.5,3.9,24,ABS 2021 Census Indigenous Profile,Indigenous Location (ILOC),2021
788,ANTERE,"COLSONS WELL,GOYDER SR,JOKERS CAMP",Family Outstation,MACDONNELL,RODINGA,CENTRAL LAND COUNCIL,NAMATJIRA,CENTRAL AUSTRALIA,,Not recorded,-25.66309,134.40934,https://bushtel.nt.gov.au/profile/788,Not listed,Not confirmed,,,,,,,,,,,,,18.58875139672429,4G/LTE + IoT,"IoT700, LTE700",2025,Telstra,872016,-25.58511,134.57334,,Y,Y,,,,,,,,,,,Y,Federal Mobile Black Spot Program (MBSP),1.0,107.24113075540971,3G/UMTS + 4G/LTE,"UMTS900, LTE700",2025,Optus,872186,-24.862581,133.81455,,Y,,Y,,,,,,,,,,,,Y,Federal Mobile Black Spot Program (MBSP),4.0,755.0585559942449,4G/LTE,LTE850,2025,TPG,4825002,-20.73424,139.49366,,,Y,,,,,,,,,,,18.58875139672429,Telstra,381,Finke School,19.201507756434125,Combined,Government,Very Remote,School Single Entity,0,-25.5821,134.578486,50090,47909.0,7909.0,50090,Finke School,19.201507756434125,Combined,Government,Very Remote,School Single Entity,0,-25.5821,134.578486,50090,47909.0,7909.0,50090,0.6127563597098309,0.6127563597098309,No,No,No,No,,70900403,Apatula (Finke) Homelands - West,709004,Apatula (Finke) and Homelands,709,Apatula,7,Northern Territory,37488.9696,Within polygon,Matched,0,0,0,0,0,0,0,0,0,0,0,0,0.0,0.0,0.0,0,0,0,0,0,0,0,0,0.0,0.0,0.0,0,ABS 2021 Census Indigenous Profile,Indigenous Location (ILOC),2021
335,ARARLAGU,"ILLIARU,NORTH GOULBURN,NORTH GOULBURN ISLAND,WEIRA",Family Outstation,WEST ARNHEM,BARRAH,NORTHERN LAND COUNCIL,ARAFURA,TOP END,,Not recorded,-11.52722,133.39848,https://bushtel.nt.gov.au/profile/335,Not listed,Not confirmed,,,,,,,,,,,,,13.520152989788958,4G/LTE + IoT,"IoT700, LTE700, LTE2600",2025,Telstra,822006,-11.64806,133.38472,,Y,Y,,,,Y,,,,,,,,,,110.86576543631142,3G/UMTS + 4G/LTE,"UMTS900, LTE700",2025,Optus,822106,-12.42654,132.95842,,Y,,Y,,,,,,,,,,,,Y,Federal Mobile Black Spot Program (MBSP),5.0,269.7619175683726,4G/LTE,"LTE850, LTE1800, LTE2100",2025,TPG,836002,-12.55419,131.15106,,,Y,Y,Y,,,,,,,,,13.520152989788958,Telstra,445,Warruwi School,13.401634455389251,Combined,Government,Very Remote,School Single Entity,0,-11.64742,133.38947,50129,47966.0,7966.0,50129,Warruwi School,13.401634455389251,Combined,Government,Very Remote,School Single Entity,0,-11.64742,133.38947,50129,47966.0,7966.0,50129,-0.1185185343997066,-0.1185185343997066,Yes,Yes,No,No,,70400401,Cobourg Peninsula - Demed Homelands,704004,North-West Arnhem,704,Jabiru - Tiwi,7,Northern Territory,23675.7318,Within polygon,Matched,145,127,279,27,57,40,102,44,3,27,239,1218,2.4,5.6,70.3,4,34,22,190,45,3,48,138,8.3,24.7,22.7,84,ABS 2021 Census Indigenous Profile,Indigenous Location (ILOC),2021
288,ARARU POINT,ARARU,Family Outstation,WEST ARNHEM,BARRAH,NORTHERN LAND COUNCIL,ARAFURA,TOP END,7.0,Homelands Service Provider Report 2023,-11.19364,131.87783,https://bushtel.nt.gov.au/profile/288,Not listed,Not confirmed,,,,,,,,,,,,,76.11198805934637,4G/LTE + IoT,"IoT700, LTE700, LTE850",2025,Telstra,822032,-11.1479,132.57398,,Y,Y,Y,,,,,,,,,,Y,Federal Mobile Black Spot Program (MBSP),1.0,144.13119679400265,3G/UMTS + 4G/LTE,"UMTS900, LTE700",2025,Optus,822107,-12.481606,131.728776,,Y,,Y,,,,,,,,,,,,Y,Federal Mobile Black Spot Program (MBSP),4.0,167.9288360085974,4G/LTE + 5G/NR,"LTE850, LTE1800, LTE2100, NR700",2025,TPG,835001,-12.48268,131.07386,,,Y,Y,Y,Y,,,,,,,,76.11198805934637,Telstra,48,Mamaruni School,76.5174073397203,Combined,Government,Very Remote,School Single Entity,0,-11.14856,132.57775,50098,47955.0,7955.0,50098,Mamaruni School,76.5174073397203,Combined,Government,Very Remote,School Single Entity,0,-11.14856,132.57775,50098,47955.0,7955.0,50098,0.4054192803739198,0.4054192803739198,No,No,Yes,Yes,Review,70400401,Cobourg Peninsula - Demed Homelands,704004,North-West Arnhem,704,Jabiru - Tiwi,7,Northern Territory,23675.7318,Within polygon,Matched,145,127,279,27,57,40,102,44,3,27,239,1218,2.4,5.6,70.3,4,34,22,190,45,3,48,138,8.3,24.7,22.7,84,ABS 2021 Census Indigenous Profile,Indigenous Location (ILOC),2021
1023,ARKANTA,"AKANTA,NO 5 BORE",Family Outstation,MACDONNELL,LJIRAPINTA,CENTRAL LAND COUNCIL,GWOJA,CENTRAL AUSTRALIA,12.0,Homelands Service Provider Report 2023,-24.52148,132.81995,https://bushtel.nt.gov.au/profile/1023,Not listed,Not confirmed,,,,,,,,,,,,,51.8117979087364,4G/LTE + 5G/NR + IoT,"IoT700, LTE700, LTE850, NR850",2025,Telstra,872102,-24.12447,133.087629,,Y,Y,Y,,,,,Y,,,,,Y,Federal Mobile Black Spot Program (MBSP),1.0,52.36395119943383,3G/UMTS + 4G/LTE,"UMTS900, LTE700",2025,Optus,872189,-24.056241,132.739943,,Y,,Y,,,,,,,,,,,,Y,Federal Mobile Black Spot Program (MBSP),4.0,803.8510109536918,4G/LTE,LTE850,2025,TPG,4825002,-20.73424,139.49366,,,Y,,,,,,,,,,,51.8117979087364,Telstra,120,Wallace Rockhole School,51.7965626997625,Combined,Government,Very Remote,School Single Entity,0,-24.1233,133.085237,50127,56576.0,16576.0,50127,Wallace Rockhole School,51.7965626997625,Combined,Government,Very Remote,School Single Entity,0,-24.1233,133.085237,50127,56576.0,16576.0,50127,-0.0152352089738982,-0.0152352089738982,Yes,Yes,Yes,Yes,Review,70900802,Kaltukatjara Outstations,709008,Kaltukatjara and Outstations,709,Apatula,7,Northern Territory,87474.9608,Within polygon,Matched,28,34,60,8,7,8,17,16,3,29,295,966,1.7,3.7,40.0,0,5,6,46,14,5,12,35,14.3,29.8,25.5,15,ABS 2021 Census Indigenous Profile,Indigenous Location (ILOC),2021
168,ARLPARRA,"AHALPERE,ANGARAPA,NEW SHOP,URAPUNTJA STORE,UTOPIA NEW STORE",Family Outstation,BARKLY,ALYAWARR,CENTRAL LAND COUNCIL,BARKLY,BARKLY,110.0,Homelands Service Provider Report 2023,-22.08779,134.77476,https://bushtel.nt.gov.au/profile/168,Yes,Confirmed,Primary name,ARLPARRA,1.0963523022766708e-11,ARLPARRA,COMMUNITY,59.0,YES,,,TELSTRA,-22.0877899999999,134.77476,0.1578289880281359,4G/LTE + 5G/NR + IoT,"IoT700, LTE700, LTE850, NR850",2025,Telstra,872116,-22.086785,134.7758417,,Y,Y,Y,,,,,Y,,,,,,,,110.37633471619912,3G/UMTS,UMTS900,2025,Optus,872132,-21.53135,133.88937,,Y,,,,,,,,,,,,,,,,,511.13204671599016,4G/LTE,LTE850,2025,TPG,4825002,-20.73424,139.49366,,,Y,,,,,,,,,,,0.1578289880281359,Telstra,623,Arlparra School,0.0346255161033443,Combined,Government,Very Remote,School Single Entity,0,-22.087628,134.775047,40836,68613.0,28613.0,40836,Arlparra School,0.0346255161033443,Combined,Government,Very Remote,School Single Entity,0,-22.087628,134.775047,40836,68613.0,28613.0,40836,-0.1232034719247915,-0.1232034719247915,Yes,Yes,No,No,,70901204,Utopia - Arawerr - Arlparra,709012,Urapuntja,709,Apatula,7,Northern Territory,2624.214,Within polygon,Matched,159,209,372,30,92,60,108,59,22,25,373,1297,2.3,5.1,59.1,12,60,27,249,31,19,47,159,37.0,18.5,11.7,122,ABS 2021 Census Indigenous Profile,Indigenous Location (ILOC),2021
968,ARMORRAN,No aliases recorded with NTG DIPL,Family Outstation,WEST ARNHEM,BARRAH,NORTHERN LAND COUNCIL,ARAFURA,TOP END,8.0,Homelands Service Provider Report 2023,-11.75575,133.38142,https://bushtel.nt.gov.au/profile/968,Yes,Confirmed,Primary name,ARMORRAN,0.0,ARMORRAN,COMMUNITY,8.0,,,YES,TELSTRA,-11.75575,133.38142,11.97998792359506,4G/LTE + IoT,"IoT700, LTE700, LTE2600",2025,Telstra,822006,-11.64806,133.38472,,Y,Y,,,,Y,,,,,,,,,,87.62815542955704,3G/UMTS + 4G/LTE,"UMTS900, LTE700",2025,Optus,822106,-12.42654,132.95842,,Y,,Y,,,,,,,,,,,,Y,Federal Mobile Black Spot Program (MBSP),5.0,258.18716676339284,4G/LTE,"LTE850, LTE1800, LTE2100",2025,TPG,836002,-12.55419,131.15106,,,Y,Y,Y,,,,,,,,,11.97998792359506,Telstra,471,Warruwi School,12.07761108641702,Combined,Government,Very Remote,School Single Entity,0,-11.64742,133.38947,50129,47966.0,7966.0,50129,Warruwi School,12.07761108641702,Combined,Government,Very Remote,School Single Entity,0,-11.64742,133.38947,50129,47966.0,7966.0,50129,0.0976231628219608,0.0976231628219608,No,No,No,No,,70400401,Cobourg Peninsula - Demed Homelands,704004,North-West Arnhem,704,Jabiru - Tiwi,7,Northern Territory,23675.7318,Within polygon,Matched,145,127,279,27,57,40,102,44,3,27,239,1218,2.4,5.6,70.3,4,34,22,190,45,3,48,138,8.3,24.7,22.7,84,ABS 2021 Census Indigenous Profile,Indigenous Location (ILOC),2021
79,ARMSTRONGS,"ARMSTRONG'S CAMP,KUNOTH,KUNOTHS,KUNOTHS' CAMP",Family Outstation,MACDONNELL,LJIRAPINTA,CENTRAL LAND COUNCIL,GWOJA,CENTRAL AUSTRALIA,5.0,Homelands Service Provider Report 2023,-23.87918,132.68001,https://bushtel.nt.gov.au/profile/79,Not listed,Not confirmed,,,,,,,,,,,,,12.07561237349407,4G/LTE + IoT,"IoT700, LTE700, LTE2600",2025,Telstra,872034,-23.94213,132.77681,,Y,Y,,,,Y,,,,,,,,,,20.60856942709924,3G/UMTS + 4G/LTE,"UMTS900, LTE700",2025,Optus,872189,-24.056241,132.739943,,Y,,Y,,,,,,,,,,,,Y,Federal Mobile Black Spot Program (MBSP),4.0,783.1652382869764,4G/LTE,LTE850,2025,TPG,4825002,-20.73424,139.49366,,,Y,,,,,,,,,,,12.07561237349407,Telstra,470,Ntaria School,12.044640449489982,Combined,Government,Very Remote,School Single Entity,0,-23.94262,132.776051,50111,56572.0,16572.0,50111,Ntaria School,12.044640449489982,Combined,Government,Very Remote,School Single Entity,0,-23.94262,132.776051,50111,56572.0,16572.0,50111,-0.0309719240040884,-0.0309719240040884,Yes,Yes,No,No,,70901403,Tjuwanpa Outstations,709014,West MacDonnell Ranges,709,Apatula,7,Northern Territory,15970.5215,Within polygon,Matched,90,98,188,21,38,31,60,36,8,27,352,1166,1.5,4.3,51.2,0,21,12,134,28,19,47,85,43.5,34.6,19.5,59,ABS 2021 Census Indigenous Profile,Indigenous Location (ILOC),2021
735,ARRAWAJIN,"ARRAJAWIN,ARRANJIN,WHISTLE DUCK",Family Outstation,BARKLY,ALYAWARR,CENTRAL LAND COUNCIL,BARKLY,BARKLY,,Not recorded,-20.51825,134.97551,https://bushtel.nt.gov.au/profile/735,Not listed,Not confirmed,,,,,,,,,,,,,30.86984051768283,4G/LTE + IoT,"IoT700, LTE700",2025,Telstra,872166,-20.4463912,135.2617646,,Y,Y,,,,,,,,,,,Y,REGIONAL CO-INVESTMENT: NT RTCP - Greenfield Macro,2.0,73.64433101899351,3G/UMTS + 4G/LTE,"UMTS900, LTE700",2025,Optus,872187,-20.5558,134.2694,,Y,,Y,,,,,,,,,,,,Y,Federal Mobile Black Spot Program (MBSP),4.0,470.78908030556113,4G/LTE,LTE850,2025,TPG,4825002,-20.73424,139.49366,,,Y,,,,,,,,,,,30.86984051768283,Telstra,265,Epenarra School,29.21230680998565,Combined,Government,Very Remote,School Single Entity,0,-20.46311,135.24972,50089,56549.0,16549.0,50089,Epenarra School,29.21230680998565,Combined,Government,Very Remote,School Single Entity,0,-20.46311,135.24972,50089,56549.0,16549.0,50089,-1.65753370769718,-1.65753370769718,Yes,Yes,No,No,,70700304,Julalikari - Outstations,707003,Barkly,707,Tennant Creek,7,Northern Territory,107784.4629,Within polygon,Matched,67,66,137,15,28,18,41,25,8,27,369,1020,1.4,4.2,31.0,4,26,10,90,13,20,34,41,60.0,39.8,15.9,43,ABS 2021 Census Indigenous Profile,Indigenous Location (ILOC),2021
893,ARRGAMURRMUR,KEITH WILLIAMS,Family Outstation,WEST ARNHEM,BARRAH,NORTHERN LAND COUNCIL,ARAFURA,TOP END,,Not recorded,-11.17399,132.61015,https://bushtel.nt.gov.au/profile/893,Not listed,Not confirmed,,,,,,,,,,,,,4.897558495686564,4G/LTE + IoT,"IoT700, LTE700, LTE850",2025,Telstra,822032,-11.1479,132.57398,,Y,Y,Y,,,,,,,,,,Y,Federal Mobile Black Spot Program (MBSP),1.0,144.34371043848327,3G/UMTS + 4G/LTE,"UMTS900, LTE700",2025,Optus,822106,-12.42654,132.95842,,Y,,Y,,,,,,,,,,,,Y,Federal Mobile Black Spot Program (MBSP),5.0,220.82217540975543,4G/LTE,"LTE850, LTE1800, LTE2100",2025,TPG,836002,-12.55419,131.15106,,,Y,Y,Y,,,,,,,,,4.897558495686564,Telstra,572,Mamaruni School,4.526487354060471,Combined,Government,Very Remote,School Single Entity,0,-11.14856,132.57775,50098,47955.0,7955.0,50098,Mamaruni School,4.526487354060471,Combined,Government,Very Remote,School Single Entity,0,-11.14856,132.57775,50098,47955.0,7955.0,50098,-0.3710711416260928,-0.3710711416260928,Yes,Yes,No,No,,70400401,Cobourg Peninsula - Demed Homelands,704004,North-West Arnhem,704,Jabiru - Tiwi,7,Northern Territory,23675.7318,Within polygon,Matched,145,127,279,27,57,40,102,44,3,27,239,1218,2.4,5.6,70.3,4,34,22,190,45,3,48,138,8.3,24.7,22.7,84,ABS 2021 Census Indigenous Profile,Indigenous Location (ILOC),2021
919,ARRILLHJERE,ARRLIHJERE,Family Outstation,MACDONNELL,RODINGA,CENTRAL LAND COUNCIL,NAMATJIRA,CENTRAL AUSTRALIA,2.0,Homelands Service Provider Report 2023,-23.77981,133.62608,https://bushtel.nt.gov.au/profile/919,Yes,Confirmed,Primary name,ARRILLHJERE,0.0,ARRILLHJERE,COMMUNITY,5.0,,,YES,TELSTRA,-23.77981,133.62608,17.135684068084707,4G/LTE + IoT,"IoT700, LTE700",2025,Telstra,872167,-23.7218,133.4701,,Y,Y,,,,,,,,,,,Y,REGIONAL CO-INVESTMENT: Small Cell Satellite,,23.716565962385275,4G/LTE + 5G/NR + IoT,"NBIoT700, LTE700, LTE900, LTE1800, LTE2100, LTE2600, NR700, NR900, NR2100",2025,Optus,870064,-23.69695,133.84078,Y,,,Y,Y,Y,Y,,Y,Y,Y,Y,,,,,,,692.1902100393299,4G/LTE,LTE850,2025,TPG,4825002,-20.73424,139.49366,,,Y,,,,,,,,,,,17.135684068084707,Telstra,398,Living Waters Lutheran School,22.82201289184674,Primary,Independent,Remote,School Single Entity,0,-23.69766,133.83155,50151,46877.0,6877.0,50151,Araluen Christian College,24.38309504557032,Combined,Independent,Remote,School Single Entity,0,-23.70771,133.85232,40343,55336.0,15336.0,40343,7.247410977485615,5.686328823762032,No,No,No,No,,70900103,South MacDonnell Ranges,709001,Amoonguna - Santa Teresa - Titjikala,709,Apatula,7,Northern Territory,31517.5382,Within polygon,Matched,651,171,821,14,29,137,420,188,34,35,360,645,1.0,2.5,10.9,6,16,14,773,55,7,64,688,12.3,8.4,7.4,43,ABS 2021 Census Indigenous Profile,Indigenous Location (ILOC),2021
21,ARRKAPA,"ARKANAPUTA,ARRKARNKAPUTA",Family Outstation,MACDONNELL,LJIRAPINTA,CENTRAL LAND COUNCIL,GWOJA,CENTRAL AUSTRALIA,2.0,Homelands Service Provider Report 2023,-23.98248,132.82937,https://bushtel.nt.gov.au/profile/21,Not listed,Not confirmed,,,,,,,,,,,,,6.975223654140837,4G/LTE + IoT,"IoT700, LTE700, LTE2600",2025,Telstra,872034,-23.94213,132.77681,,Y,Y,,,,Y,,,,,,,,,,12.23795217253442,3G/UMTS + 4G/LTE,"UMTS900, LTE700",2025,Optus,872189,-24.056241,132.739943,,Y,,Y,,,,,,,,,,,,Y,Federal Mobile Black Spot Program (MBSP),4.0,774.5088189191246,4G/LTE,LTE850,2025,TPG,4825002,-20.73424,139.49366,,,Y,,,,,,,,,,,6.975223654140837,Telstra,541,Ntaria School,6.999814976407742,Combined,Government,Very Remote,School Single Entity,0,-23.94262,132.776051,50111,56572.0,16572.0,50111,Ntaria School,6.999814976407742,Combined,Government,Very Remote,School Single Entity,0,-23.94262,132.776051,50111,56572.0,16572.0,50111,0.0245913222669047,0.0245913222669047,No,No,No,No,,70901403,Tjuwanpa Outstations,709014,West MacDonnell Ranges,709,Apatula,7,Northern Territory,15970.5215,Within polygon,Matched,90,98,188,21,38,31,60,36,8,27,352,1166,1.5,4.3,51.2,0,21,12,134,28,19,47,85,43.5,34.6,19.5,59,ABS 2021 Census Indigenous Profile,Indigenous Location (ILOC),2021
910,ARRUNGKEE,"ARRUNGE,FERDIES BORE,GARDEN BORE",Family Outstation,CENTRAL DESERT,ANMATJERE,CENTRAL LAND COUNCIL,GWOJA,CENTRAL AUSTRALIA,10.0,Homelands Service Provider Report 2023,-22.49935,132.28147,https://bushtel.nt.gov.au/profile/910,Not listed,Not confirmed,,,,,,,,,,,,,27.926695892060668,4G/LTE + IoT,"IoT700, LTE700",2025,Telstra,872177,-22.25834811,132.205041,,Y,Y,,,,,,,,,,,Y,REGIONAL CO-INVESTMENT: NT RTCP - Greenfield Macro,2.0,110.4513066964823,3G/UMTS,UMTS900,2025,Optus,870011,-22.64468,133.34561,,Y,,,,,,,,,,,,,,,,,770.8523595919926,4G/LTE,LTE850,2025,TPG,4825002,-20.73424,139.49366,,,Y,,,,,,,,,,,27.926695892060668,Telstra,298,Mount Allan School,28.02699588205408,Combined,Government,Very Remote,School Single Entity,0,-22.2566,132.2081,50105,56567.0,16567.0,50105,Mount Allan School,28.02699588205408,Combined,Government,Very Remote,School Single Entity,0,-22.2566,132.2081,50105,56567.0,16567.0,50105,0.1002999899934131,0.1002999899934131,No,No,No,No,,70900301,Anmatjere - Surrounds,709003,Anmatjere,709,Apatula,7,Northern Territory,49609.3293,Within polygon,Matched,59,43,104,14,10,13,33,25,7,31,226,675,1.5,4.1,40.9,4,12,6,78,0,10,15,58,80.0,19.5,3.9,24,ABS 2021 Census Indigenous Profile,Indigenous Location (ILOC),2021
22,ARTEKERR,"ARTEKKERRE,ATIKIRRA,THREE BORES",Family Outstation,BARKLY,ALYAWARR,CENTRAL LAND COUNCIL,BARKLY,BARKLY,26.0,Homelands Service Provider Report 2023,-22.29022,134.54312,https://bushtel.nt.gov.au/profile/22,Not listed,Not confirmed,,,,,,,,,,,,,32.95217310133513,4G/LTE + 5G/NR + IoT,"IoT700, LTE700, LTE850, NR850",2025,Telstra,872116,-22.086785,134.7758417,,Y,Y,Y,,,,,Y,,,,,,,,81.52615907799748,3G/UMTS,UMTS900,2025,Optus,872147,-22.96838,134.24121,,Y,,,,,,,,,,,,,,Y,Federal Mobile Black Spot Program (MBSP),2.0,540.5235411092586,4G/LTE,LTE850,2025,TPG,4825002,-20.73424,139.49366,,,Y,,,,,,,,,,,32.95217310133513,Telstra,245,Arlparra School,32.828277101834914,Combined,Government,Very Remote,School Single Entity,0,-22.087628,134.775047,40836,68613.0,28613.0,40836,Arlparra School,32.828277101834914,Combined,Government,Very Remote,School Single Entity,0,-22.087628,134.775047,40836,68613.0,28613.0,40836,-0.1238959995002133,-0.1238959995002133,Yes,Yes,No,No,,70901204,Utopia - Arawerr - Arlparra,709012,Urapuntja,709,Apatula,7,Northern Territory,2624.214,Within polygon,Matched,159,209,372,30,92,60,108,59,22,25,373,1297,2.3,5.1,59.1,12,60,27,249,31,19,47,159,37.0,18.5,11.7,122,ABS 2021 Census Indigenous Profile,Indigenous Location (ILOC),2021
712,ARTEKERRE,"ARTERRE,HARRY CREEK,MCGRATH FLAT",Family Outstation,MACDONNELL,RODINGA,CENTRAL LAND COUNCIL,NAMATJIRA,CENTRAL AUSTRALIA,51.0,Homelands Service Provider Report 2023,-23.25739,133.7666,https://bushtel.nt.gov.au/profile/712,Not listed,Not confirmed,,,,,,,,,,,,,30.90452962617693,4G/LTE + IoT,"IoT700, LTE700",2025,Telstra,870010,-23.52395,133.68087,,Y,Y,,,,,,,,,,,,,,46.86825349689926,4G/LTE + IoT,"NBIoT700, LTE700, LTE2600",2025,Optus,870052,-23.66924,133.864338,Y,,,Y,,,,,Y,,,,,,,,,,653.6375887361332,4G/LTE,LTE850,2025,TPG,4825002,-20.73424,139.49366,,,Y,,,,,,,,,,,30.90452962617693,Telstra,263,Braitling Primary School,47.82696876866551,Primary,Government,Remote,School Single Entity,0,-23.677393,133.867691,50016,47884.0,7884.0,50016,St Philip's College,49.589883744949006,Secondary,Independent,Remote,School Single Entity,0,-23.690364169117,133.883128746033,50155,53284.0,13284.0,50155,18.685354118772075,16.922439142488578,No,No,No,No,,70901402,Ingkerreke Outstations,709014,West MacDonnell Ranges,709,Apatula,7,Northern Territory,9777.1413,Within polygon,Matched,106,82,189,20,24,23,62,45,11,32,341,762,1.2,2.9,16.1,6,15,3,141,14,4,14,92,23.5,12.3,9.4,44,ABS 2021 Census Indigenous Profile,Indigenous Location (ILOC),2021
729,ATHELEY,"ATHILIYA,SILLYA",Family Outstation,BARKLY,ALYAWARR,CENTRAL LAND COUNCIL,BARKLY,BARKLY,88.0,Homelands Service Provider Report 2023,-21.91757,134.86766,https://bushtel.nt.gov.au/profile/729,Not listed,Not confirmed,,,,,,,,,,,,,21.06288980338199,4G/LTE + 5G/NR + IoT,"IoT700, LTE700, LTE850, NR850",2025,Telstra,872116,-22.086785,134.7758417,,Y,Y,Y,,,,,Y,,,,,,,,109.80129673875358,3G/UMTS,UMTS900,2025,Optus,872132,-21.53135,133.88937,,Y,,,,,,,,,,,,,,,,,496.8759577300194,4G/LTE,LTE850,2025,TPG,4825002,-20.73424,139.49366,,,Y,,,,,,,,,,,21.06288980338199,Telstra,359,Arlparra School,21.18345886523798,Combined,Government,Very Remote,School Single Entity,0,-22.087628,134.775047,40836,68613.0,28613.0,40836,Arlparra School,21.18345886523798,Combined,Government,Very Remote,School Single Entity,0,-22.087628,134.775047,40836,68613.0,28613.0,40836,0.120569061855992,0.120569061855992,No,No,No,No,,70901204,Utopia - Arawerr - Arlparra,709012,Urapuntja,709,Apatula,7,Northern Territory,2624.214,Within polygon,Matched,159,209,372,30,92,60,108,59,22,25,373,1297,2.3,5.1,59.1,12,60,27,249,31,19,47,159,37.0,18.5,11.7,122,ABS 2021 Census Indigenous Profile,Indigenous Location (ILOC),2021
1015,ATJI CREEK,No aliases recorded with NTG DIPL,Family Outstation,MACDONNELL,LURITJA PINTUBI,CENTRAL LAND COUNCIL,GWOJA,CENTRAL AUSTRALIA,10.0,Homelands Service Provider Report 2023,-23.39945,131.98389,https://bushtel.nt.gov.au/profile/1015,Not listed,Not confirmed,,,,,,,,,,,,,24.00491776774831,4G/LTE + IoT,"IoT700, LTE700",2025,Telstra,872058,-23.19087,131.92328,,Y,Y,,,,,,,,,,,,,,57.883254500104165,3G/UMTS + 4G/LTE,"UMTS900, LTE700",2025,Optus,872191,-23.5863,132.51367,,Y,,Y,,,,,,,,,,,,Y,Federal Mobile Black Spot Program (MBSP),5.0,828.5133070367115,4G/LTE,LTE850,2025,TPG,4825002,-20.73424,139.49366,,,Y,,,,,,,,,,,24.00491776774831,Telstra,335,Haasts Bluff School,11.86925079760648,Combined,Government,Very Remote,School Single Entity,0,-23.44753,131.88003,50092,47887.0,7887.0,50092,Haasts Bluff School,11.86925079760648,Combined,Government,Very Remote,School Single Entity,0,-23.44753,131.88003,50092,47887.0,7887.0,50092,-12.13566697014183,-12.13566697014183,Yes,Yes,No,No,,70900601,Haasts Bluff and Outstations,709006,Haasts Bluff - Mount Liebig (Watiyawanu),709,Apatula,7,Northern Territory,2854.43,Within polygon,Matched,53,62,118,11,19,26,37,18,5,25,228,1375,2.3,5.1,55.0,6,13,5,83,18,4,21,62,13.0,27.7,24.1,30,ABS 2021 Census Indigenous Profile,Indigenous Location (ILOC),2021
146,ATNARARA,"AHALPERARENYE,ATNARARRA,SOAKAGE BORE",Family Outstation,BARKLY,ALYAWARR,CENTRAL LAND COUNCIL,BARKLY,BARKLY,47.0,Homelands Service Provider Report 2023,-22.02622,134.78721,https://bushtel.nt.gov.au/profile/146,Yes,Confirmed,Primary name,ATNARARA,0.0,ATNARARA,COMMUNITY,53.0,,,YES,TELSTRA,-22.02622,134.78721,6.835678840021847,4G/LTE + 5G/NR + IoT,"IoT700, LTE700, LTE850, NR850",2025,Telstra,872116,-22.086785,134.7758417,,Y,Y,Y,,,,,Y,,,,,,,,107.80966943548502,3G/UMTS,UMTS900,2025,Optus,872132,-21.53135,133.88937,,Y,,,,,,,,,,,,,,,,,508.0218287120065,4G/LTE,LTE850,2025,TPG,4825002,-20.73424,139.49366,,,Y,,,,,,,,,,,6.835678840021847,Telstra,544,Arlparra School,6.942366301956588,Combined,Government,Very Remote,School Single Entity,0,-22.087628,134.775047,40836,68613.0,28613.0,40836,Arlparra School,6.942366301956588,Combined,Government,Very Remote,School Single Entity,0,-22.087628,134.775047,40836,68613.0,28613.0,40836,0.1066874619347411,0.1066874619347411,No,No,No,No,,70901204,Utopia - Arawerr - Arlparra,709012,Urapuntja,709,Apatula,7,Northern Territory,2624.214,Within polygon,Matched,159,209,372,30,92,60,108,59,22,25,373,1297,2.3,5.1,59.1,12,60,27,249,31,19,47,159,37.0,18.5,11.7,122,ABS 2021 Census Indigenous Profile,Indigenous Location (ILOC),2021
24995,ATNARPA,No aliases recorded with NTG DIPL,Family Outstation,MACDONNELL,RODINGA,CENTRAL LAND COUNCIL,NAMATJIRA,CENTRAL AUSTRALIA,8.0,Homelands Service Provider Report 2023,-23.52358,134.78911,https://bushtel.nt.gov.au/profile/24995,Not listed,Not confirmed,,,,,,,,,,,,,62.865060093726605,4G/LTE + IoT,"IoT700, LTE700",2025,Telstra,872152,-22.97496,134.93773,,Y,Y,,,,,,,,,,,Y,REGIONAL CO-INVESTMENT: NT ISCA,1.0,12.831445060929427,3G/UMTS + 4G/LTE,"UMTS900, LTE700",2025,Optus,872188,-23.45604,134.68709,,Y,,Y,,,,,,,,,,,,Y,Federal Mobile Black Spot Program (MBSP),4.0,575.2721438364446,4G/LTE,LTE850,2025,TPG,4825002,-20.73424,139.49366,,,Y,,,,,,,,,,,12.831445060929427,Optus,457,Harts Range School,61.729991758594565,Combined,Government,Very Remote,School Single Entity,0,-22.9844,134.933,50093,56551.0,16551.0,50093,Harts Range School,61.729991758594565,Combined,Government,Very Remote,School Single Entity,0,-22.9844,134.933,50093,56551.0,16551.0,50093,48.89854669766514,48.89854669766514,No,No,Yes,No,,70900103,South MacDonnell Ranges,709001,Amoonguna - Santa Teresa - Titjikala,709,Apatula,7,Northern Territory,31517.5382,Within polygon,Matched,651,171,821,14,29,137,420,188,34,35,360,645,1.0,2.5,10.9,6,16,14,773,55,7,64,688,12.3,8.4,7.4,43,ABS 2021 Census Indigenous Profile,Indigenous Location (ILOC),2021
27,ATNELTYEY,"ALLALGARA ANNANGARA,ANILTJIY,ATNELTYEYE,BOUNDARY BORE",Family Outstation,BARKLY,ALYAWARR,CENTRAL LAND COUNCIL,BARKLY,BARKLY,51.0,Homelands Service Provider Report 2023,-22.03683,134.61166,https://bushtel.nt.gov.au/profile/27,Not listed,Not confirmed,,,,,,,,,,,,,17.80796062583808,4G/LTE + 5G/NR + IoT,"IoT700, LTE700, LTE850, NR850",2025,Telstra,872116,-22.086785,134.7758417,,Y,Y,Y,,,,,Y,,,,,,,,93.38781224054466,3G/UMTS,UMTS900,2025,Optus,872132,-21.53135,133.88937,,Y,,,,,,,,,,,,,,,,,525.7852948069016,4G/LTE,LTE850,2025,TPG,4825002,-20.73424,139.49366,,,Y,,,,,,,,,,,17.80796062583808,Telstra,388,Arlparra School,17.75971151129604,Combined,Government,Very Remote,School Single Entity,0,-22.087628,134.775047,40836,68613.0,28613.0,40836,Arlparra School,17.75971151129604,Combined,Government,Very Remote,School Single Entity,0,-22.087628,134.775047,40836,68613.0,28613.0,40836,-0.0482491145420418,-0.0482491145420418,Yes,Yes,No,No,,70901201,Atneltyey,709012,Urapuntja,709,Apatula,7,Northern Territory,0.6066,Within polygon,Matched,19,20,40,10,8,8,12,7,0,20,433,1125,2.0,4.1,44.4,0,3,0,27,5,0,3,17,20.0,20.8,16.7,18,ABS 2021 Census Indigenous Profile,Indigenous Location (ILOC),2021
23,ATNWENGERRPE,"AMMAROO,ATNUNGURRPA,ATNWENGERRP,QUART POT,QUART POTS",Family Outstation,BARKLY,ALYAWARR,CENTRAL LAND COUNCIL,BARKLY,BARKLY,30.0,Homelands Service Provider Report 2023,-21.86956,134.99411,https://bushtel.nt.gov.au/profile/23,Not listed,Not confirmed,,,,,,,,,,,,,33.01479131384723,4G/LTE + 5G/NR + IoT,"IoT700, LTE700, LTE850, NR850",2025,Telstra,872116,-22.086785,134.7758417,,Y,Y,Y,,,,,Y,,,,,,,,120.17147161295664,3G/UMTS,UMTS900,2025,Optus,872132,-21.53135,133.88937,,Y,,,,,,,,,,,,,,,,,482.9110881689162,4G/LTE,LTE850,2025,TPG,4825002,-20.73424,139.49366,,,Y,,,,,,,,,,,33.01479131384723,Telstra,244,Arlparra School,33.13918868836651,Combined,Government,Very Remote,School Single Entity,0,-22.087628,134.775047,40836,68613.0,28613.0,40836,Arlparra School,33.13918868836651,Combined,Government,Very Remote,School Single Entity,0,-22.087628,134.775047,40836,68613.0,28613.0,40836,0.1243973745192761,0.1243973745192761,No,No,No,No,,70900201,Ampilatwatja and Outstations,709002,Ampilatwatja and Outstations,709,Apatula,7,Northern Territory,15124.1872,Within polygon,Matched,208,217,425,44,92,84,113,66,20,23,396,1485,2.1,6.1,69.2,9,69,34,286,39,6,47,219,13.6,15.3,13.2,136,ABS 2021 Census Indigenous Profile,Indigenous Location (ILOC),2021
754,AWUMBUNYJI,No aliases recorded with NTG DIPL,Family Outstation,ROPER GULF,YUGUL MANGI,NORTHERN LAND COUNCIL,ARNHEM,BIG RIVERS,,Not recorded,-14.44723,135.43529,https://bushtel.nt.gov.au/profile/754,Not listed,Not confirmed,,,,,,,,,,,,,37.77010707773848,4G/LTE + IoT,"IoT700, LTE700, LTE2600",2025,Telstra,852003,-14.27917,135.74,,Y,Y,,,,Y,,,,,,,,,,244.79738705234865,3G/UMTS + 4G/LTE,"UMTS900, LTE700",2025,Optus,852113,-14.9541,133.2204,,Y,,Y,,,,,,,,,,,,Y,Federal Mobile Black Spot Program (MBSP),5.0,505.97793032402575,4G/LTE,"LTE850, LTE1800, LTE2100",2025,TPG,836004,-12.613261,131.151729,,,Y,Y,Y,,,,,,,,,37.77010707773848,Telstra,204,Numbulwar School,37.93990835882072,Combined,Government,Very Remote,School Single Entity,0,-14.27811,135.74119,50064,47931.0,7931.0,50064,Numbulwar School,37.93990835882072,Combined,Government,Very Remote,School Single Entity,0,-14.27811,135.74119,50064,47931.0,7931.0,50064,0.1698012810822433,0.1698012810822433,No,No,No,No,,70500405,Yugul Mangi Outstations,705004,Gulf,705,Katherine,7,Northern Territory,32782.3489,Within polygon,Matched,12,17,24,0,0,3,11,9,0,38,177,687,1.9,4.5,66.7,0,0,0,24,0,4,3,17,40.0,20.0,12.0,0,ABS 2021 Census Indigenous Profile,Indigenous Location (ILOC),2021
1011,BABUNGI,VICTORIA BAY,Family Outstation,ROPER GULF,SOUTH WEST GULF,NORTHERN LAND COUNCIL,BARKLY,BIG RIVERS,8.0,Homelands Service Provider Report 2023,-15.74444,136.97858,https://bushtel.nt.gov.au/profile/1011,Not listed,Not confirmed,,,,,,,,,,,,,79.70942112810533,4G/LTE + IoT,"IoT700, LTE700, LTE1800, LTE2100, LTE2600",2025,Telstra,854001,-16.05361,136.30611,,Y,Y,,Y,Y,Y,,,,,,,,,,169.6254293491037,3G/UMTS,UMTS900,2025,Optus,852089,-16.6834,135.7265,,Y,,,,,,,,,,,,,,Y,Federal Mobile Black Spot Program (MBSP),2.0,615.0926968826473,4G/LTE,LTE850,2025,TPG,4825002,-20.73424,139.49366,,,Y,,,,,,,,,,,79.70942112810533,Telstra,36,Borroloola School,79.89357272799705,Combined,Government,Very Remote,School Single Entity,0,-16.0582,136.30649,50056,47921.0,7921.0,50056,Borroloola School,79.89357272799705,Combined,Government,Very Remote,School Single Entity,0,-16.0582,136.30649,50056,47921.0,7921.0,50056,0.1841515998917202,0.1841515998917202,No,No,Yes,Yes,Review,70500401,Mabunji - Mungoorbada Outstations,705004,Gulf,705,Katherine,7,Northern Territory,55041.1368,Within polygon,Matched,62,43,104,7,17,23,30,21,8,30,407,916,1.9,3.6,48.1,4,12,3,79,23,9,28,52,22.2,34.6,26.9,24,ABS 2021 Census Indigenous Profile,Indigenous Location (ILOC),2021
577,BADAWARRKA,"BADANARRKKA,BADDAWARRKU,BUDDAWARKA,FIVE MILE CAMP",Family Outstation,ROPER GULF,YUGUL MANGI,NORTHERN LAND COUNCIL,ARNHEM,BIG RIVERS,3.0,Homelands Service Provider Report 2023,-14.69603,134.44378,https://bushtel.nt.gov.au/profile/577,Not listed,Not confirmed,,,,,,,,,,,,,31.36104548573088,4G/LTE + IoT,"IoT700, LTE700, LTE2600",2025,Telstra,852002,-14.73361,134.73278,,Y,Y,,,,Y,,,,,,,,,,134.5997035041497,3G/UMTS + 4G/LTE,"UMTS900, LTE700",2025,Optus,852113,-14.9541,133.2204,,Y,,Y,,,,,,,,,,,,Y,Federal Mobile Black Spot Program (MBSP),5.0,424.4402147079017,4G/LTE,"LTE850, LTE1800, LTE2100",2025,TPG,836004,-12.613261,131.151729,,,Y,Y,Y,,,,,,,,,31.36104548573088,Telstra,258,Urapunga School,13.060429714192315,Combined,Government,Very Remote,School Single Entity,0,-14.710481,134.564289,50125,47933.0,7933.0,50125,Urapunga School,13.060429714192315,Combined,Government,Very Remote,School Single Entity,0,-14.710481,134.564289,50125,47933.0,7933.0,50125,-18.300615771538567,-18.300615771538567,Yes,Yes,No,No,,70500405,Yugul Mangi Outstations,705004,Gulf,705,Katherine,7,Northern Territory,32782.3489,Within polygon,Matched,12,17,24,0,0,3,11,9,0,38,177,687,1.9,4.5,66.7,0,0,0,24,0,4,3,17,40.0,20.0,12.0,0,ABS 2021 Census Indigenous Profile,Indigenous Location (ILOC),2021
811,BAGHETTI,No aliases recorded with NTG DIPL,Family Outstation,ROPER GULF,NYIRRANGGULUNG,NORTHERN LAND COUNCIL,ARNHEM,BIG RIVERS,2.0,Homelands Service Provider Report 2023,-13.75874,134.46372,https://bushtel.nt.gov.au/profile/811,Not listed,Not confirmed,,,,,,,,,,,,,16.40669112475313,4G/LTE + IoT,"IoT700, LTE700",2025,Telstra,852092,-13.67225,134.34067,,Y,Y,,,,,,,,,,,,,,188.6919905776876,3G/UMTS + 4G/LTE,"UMTS900, LTE700",2025,Optus,852113,-14.9541,133.2204,,Y,,Y,,,,,,,,,,,,Y,Federal Mobile Black Spot Program (MBSP),5.0,380.5091719614849,4G/LTE,"LTE850, LTE1800, LTE2100",2025,TPG,836004,-12.613261,131.151729,,,Y,Y,Y,,,,,,,,,16.40669112475313,Telstra,405,Bulman School,17.792843582853642,Combined,Government,Very Remote,School Single Entity,0,-13.66483,134.33036,50083,47925.0,7925.0,50083,Bulman School,17.792843582853642,Combined,Government,Very Remote,School Single Entity,0,-13.66483,134.33036,50083,47925.0,7925.0,50083,1.3861524581005114,1.3861524581005114,No,No,No,No,,70500303,Elsey Roper - Surrounds,705003,Elsey - Roper,705,Katherine,7,Northern Territory,92882.2781,Within polygon,Matched,41,29,68,3,8,15,16,17,3,28,417,1125,1.3,2.6,16.0,0,5,8,52,24,10,31,24,20.0,56.6,45.3,11,ABS 2021 Census Indigenous Profile,Indigenous Location (ILOC),2021
209,BAJAMINYI,"BARAMINGI,FISH RIVER",Family Outstation,BARKLY,KUWARRANGU,NORTHERN LAND COUNCIL,BARKLY,BARKLY,,Not recorded,-17.77489,137.71243,https://bushtel.nt.gov.au/profile/209,Not listed,Not confirmed,,,,,,,,,,,,,67.41032570194257,4G/LTE + IoT,"IoT700, LTE700",2025,Telstra,862044,-17.21123,137.94643,,Y,Y,,,,,,,,,,,Y,REGIONAL CO-INVESTMENT: Small Cell Satellite,,133.58920323185308,3G/UMTS,UMTS900,2025,Optus,4825035,-18.69084,138.53096,,Y,,,,,,,,,,,,,,Y,Federal Mobile Black Spot Program (MBSP),2.0,378.4657065992448,4G/LTE,LTE850,2025,TPG,4825002,-20.73424,139.49366,,,Y,,,,,,,,,,,67.41032570194257,Telstra,62,Robinson River School,137.02043592647908,Combined,Government,Very Remote,School Single Entity,0,-16.7597,136.981,50118,56541.0,16541.0,50118,Robinson River School,137.02043592647908,Combined,Government,Very Remote,School Single Entity,0,-16.7597,136.981,50118,56541.0,16541.0,50118,69.61011022453651,69.61011022453651,No,No,Yes,Yes,Review,70700301,Barkly Tablelands - Outstations,707003,Barkly,707,Tennant Creek,7,Northern Territory,79907.8275,Within polygon,Matched,45,19,64,7,12,5,13,17,6,28,725,924,1.3,3.4,12.5,3,7,7,44,18,0,23,18,4.3,56.1,53.7,19,ABS 2021 Census Indigenous Profile,Indigenous Location (ILOC),2021
456,BALMA,No aliases recorded with NTG DIPL,Family Outstation,EAST ARNHEM,GUMURR MIYARRKA,NORTHERN LAND COUNCIL,ARNHEM,EAST ARNHEM,11.0,Homelands Service Provider Report 2023,-13.24939,135.84857,https://bushtel.nt.gov.au/profile/456,Not listed,Not confirmed,,,,,,,,,,,,,70.46874400286005,4G/LTE,LTE700,2025,Telstra,885002,-13.78362,136.1992,,,Y,,,,,,,,,,,Y,REGIONAL CO-INVESTMENT: Small Cell Satellite,,155.69820064178998,4G/LTE + IoT,"NBIoT700, LTE700, LTE2600",2025,Optus,880003,-12.181375,136.776877,Y,,,Y,,,,,Y,,,,,,,,,,513.9015474608989,4G/LTE,"LTE850, LTE1800, LTE2100",2025,TPG,836004,-12.613261,131.151729,,,Y,Y,Y,,,,,,,,,70.46874400286005,Telstra,57,Baniyala Garrangali School,41.22763330600875,Combined,Government,Very Remote,School Single Entity,0,-13.2004,136.2261,50139,67690.0,27690.0,50139,Baniyala Garrangali School,41.22763330600875,Combined,Government,Very Remote,School Single Entity,0,-13.2004,136.2261,50139,67690.0,27690.0,50139,-29.2411106968513,-29.2411106968513,Yes,Yes,No,Yes,,70600202,Gapuwiyak Outstations,706002,Gapuwiyak and Outstations,706,Nhulunbuy,7,Northern Territory,6341.3536,Within polygon,Matched,23,42,63,7,12,11,23,11,4,29,327,1156,1.6,4.7,50.0,0,11,5,48,9,0,9,36,0.0,20.4,20.4,19,ABS 2021 Census Indigenous Profile,Indigenous Location (ILOC),2021
578,BAMBOO SPRINGS,JIRRNGOW,Family Outstation,VICTORIA DALY,TIMBER CREEK,CENTRAL LAND COUNCIL,GWOJA,BIG RIVERS,,Not recorded,-16.95993,129.08393,https://bushtel.nt.gov.au/profile/578,Not listed,Not confirmed,,,,,,,,,,,,,12.978744373087377,4G/LTE + IoT,"IoT700, LTE700",2025,Telstra,852108,-17.053,129.01027,,Y,Y,,,,,,,,,,,Y,REGIONAL CO-INVESTMENT: Small Cell Satellite,,93.06885638566004,3G/UMTS + 4G/LTE,"UMTS900, LTE700",2025,Optus,6770030,-17.38659,128.33025,,Y,,Y,,,,,,,,,,,,Y,Federal Mobile Black Spot Program (MBSP),2.0,531.978288288991,4G/LTE,"LTE850, LTE1800, LTE2100",2025,TPG,836004,-12.613261,131.151729,,,Y,Y,Y,,,,,,,,,12.978744373087377,Telstra,455,Amanbidji School,82.0990809591669,Combined,Government,Very Remote,School Single Entity,0,-16.427522,129.617986,50138,47922.0,7922.0,50138,Amanbidji School,82.0990809591669,Combined,Government,Very Remote,School Single Entity,0,-16.427522,129.617986,50138,47922.0,7922.0,50138,69.12033658607952,69.12033658607952,No,No,Yes,No,,70500805,Timber Creek - Surrounds,705008,Victoria River,705,Katherine,7,Northern Territory,64510.5948,Within polygon,Matched,66,56,127,14,28,25,30,15,14,23,336,860,2.0,4.3,46.2,0,17,6,88,14,19,29,51,56.7,34.5,14.9,42,ABS 2021 Census Indigenous Profile,Indigenous Location (ILOC),2021
946,BANATJARL,KING VALLEY,Family Outstation,ROPER GULF,NYIRRANGGULUNG,NORTHERN LAND COUNCIL,ARNHEM,BIG RIVERS,10.0,Homelands Service Provider Report 2023,-14.47668,132.6514,https://bushtel.nt.gov.au/profile/946,Not listed,Not confirmed,,,,,,,,,,,,,23.79808556270396,4G/LTE + 5G/NR + IoT,"IoT700, LTE700, LTE2600, NR850, NR2600",2025,Telstra,852007,-14.51917,132.86806,,Y,Y,,,,Y,,Y,,Y,,,,,,38.479577752334265,4G/LTE + 5G/NR + IoT,"NBIoT700, LTE700, LTE900, LTE1800, LTE2100, LTE2600, NR700, NR900, NR2100",2025,Optus,850003,-14.44632,132.2954,Y,,,Y,Y,Y,Y,,Y,Y,Y,Y,,,,,,,263.0827266916392,4G/LTE,"LTE850, LTE1800, LTE2100",2025,TPG,836004,-12.613261,131.151729,,,Y,Y,Y,,,,,,,,,23.79808556270396,Telstra,337,Barunga School,23.711004056187367,Combined,Government,Very Remote,School Single Entity,0,-14.52456,132.86603,50079,46731.0,6731.0,50079,Barunga School,23.711004056187367,Combined,Government,Very Remote,School Single Entity,0,-14.52456,132.86603,50079,46731.0,6731.0,50079,-0.0870815065165899,-0.0870815065165899,Yes,Yes,No,No,,70500303,Elsey Roper - Surrounds,705003,Elsey - Roper,705,Katherine,7,Northern Territory,92882.2781,Within polygon,Matched,41,29,68,3,8,15,16,17,3,28,417,1125,1.3,2.6,16.0,0,5,8,52,24,10,31,24,20.0,56.6,45.3,11,ABS 2021 Census Indigenous Profile,Indigenous Location (ILOC),2021
457,BANTHULA,"BAN'TALA,BANDHULA,BANT'THULA,GAMPURA,GANPURA",Family Outstation,EAST ARNHEM,GUMURR MARTHAKAL,NORTHERN LAND COUNCIL,MULKA,EAST ARNHEM,24.0,Homelands Service Provider Report 2023,-11.83585,135.87365,https://bushtel.nt.gov.au/profile/457,Not listed,Not confirmed,,,,,,,,,,,,,39.6112388151564,4G/LTE + 5G/NR + IoT,"IoT700, LTE700, LTE850, LTE2600, NR850, NR2600",2025,Telstra,822005,-12.02483,135.56501,,Y,Y,Y,,,Y,,Y,,Y,,,,,,105.48232967047448,4G/LTE + IoT,"NBIoT700, LTE700, LTE2600",2025,Optus,880003,-12.181375,136.776877,Y,,,Y,,,,,Y,,,,,,,,,,519.4465727443314,4G/LTE,"LTE850, LTE1800, LTE2100",2025,TPG,836002,-12.55419,131.15106,,,Y,Y,Y,,,,,,,,,39.6112388151564,Telstra,193,Gawa Christian School,9.081009536211065,Combined,Independent,Very Remote,School Single Entity,0,-11.759762,135.903958,50163,58020.0,18020.0,50163,Gawa Christian School,9.081009536211065,Combined,Independent,Very Remote,School Single Entity,0,-11.759762,135.903958,50163,58020.0,18020.0,50163,-30.53022927894533,-30.53022927894533,Yes,Yes,No,No,,70600402,Marthakal Homelands exc. Galiwinku,706004,Marthakal Homelands - Galiwinku,706,Nhulunbuy,7,Northern Territory,5177.5161,Within polygon,Matched,204,224,425,32,93,102,113,79,18,23,281,1312,1.8,5.7,64.7,8,68,36,308,27,25,58,245,43.6,18.0,10.2,125,ABS 2021 Census Indigenous Profile,Indigenous Location (ILOC),2021
865,BARDALUMBA,"BARTALUMBA BAY,BARTELUMBA",Family Outstation,EAST ARNHEM,ANINDILYAKWA,ANINDILYAKWA LAND COUNCIL,ARNHEM,EAST ARNHEM,26.0,Homelands Service Provider Report 2023,-13.82445,136.4489,https://bushtel.nt.gov.au/profile/865,Yes,Confirmed,Primary name,BARDALUMBA,0.0,BARDALUMBA,COMMUNITY,11.0,,,YES,TELSTRA,-13.82445,136.4489,2.9899641287949583,4G/LTE + IoT,"IoT700, LTE700, LTE2600",2025,Telstra,885001,-13.84722,136.43417,,Y,Y,,,,Y,,,,,,,,,,186.1251043367916,4G/LTE + IoT,"NBIoT700, LTE700, LTE2600",2025,Optus,880003,-12.181375,136.776877,Y,,,Y,,,,,Y,,,,,,,,,,588.9937381068344,4G/LTE,"LTE850, LTE1800, LTE2100",2025,TPG,836004,-12.613261,131.151729,,,Y,Y,Y,,,,,,,,,2.9899641287949583,Telstra,595,Alyangula Area School,4.184232172590199,Combined,Government,Very Remote,School Single Entity,0,-13.84964,136.42011,50051,47992.0,7992.0,50051,Alyangula Area School,4.184232172590199,Combined,Government,Very Remote,School Single Entity,0,-13.84964,136.42011,50051,47992.0,7992.0,50051,1.1942680437952404,1.1942680437952404,No,No,No,No,,70600103,Angurugu Outstations,706001,Anindilyakwa (Groote),706,Nhulunbuy,7,Northern Territory,879.1342,Within polygon,Matched,76,58,135,13,31,30,41,17,8,22,312,1208,1.7,4.8,52.0,0,10,5,96,25,15,39,49,39.0,43.2,26.3,44,ABS 2021 Census Indigenous Profile,Indigenous Location (ILOC),2021
14045564,BARNJARN,No aliases recorded with NTG DIPL,Family Outstation,ROPER GULF,NYIRRANGGULUNG,NORTHERN LAND COUNCIL,ARNHEM,BIG RIVERS,8.0,Homelands Service Provider Report 2023,-14.28264,132.08321,https://bushtel.nt.gov.au/profile/14045564,Not listed,Not confirmed,,,,,,,,,,,,,24.396958859925608,4G/LTE + IoT,"IoT700, LTE700",2025,Telstra,847001,-14.08536,131.98417,,Y,Y,,,,,,,,,,,,,,8.151817932414259,4G/LTE + 5G/NR + IoT,"NBIoT700, LTE700, LTE900, LTE2100, LTE2600, NR700, NR900, NR2100",2025,Optus,852087,-14.342,132.12761,Y,,,Y,Y,,Y,,Y,Y,Y,Y,,,,,,,211.19709968349792,4G/LTE,"LTE850, LTE1800, LTE2100",2025,TPG,836004,-12.613261,131.151729,,,Y,Y,Y,,,,,,,,,8.151817932414259,Optus,525,Clyde Fenton Primary School,27.531100110267744,Primary,Government,Remote,School Single Entity,0,-14.4512,132.27042,50018,47926.0,7926.0,50018,St Joseph's Catholic College,28.7823587403388,Combined,Catholic,Remote,School Single Entity,0,-14.46194,132.27593,40351,46882.0,6882.0,40351,20.63054080792453,19.379282177853483,No,No,No,No,,70500303,Elsey Roper - Surrounds,705003,Elsey - Roper,705,Katherine,7,Northern Territory,92882.2781,Within polygon,Matched,41,29,68,3,8,15,16,17,3,28,417,1125,1.3,2.6,16.0,0,5,8,52,24,10,31,24,20.0,56.6,45.3,11,ABS 2021 Census Indigenous Profile,Indigenous Location (ILOC),2021
699,BARRAK BARRAK,"BARRAC BARRAC,MAYAMUM",Family Outstation,VICTORIA DALY,TIMBER CREEK,NORTHERN LAND COUNCIL,GWOJA,BIG RIVERS,,Not recorded,-15.8716,130.35876,https://bushtel.nt.gov.au/profile/699,Not listed,Not confirmed,,,,,,,,,,,,,27.164711808390543,4G/LTE + IoT,"IoT700, LTE700",2025,Telstra,852004,-15.65639,130.47889,,Y,Y,,,,,,,,,,,,,,74.88170221987569,3G/UMTS + 4G/LTE,"UMTS900, LTE700",2025,Optus,852107,-16.486946,130.643636,,Y,,Y,,,,,,,,,,,,Y,Federal Mobile Black Spot Program (MBSP),2.0,372.2515359639394,4G/LTE,"LTE850, LTE1800, LTE2100",2025,TPG,836004,-12.613261,131.151729,,,Y,Y,Y,,,,,,,,,27.164711808390543,Telstra,305,Timber Creek School,27.335029489724363,Combined,Government,Very Remote,School Single Entity,0,-15.6481,130.46513,50121,47932.0,7932.0,50121,Timber Creek School,27.335029489724363,Combined,Government,Very Remote,School Single Entity,0,-15.6481,130.46513,50121,47932.0,7932.0,50121,0.1703176813338203,0.1703176813338203,No,No,No,No,,70500805,Timber Creek - Surrounds,705008,Victoria River,705,Katherine,7,Northern Territory,64510.5948,Within polygon,Matched,66,56,127,14,28,25,30,15,14,23,336,860,2.0,4.3,46.2,0,17,6,88,14,19,29,51,56.7,34.5,14.9,42,ABS 2021 Census Indigenous Profile,Indigenous Location (ILOC),2021
579,BARRAPUNTA,"BANAPINTA,BANURRPANDA,EMU SPRINGS",Family Outstation,ROPER GULF,NYIRRANGGULUNG,NORTHERN LAND COUNCIL,ARNHEM,BIG RIVERS,1.0,Homelands Service Provider Report 2023,-13.15658,134.85057,https://bushtel.nt.gov.au/profile/579,Not listed,Not confirmed,,,,,,,,,,,,,79.55837295686283,4G/LTE + IoT,"IoT700, LTE700",2025,Telstra,852092,-13.67225,134.34067,,Y,Y,,,,,,,,,,,,,,220.6492123169841,3G/UMTS + 4G/LTE,"UMTS900, LTE700",2025,Optus,822106,-12.42654,132.95842,,Y,,Y,,,,,,,,,,,,Y,Federal Mobile Black Spot Program (MBSP),5.0,405.4575578874748,4G/LTE,"LTE850, LTE1800, LTE2100",2025,TPG,836004,-12.613261,131.151729,,,Y,Y,Y,,,,,,,,,79.55837295686283,Telstra,37,Bulman School,79.74924112821606,Combined,Government,Very Remote,School Single Entity,0,-13.66483,134.33036,50083,47925.0,7925.0,50083,Bulman School,79.74924112821606,Combined,Government,Very Remote,School Single Entity,0,-13.66483,134.33036,50083,47925.0,7925.0,50083,0.1908681713532303,0.1908681713532303,No,No,Yes,Yes,Review,70500303,Elsey Roper - Surrounds,705003,Elsey - Roper,705,Katherine,7,Northern Territory,92882.2781,Within polygon,Matched,41,29,68,3,8,15,16,17,3,28,417,1125,1.3,2.6,16.0,0,5,8,52,24,10,31,24,20.0,56.6,45.3,11,ABS 2021 Census Indigenous Profile,Indigenous Location (ILOC),2021
938,BARRARATJPI,No aliases recorded with NTG DIPL,Family Outstation,EAST ARNHEM,GUMURR MIWATJ,NORTHERN LAND COUNCIL,ARNHEM,EAST ARNHEM,23.0,Homelands Service Provider Report 2023,-13.21858,136.39138,https://bushtel.nt.gov.au/profile/938,Not listed,Not confirmed,,,,,,,,,,,,,66.17648519901262,4G/LTE,LTE700,2025,Telstra,885002,-13.78362,136.1992,,,Y,,,,,,,,,,,Y,REGIONAL CO-INVESTMENT: Small Cell Satellite,,122.67872194202494,4G/LTE + IoT,"NBIoT700, LTE700, LTE2600",2025,Optus,880003,-12.181375,136.776877,Y,,,Y,,,,,Y,,,,,,,,,,571.8446384542993,4G/LTE,"LTE850, LTE1800, LTE2100",2025,TPG,836004,-12.613261,131.151729,,,Y,Y,Y,,,,,,,,,66.17648519901262,Telstra,64,Baniyala Garrangali School,18.005890192546484,Combined,Government,Very Remote,School Single Entity,0,-13.2004,136.2261,50139,67690.0,27690.0,50139,Baniyala Garrangali School,18.005890192546484,Combined,Government,Very Remote,School Single Entity,0,-13.2004,136.2261,50139,67690.0,27690.0,50139,-48.17059500646613,-48.17059500646613,Yes,Yes,No,Yes,,70600304,Laynhapuy,706003,Laynhapuy - Gumatj Homelands,706,Nhulunbuy,7,Northern Territory,5255.6095,Within polygon,Matched,112,87,204,13,32,38,65,46,16,31,262,1187,1.7,4.6,52.6,4,17,12,161,24,7,30,114,23.1,16.0,12.3,45,ABS 2021 Census Indigenous Profile,Indigenous Location (ILOC),2021
792,BARRIDJOWKENG,"BARRIDJOWEN,BARRIHYOWKENG",Family Outstation,WEST ARNHEM,MANINGRIDA,NORTHERN LAND COUNCIL,ARAFURA,TOP END,2.0,Homelands Service Provider Report 2023,-12.34863,134.17529,https://bushtel.nt.gov.au/profile/792,Not listed,Not confirmed,,,,,,,,,,,,,33.17009728349944,4G/LTE + 5G/NR + IoT,"IoT700, LTE700, LTE850, LTE1800, LTE2100, LTE2600, NR850, NR2600",2025,Telstra,822008,-12.05532,134.23091,,Y,Y,Y,Y,Y,Y,,Y,,Y,,,Y,REGIONAL CO-INVESTMENT: RCP - TX Upgrade,1.0,132.44328808684438,3G/UMTS + 4G/LTE,"UMTS900, LTE700",2025,Optus,822106,-12.42654,132.95842,,Y,,Y,,,,,,,,,,,,Y,Federal Mobile Black Spot Program (MBSP),5.0,329.16253378541444,4G/LTE,"LTE850, LTE1800, LTE2100",2025,TPG,836002,-12.55419,131.15106,,,Y,Y,Y,,,,,,,,,33.17009728349944,Telstra,242,Nawarddeken Academy Manmoyi School,22.756411767141664,Combined,Independent,Very Remote,School Single Entity,0,-12.54418519,134.1134967,53058,87768.0,87763.0,53058,Nawarddeken Academy Manmoyi School,22.756411767141664,Combined,Independent,Very Remote,School Single Entity,0,-12.54418519,134.1134967,53058,87768.0,87763.0,53058,-10.413685516357774,-10.413685516357774,Yes,Yes,No,No,,70400302,Maningrida Outstations,704003,Maningrida and Outstations,704,Jabiru - Tiwi,7,Northern Territory,9758.0375,Within polygon,Matched,170,195,366,23,65,77,131,58,11,26,207,900,2.1,5.9,72.3,4,34,42,283,10,22,35,226,60.6,11.8,4.6,88,ABS 2021 Census Indigenous Profile,Indigenous Location (ILOC),2021
888,BARRKIRA,No aliases recorded with NTG DIPL,Family Outstation,EAST ARNHEM,GUMURR MIWATJ,NORTHERN LAND COUNCIL,MULKA,EAST ARNHEM,13.0,Homelands Service Provider Report 2023,-12.0086,136.4649,https://bushtel.nt.gov.au/profile/888,Not listed,Not confirmed,,,,,,,,,,,,,31.954460444963576,4G/LTE + IoT,"IoT700, LTE700",2025,Telstra,880001,-12.19105,136.69197,,Y,Y,,,,,,,,,,,,,,38.98296995044364,4G/LTE + IoT,"NBIoT700, LTE700, LTE2600",2025,Optus,880003,-12.181375,136.776877,Y,,,Y,,,,,Y,,,,,,,,,,580.5173977800855,4G/LTE,"LTE850, LTE1800, LTE2100",2025,TPG,836002,-12.55419,131.15106,,,Y,Y,Y,,,,,,,,,31.954460444963576,Telstra,254,Dhupuma Barker,35.03529084026994,Primary,Independent,Very Remote,School Single Entity,0,-12.21816265,136.7055423,53009,87701.0,87700.0,53009,Nhulunbuy High School,39.85561663248711,Secondary,Government,Very Remote,School Single Entity,0,-12.18676,136.78298,50002,55089.0,15089.0,50002,7.901156187523529,3.0808303953063607,No,No,No,No,,70600402,Marthakal Homelands exc. Galiwinku,706004,Marthakal Homelands - Galiwinku,706,Nhulunbuy,7,Northern Territory,5177.5161,Within polygon,Matched,204,224,425,32,93,102,113,79,18,23,281,1312,1.8,5.7,64.7,8,68,36,308,27,25,58,245,43.6,18.0,10.2,125,ABS 2021 Census Indigenous Profile,Indigenous Location (ILOC),2021
25070,BATTON HILL,No aliases recorded with NTG DIPL,Family Outstation,CENTRAL DESERT,AKITYARRE,CENTRAL LAND COUNCIL,NAMATJIRA,CENTRAL AUSTRALIA,2.0,Homelands Service Provider Report 2023,-23.02915,136.86913,https://bushtel.nt.gov.au/profile/25070,Not listed,Not confirmed,,,,,,,,,,,,,197.77698969077025,4G/LTE + IoT,"IoT700, LTE700",2025,Telstra,872152,-22.97496,134.93773,,Y,Y,,,,,,,,,,,Y,REGIONAL CO-INVESTMENT: NT ISCA,1.0,141.08043869331934,3G/UMTS + 4G/LTE,"UMTS900, LTE700",2025,Optus,872161,-22.2742,137.97409,,Y,,Y,,,,,,,,,,,,Y,Federal Mobile Black Spot Program (MBSP),4.0,372.07494960942194,4G/LTE,LTE850,2025,TPG,4825002,-20.73424,139.49366,,,Y,,,,,,,,,,,141.08043869331934,Optus,2,Bonya School,77.13895948390471,Combined,Government,Very Remote,School Single Entity,0,-22.77886,136.16675,50081,66018.0,26018.0,50081,Bonya School,77.13895948390471,Combined,Government,Very Remote,School Single Entity,0,-22.77886,136.16675,50081,66018.0,26018.0,50081,-63.941479209414624,-63.941479209414624,Yes,Yes,Yes,Yes,Review,70900502,Atitjere - Akarnenehe Outstations,709005,Atitjere - Akarnenehe - Engawala,709,Apatula,7,Northern Territory,67455.8399,Within polygon,Matched,68,60,126,10,26,26,32,21,4,24,277,762,1.3,3.8,29.6,0,23,5,89,14,10,22,63,37.5,26.4,16.5,36,ABS 2021 Census Indigenous Profile,Indigenous Location (ILOC),2021
212,BAUHINIA DOWNS,GURDANJI BINGBINGA,Family Outstation,ROPER GULF,SOUTH WEST GULF,NORTHERN LAND COUNCIL,BARKLY,BIG RIVERS,11.0,Homelands Service Provider Report 2023,-16.21512,135.46968,https://bushtel.nt.gov.au/profile/212,Not listed,Not confirmed,,,,,,,,,,,,,37.51858871067003,4G/LTE + IoT,"IoT700, LTE700",2025,Telstra,852109,-16.42911,135.19785,,Y,Y,,,,,,,,,,,Y,REGIONAL CO-INVESTMENT: Small Cell Satellite,,58.83403486347431,3G/UMTS,UMTS900,2025,Optus,852089,-16.6834,135.7265,,Y,,,,,,,,,,,,,,Y,Federal Mobile Black Spot Program (MBSP),2.0,613.645089872712,4G/LTE,"LTE850, LTE1800, LTE2100",2025,TPG,836004,-12.613261,131.151729,,,Y,Y,Y,,,,,,,,,37.51858871067003,Telstra,206,Borroloola School,91.07024929672453,Combined,Government,Very Remote,School Single Entity,0,-16.0582,136.30649,50056,47921.0,7921.0,50056,Borroloola School,91.07024929672453,Combined,Government,Very Remote,School Single Entity,0,-16.0582,136.30649,50056,47921.0,7921.0,50056,53.55166058605448,53.55166058605448,No,No,Yes,No,,70500401,Mabunji - Mungoorbada Outstations,705004,Gulf,705,Katherine,7,Northern Territory,55041.1368,Within polygon,Matched,62,43,104,7,17,23,30,21,8,30,407,916,1.9,3.6,48.1,4,12,3,79,23,9,28,52,22.2,34.6,26.9,24,ABS 2021 Census Indigenous Profile,Indigenous Location (ILOC),2021
462,BAWAKA,No aliases recorded with NTG DIPL,Family Outstation,EAST ARNHEM,GUMURR MIWATJ,NORTHERN LAND COUNCIL,MULKA,EAST ARNHEM,9.0,Homelands Service Provider Report 2023,-12.53365,136.76402,https://bushtel.nt.gov.au/profile/462,Not listed,Not confirmed,,,,,,,,,,,,,17.224337781001555,4G/LTE + IoT,"IoT700, LTE700",2025,Telstra,880016,-12.38241,136.79831,,Y,Y,,,,,,,,,,,,,,39.1961327478118,4G/LTE + IoT,"NBIoT700, LTE700, LTE2600",2025,Optus,880003,-12.181375,136.776877,Y,,,Y,,,,,Y,,,,,,,,,,609.1455071929221,4G/LTE,"LTE850, LTE1800, LTE2100",2025,TPG,836004,-12.613261,131.151729,,,Y,Y,Y,,,,,,,,,17.224337781001555,Telstra,397,Laynhapuy Homelands School,34.008195569642666,Combined,Government,Very Remote,School Single Entity,0,-12.2528,136.888,50071,56581.0,16581.0,50071,Laynhapuy Homelands School,34.008195569642666,Combined,Government,Very Remote,School Single Entity,0,-12.2528,136.888,50071,56581.0,16581.0,50071,16.78385778864111,16.78385778864111,No,No,No,No,,70600303,Gumatj - Surrounds,706003,Laynhapuy - Gumatj Homelands,706,Nhulunbuy,7,Northern Territory,2644.1939,Within polygon,Matched,15,16,32,0,3,13,6,3,8,31,306,1312,1.3,4.4,28.6,0,0,0,29,0,3,3,23,100.0,14.8,0.0,3,ABS 2021 Census Indigenous Profile,Indigenous Location (ILOC),2021
494,BAYAGIDA,"GALUNGALI,GALUNGULI,RAPUMA,RAPUMA GALINGULLA,RAPUMA ISLAND,YABOOMA ISLAND",Family Outstation,EAST ARNHEM,GUMURR GATTJIRRK,NORTHERN LAND COUNCIL,MULKA,EAST ARNHEM,,Not recorded,-12.04269,134.92821,https://bushtel.nt.gov.au/profile/494,Not listed,Not confirmed,,,,,,,,,,,,,9.081162640860647,4G/LTE + IoT,"IoT700, LTE700",2025,Telstra,822010,-12.12233,134.90971,,Y,Y,,,,,,,,,,,,,,201.57698433394708,4G/LTE + IoT,"NBIoT700, LTE700, LTE2600",2025,Optus,880003,-12.181375,136.776877,Y,,,Y,,,,,Y,,,,,,,,,,414.2799637056755,4G/LTE,"LTE850, LTE1800, LTE2100",2025,TPG,836002,-12.55419,131.15106,,,Y,Y,Y,,,,,,,,,9.081162640860647,Telstra,514,Milingimbi School,6.66469876184637,Combined,Government,Very Remote,School Single Entity,0,-12.1021,134.9201,50062,46732.0,6732.0,50062,Milingimbi School,6.66469876184637,Combined,Government,Very Remote,School Single Entity,0,-12.1021,134.9201,50062,46732.0,6732.0,50062,-2.4164638790142767,-2.4164638790142767,Yes,Yes,No,No,,70600705,Ramingining - Milingimbi Outstations,706007,Ramingining - Milingimbi and Outstations,706,Nhulunbuy,7,Northern Territory,11429.1805,Within polygon,Matched,85,80,169,3,31,36,53,40,11,30,247,1187,1.7,5.6,61.5,7,21,8,134,25,26,47,80,46.8,34.6,18.4,34,ABS 2021 Census Indigenous Profile,Indigenous Location (ILOC),2021
463,BAYGURRTJI,"BAGURRITJI,BAYKURRTJI",Family Outstation,EAST ARNHEM,GUMURR MIYARRKA,NORTHERN LAND COUNCIL,ARNHEM,EAST ARNHEM,2.0,Homelands Service Provider Report 2023,-13.15787,135.86654,https://bushtel.nt.gov.au/profile/463,Not listed,Not confirmed,,,,,,,,,,,,,73.10071925927303,4G/LTE + IoT,"IoT700, LTE700, LTE2600",2025,Telstra,880002,-12.50333,135.80361,,Y,Y,,,,Y,,,,,,,,,,146.7761467641186,4G/LTE + IoT,"NBIoT700, LTE700, LTE2600",2025,Optus,880003,-12.181375,136.776877,Y,,,Y,,,,,Y,,,,,,,,,,514.6275003360709,4G/LTE,"LTE850, LTE1800, LTE2100",2025,TPG,836004,-12.613261,131.151729,,,Y,Y,Y,,,,,,,,,73.10071925927303,Telstra,54,Baniyala Garrangali School,39.21447332456823,Combined,Government,Very Remote,School Single Entity,0,-13.2004,136.2261,50139,67690.0,27690.0,50139,Baniyala Garrangali School,39.21447332456823,Combined,Government,Very Remote,School Single Entity,0,-13.2004,136.2261,50139,67690.0,27690.0,50139,-33.8862459347048,-33.8862459347048,Yes,Yes,No,Yes,,70600202,Gapuwiyak Outstations,706002,Gapuwiyak and Outstations,706,Nhulunbuy,7,Northern Territory,6341.3536,Within polygon,Matched,23,42,63,7,12,11,23,11,4,29,327,1156,1.6,4.7,50.0,0,11,5,48,9,0,9,36,0.0,20.4,20.4,19,ABS 2021 Census Indigenous Profile,Indigenous Location (ILOC),2021
25071,BEASLEY KNOB,JIYLINUM,Family Outstation,VICTORIA DALY,TIMBER CREEK,NORTHERN LAND COUNCIL,GWOJA,BIG RIVERS,19.0,Homelands Service Provider Report 2023,-15.97708,129.0085,https://bushtel.nt.gov.au/profile/25071,Not listed,Not confirmed,,,,,,,,,,,,,1.1045158398492947,4G/LTE + IoT,"IoT700, LTE700",2025,Telstra,6743043,-15.98162,128.99931,,Y,Y,,,,,,,,,,,Y,Federal Mobile Black Spot Program (MBSP),5.0,11.746763826134888,3G/UMTS + 4G/LTE,"UMTS900, LTE700",2025,Optus,852112,-15.891071,129.07229,,Y,,Y,,,,,,,,,,,,Y,Federal Mobile Black Spot Program (MBSP),5.0,437.6818199833603,4G/LTE + 5G/NR,"LTE850, LTE1800, LTE2100, NR700",2025,TPG,800002,-12.4651,130.8425,,,Y,Y,Y,Y,,,,,,,,1.1045158398492947,Telstra,621,Bulla Camp School,75.37651865909494,Combined,Government,Very Remote,School Single Entity,0,-15.9353,129.7122,50082,56531.0,16531.0,50082,Bulla Camp School,75.37651865909494,Combined,Government,Very Remote,School Single Entity,0,-15.9353,129.7122,50082,56531.0,16531.0,50082,74.27200281924564,74.27200281924564,No,No,Yes,No,,70500805,Timber Creek - Surrounds,705008,Victoria River,705,Katherine,7,Northern Territory,64510.5948,Within polygon,Matched,66,56,127,14,28,25,30,15,14,23,336,860,2.0,4.3,46.2,0,17,6,88,14,19,29,51,56.7,34.5,14.9,42,ABS 2021 Census Indigenous Profile,Indigenous Location (ILOC),2021
844,BEER ST BORE,No aliases recorded with NTG DIPL,Family Outstation,MACDONNELL,RODINGA,CENTRAL LAND COUNCIL,NAMATJIRA,CENTRAL AUSTRALIA,,Not recorded,-25.58297,134.52565,https://bushtel.nt.gov.au/profile/844,Not listed,Not confirmed,,,,,,,,,,,,,4.788875436138132,4G/LTE + IoT,"IoT700, LTE700",2025,Telstra,872016,-25.58511,134.57334,,Y,Y,,,,,,,,,,,Y,Federal Mobile Black Spot Program (MBSP),1.0,107.39325810806766,3G/UMTS + 4G/LTE,"UMTS900, LTE700",2025,Optus,872186,-24.862581,133.81455,,Y,,Y,,,,,,,,,,,,Y,Federal Mobile Black Spot Program (MBSP),4.0,740.5343846898465,4G/LTE,LTE850,2025,TPG,4825002,-20.73424,139.49366,,,Y,,,,,,,,,,,4.788875436138132,Telstra,574,Finke School,5.300015693879407,Combined,Government,Very Remote,School Single Entity,0,-25.5821,134.578486,50090,47909.0,7909.0,50090,Finke School,5.300015693879407,Combined,Government,Very Remote,School Single Entity,0,-25.5821,134.578486,50090,47909.0,7909.0,50090,0.5111402577412747,0.5111402577412747,No,No,No,No,,70900403,Apatula (Finke) Homelands - West,709004,Apatula (Finke) and Homelands,709,Apatula,7,Northern Territory,37488.9696,Within polygon,Matched,0,0,0,0,0,0,0,0,0,0,0,0,0.0,0.0,0.0,0,0,0,0,0,0,0,0,0.0,0.0,0.0,0,ABS 2021 Census Indigenous Profile,Indigenous Location (ILOC),2021
295,BERRAJA,"BERBAJA,BERRAIYA",Family Outstation,WEST ARNHEM,MANINGRIDA,NORTHERN LAND COUNCIL,ARAFURA,TOP END,,Not recorded,-12.07195,134.50486,https://bushtel.nt.gov.au/profile/295,Not listed,Not confirmed,,,,,,,,,,,,,29.84651186372873,4G/LTE + 5G/NR + IoT,"IoT700, LTE700, LTE850, LTE1800, LTE2100, LTE2600, NR850, NR2600",2025,Telstra,822008,-12.05532,134.23091,,Y,Y,Y,Y,Y,Y,,Y,,Y,,,Y,REGIONAL CO-INVESTMENT: RCP - TX Upgrade,1.0,172.60494245474214,3G/UMTS + 4G/LTE,"UMTS900, LTE700",2025,Optus,822106,-12.42654,132.95842,,Y,,Y,,,,,,,,,,,,Y,Federal Mobile Black Spot Program (MBSP),5.0,368.2688789131952,4G/LTE,"LTE850, LTE1800, LTE2100",2025,TPG,836002,-12.55419,131.15106,,,Y,Y,Y,,,,,,,,,29.84651186372873,Telstra,276,Maningrida College,30.70725028759519,Combined,Government,Very Remote,School Single Entity,0,-12.05041,134.22333,50061,47956.0,7956.0,50061,Maningrida College,30.70725028759519,Combined,Government,Very Remote,School Single Entity,0,-12.05041,134.22333,50061,47956.0,7956.0,50061,0.8607384238664615,0.8607384238664615,No,No,No,No,,70400302,Maningrida Outstations,704003,Maningrida and Outstations,704,Jabiru - Tiwi,7,Northern Territory,9758.0375,Within polygon,Matched,170,195,366,23,65,77,131,58,11,26,207,900,2.1,5.9,72.3,4,34,42,283,10,22,35,226,60.6,11.8,4.6,88,ABS 2021 Census Indigenous Profile,Indigenous Location (ILOC),2021
810,BISHOPS BORE,No aliases recorded with NTG DIPL,Family Outstation,ROPER GULF,NYIRRANGGULUNG,NORTHERN LAND COUNCIL,ARNHEM,BIG RIVERS,,Not recorded,-14.61452,133.07053,https://bushtel.nt.gov.au/profile/810,Not listed,Not confirmed,,,,,,,,,,,,,8.369331181496431,4G/LTE + 5G/NR + IoT,"IoT700, LTE700, LTE2600, NR850, NR2600",2025,Telstra,852008,-14.55307,133.11544,,Y,Y,,,,Y,,Y,,Y,,,,,,33.77470559259328,3G/UMTS,UMTS900,2025,Optus,852096,-14.91826,133.06918,,Y,,,,,,,,,,,,,,,,,304.16315319207183,4G/LTE,"LTE850, LTE1800, LTE2100",2025,TPG,836004,-12.613261,131.151729,,,Y,Y,Y,,,,,,,,,8.369331181496431,Telstra,522,Wugularr School,7.809178539988122,Combined,Government,Very Remote,School Single Entity,0,-14.5614,133.118,50134,56580.0,16580.0,50134,Wugularr School,7.809178539988122,Combined,Government,Very Remote,School Single Entity,0,-14.5614,133.118,50134,56580.0,16580.0,50134,-0.5601526415083091,-0.5601526415083091,Yes,Yes,No,No,,70500303,Elsey Roper - Surrounds,705003,Elsey - Roper,705,Katherine,7,Northern Territory,92882.2781,Within polygon,Matched,41,29,68,3,8,15,16,17,3,28,417,1125,1.3,2.6,16.0,0,5,8,52,24,10,31,24,20.0,56.6,45.3,11,ABS 2021 Census Indigenous Profile,Indigenous Location (ILOC),2021
24899,BLACK ROCK LANDING,No aliases recorded with NTG DIPL,Family Outstation,ROPER GULF,SOUTH WEST GULF,NORTHERN LAND COUNCIL,BARKLY,BIG RIVERS,4.0,Homelands Service Provider Report 2023,-15.92062,136.51042,https://bushtel.nt.gov.au/profile/24899,Not listed,Not confirmed,,,,,,,,,,,,,26.3751430735825,4G/LTE + IoT,"IoT700, LTE700, LTE1800, LTE2100, LTE2600",2025,Telstra,854001,-16.05361,136.30611,,Y,Y,,Y,Y,Y,,,,,,,,,,119.136184062562,3G/UMTS,UMTS900,2025,Optus,852089,-16.6834,135.7265,,Y,,,,,,,,,,,,,,Y,Federal Mobile Black Spot Program (MBSP),2.0,620.9449372573414,4G/LTE,LTE850,2025,TPG,4825002,-20.73424,139.49366,,,Y,,,,,,,,,,,26.3751430735825,Telstra,313,Borroloola School,26.631187260972776,Combined,Government,Very Remote,School Single Entity,0,-16.0582,136.30649,50056,47921.0,7921.0,50056,Borroloola School,26.631187260972776,Combined,Government,Very Remote,School Single Entity,0,-16.0582,136.30649,50056,47921.0,7921.0,50056,0.2560441873902768,0.2560441873902768,No,No,No,No,,70500401,Mabunji - Mungoorbada Outstations,705004,Gulf,705,Katherine,7,Northern Territory,55041.1368,Within polygon,Matched,62,43,104,7,17,23,30,21,8,30,407,916,1.9,3.6,48.1,4,12,3,79,23,9,28,52,22.2,34.6,26.9,24,ABS 2021 Census Indigenous Profile,Indigenous Location (ILOC),2021
784,BLACKTANK BORE,"APMWERRE,BOND SPRINGS",Family Outstation,MACDONNELL,RODINGA,CENTRAL LAND COUNCIL,NAMATJIRA,CENTRAL AUSTRALIA,18.0,Homelands Service Provider Report 2023,-23.32352,134.02049,https://bushtel.nt.gov.au/profile/784,Not listed,Not confirmed,,,,,,,,,,,,,41.20020691056119,4G/LTE + IoT,"IoT700, LTE700",2025,Telstra,870010,-23.52395,133.68087,,Y,Y,,,,,,,,,,,,,,41.609817773563314,4G/LTE + IoT,"NBIoT700, LTE700, LTE2600",2025,Optus,870052,-23.66924,133.864338,Y,,,Y,,,,,Y,,,,,,,,,,633.2899600986183,4G/LTE,LTE850,2025,TPG,4825002,-20.73424,139.49366,,,Y,,,,,,,,,,,41.20020691056119,Telstra,183,Braitling Primary School,42.32154311362883,Primary,Government,Remote,School Single Entity,0,-23.677393,133.867691,50016,47884.0,7884.0,50016,St Philip's College,43.12892295415738,Secondary,Independent,Remote,School Single Entity,0,-23.690364169117,133.883128746033,50155,53284.0,13284.0,50155,1.9287160435961888,1.121336203067635,No,No,No,No,,70901402,Ingkerreke Outstations,709014,West MacDonnell Ranges,709,Apatula,7,Northern Territory,9777.1413,Within polygon,Matched,106,82,189,20,24,23,62,45,11,32,341,762,1.2,2.9,16.1,6,15,3,141,14,4,14,92,23.5,12.3,9.4,44,ABS 2021 Census Indigenous Profile,Indigenous Location (ILOC),2021
25,BLACKWATER,ATURU,Family Outstation,MACDONNELL,LURITJA PINTUBI,CENTRAL LAND COUNCIL,GWOJA,CENTRAL AUSTRALIA,9.0,Homelands Service Provider Report 2023,-23.26181,131.89688,https://bushtel.nt.gov.au/profile/25,Yes,Confirmed,Primary name,BLACKWATER,0.0,BLACKWATER,COMMUNITY,30.0,,,YES,TELSTRA,-23.26181,131.89688,8.336702343558885,4G/LTE + IoT,"IoT700, LTE700",2025,Telstra,872058,-23.19087,131.92328,,Y,Y,,,,,,,,,,,,,,72.54160319837251,3G/UMTS + 4G/LTE,"UMTS900, LTE700",2025,Optus,872191,-23.5863,132.51367,,Y,,Y,,,,,,,,,,,,Y,Federal Mobile Black Spot Program (MBSP),5.0,831.9610786611806,4G/LTE,LTE850,2025,TPG,4825002,-20.73424,139.49366,,,Y,,,,,,,,,,,8.336702343558885,Telstra,523,Papunya School,6.70031391252998,Combined,Government,Very Remote,School Single Entity,0,-23.20283,131.91031,50113,47892.0,7892.0,50113,Papunya School,6.70031391252998,Combined,Government,Very Remote,School Single Entity,0,-23.20283,131.91031,50113,47892.0,7892.0,50113,-1.6363884310289052,-1.6363884310289052,Yes,Yes,No,No,,70901102,Papunya Outstations,709011,Papunya and Outstations,709,Apatula,7,Northern Territory,2326.1983,Within polygon,Matched,24,37,62,8,11,9,17,17,0,35,225,574,2.0,3.9,40.0,0,3,4,43,9,0,4,29,16.7,13.0,10.9,19,ABS 2021 Census Indigenous Profile,Indigenous Location (ILOC),2021
843,BLOODWOOD BORE,No aliases recorded with NTG DIPL,Family Outstation,MACDONNELL,RODINGA,CENTRAL LAND COUNCIL,NAMATJIRA,CENTRAL AUSTRALIA,,Not recorded,-25.76764,134.2883,https://bushtel.nt.gov.au/profile/843,Not listed,Not confirmed,,,,,,,,,,,,,35.04172792690139,4G/LTE + IoT,"IoT700, LTE700",2025,Telstra,872016,-25.58511,134.57334,,Y,Y,,,,,,,,,,,Y,Federal Mobile Black Spot Program (MBSP),1.0,99.28857594455933,3G/UMTS,UMTS900,2025,Optus,872140,-25.8395,133.2997,,Y,,,,,,,,,,,,,,,,,771.8501185084194,4G/LTE,LTE850,2025,TPG,4825002,-20.73424,139.49366,,,Y,,,,,,,,,,,35.04172792690139,Telstra,231,Finke School,35.65628930185964,Combined,Government,Very Remote,School Single Entity,0,-25.5821,134.578486,50090,47909.0,7909.0,50090,Finke School,35.65628930185964,Combined,Government,Very Remote,School Single Entity,0,-25.5821,134.578486,50090,47909.0,7909.0,50090,0.6145613749582495,0.6145613749582495,No,No,No,No,,70900403,Apatula (Finke) Homelands - West,709004,Apatula (Finke) and Homelands,709,Apatula,7,Northern Territory,37488.9696,Within polygon,Matched,0,0,0,0,0,0,0,0,0,0,0,0,0.0,0.0,0.0,0,0,0,0,0,0,0,0,0.0,0.0,0.0,0,ABS 2021 Census Indigenous Profile,Indigenous Location (ILOC),2021
829,BLUE BUSH,BLUEBUSH,Family Outstation,BARKLY,PATTA,CENTRAL LAND COUNCIL,BARKLY,BARKLY,,Not recorded,-19.02411,133.73583,https://bushtel.nt.gov.au/profile/829,Not listed,Not confirmed,,,,,,,,,,,,,84.07372090929557,4G/LTE + 5G/NR + IoT,"IoT700, LTE700, LTE850, LTE2600, NR850, NR2600",2025,Telstra,860009,-19.65103,134.18377,,Y,Y,Y,,,Y,,Y,,Y,,,,,,67.5715716118728,3G/UMTS,UMTS900,2025,Optus,852095,-19.4368,134.20825,,Y,,,,,,,,,,,,,,,,,631.3488983747228,4G/LTE,LTE850,2025,TPG,4825002,-20.73424,139.49366,,,Y,,,,,,,,,,,67.5715716118728,Optus,61,Tennant Creek Primary School,84.31116296007514,Primary,Government,Very Remote,School Single Entity,0,-19.6501,134.18925,50046,56574.0,16574.0,50046,Tennant Creek High School,84.22652794059191,Secondary,Government,Very Remote,School Single Entity,0,-19.644142,134.196942,50007,47918.0,7918.0,50007,16.65495632871911,16.73959134820234,No,No,Yes,Yes,Review,70700302,Elliott Surrounds - Outstations,707003,Barkly,707,Tennant Creek,7,Northern Territory,115005.6995,Within polygon,Matched,47,43,91,10,21,14,30,17,0,25,350,1542,1.1,3.6,16.0,0,17,9,61,21,0,27,38,8.0,40.3,37.1,31,ABS 2021 Census Indigenous Profile,Indigenous Location (ILOC),2021
698,BOBS YARD,"IUWAKAM,KUTJULUM BURRU",Family Outstation,VICTORIA DALY,TIMBER CREEK,NORTHERN LAND COUNCIL,GWOJA,BIG RIVERS,,Not recorded,-16.00945,130.61125,https://bushtel.nt.gov.au/profile/698,Not listed,Not confirmed,,,,,,,,,,,,,41.73392664842715,4G/LTE + IoT,"IoT700, LTE700",2025,Telstra,852004,-15.65639,130.47889,,Y,Y,,,,,,,,,,,,,,53.207649236613065,3G/UMTS + 4G/LTE,"UMTS900, LTE700",2025,Optus,852107,-16.486946,130.643636,,Y,,Y,,,,,,,,,,,,Y,Federal Mobile Black Spot Program (MBSP),2.0,382.1015000670936,4G/LTE,"LTE850, LTE1800, LTE2100",2025,TPG,836004,-12.613261,131.151729,,,Y,Y,Y,,,,,,,,,41.73392664842715,Telstra,180,Timber Creek School,43.113915885227534,Combined,Government,Very Remote,School Single Entity,0,-15.6481,130.46513,50121,47932.0,7932.0,50121,Timber Creek School,43.113915885227534,Combined,Government,Very Remote,School Single Entity,0,-15.6481,130.46513,50121,47932.0,7932.0,50121,1.379989236800384,1.379989236800384,No,No,No,No,,70500805,Timber Creek - Surrounds,705008,Victoria River,705,Katherine,7,Northern Territory,64510.5948,Within polygon,Matched,66,56,127,14,28,25,30,15,14,23,336,860,2.0,4.3,46.2,0,17,6,88,14,19,29,51,56.7,34.5,14.9,42,ABS 2021 Census Indigenous Profile,Indigenous Location (ILOC),2021
465,BODIA,No aliases recorded with NTG DIPL,Family Outstation,EAST ARNHEM,GUMURR GATTJIRRK,NORTHERN LAND COUNCIL,MULKA,EAST ARNHEM,44.0,Homelands Service Provider Report 2023,-12.07688,134.89628,https://bushtel.nt.gov.au/profile/465,Yes,Confirmed,Primary name,BODIA,0.0,BODIA,COMMUNITY,29.0,,,YES,TELSTRA,-12.07688,134.89628,5.260529455315279,4G/LTE + IoT,"IoT700, LTE700",2025,Telstra,822010,-12.12233,134.90971,,Y,Y,,,,,,,,,,,,,,204.77448773132608,4G/LTE + IoT,"NBIoT700, LTE700, LTE2600",2025,Optus,880003,-12.181375,136.776877,Y,,,Y,,,,,Y,,,,,,,,,,410.30909856241,4G/LTE,"LTE850, LTE1800, LTE2100",2025,TPG,836002,-12.55419,131.15106,,,Y,Y,Y,,,,,,,,,5.260529455315279,Telstra,567,Milingimbi School,3.817332525871573,Combined,Government,Very Remote,School Single Entity,0,-12.1021,134.9201,50062,46732.0,6732.0,50062,Milingimbi School,3.817332525871573,Combined,Government,Very Remote,School Single Entity,0,-12.1021,134.9201,50062,46732.0,6732.0,50062,-1.4431969294437064,-1.4431969294437064,Yes,Yes,No,No,,70600705,Ramingining - Milingimbi Outstations,706007,Ramingining - Milingimbi and Outstations,706,Nhulunbuy,7,Northern Territory,11429.1805,Within polygon,Matched,85,80,169,3,31,36,53,40,11,30,247,1187,1.7,5.6,61.5,7,21,8,134,25,26,47,80,46.8,34.6,18.4,34,ABS 2021 Census Indigenous Profile,Indigenous Location (ILOC),2021
298,BOLKDJAM,"BORLKDJAM,BULKDJAM",Family Outstation,WEST ARNHEM,MANINGRIDA,NORTHERN LAND COUNCIL,ARAFURA,TOP END,50.0,Homelands Service Provider Report 2023,-12.41151,134.41998,https://bushtel.nt.gov.au/profile/298,Not listed,Not confirmed,,,,,,,,,,,,,44.61869582373131,4G/LTE + 5G/NR + IoT,"IoT700, LTE700, LTE850, LTE1800, LTE2100, LTE2600, NR850, NR2600",2025,Telstra,822008,-12.05532,134.23091,,Y,Y,Y,Y,Y,Y,,Y,,Y,,,Y,REGIONAL CO-INVESTMENT: RCP - TX Upgrade,1.0,158.72410283617887,3G/UMTS + 4G/LTE,"UMTS900, LTE700",2025,Optus,822106,-12.42654,132.95842,,Y,,Y,,,,,,,,,,,,Y,Federal Mobile Black Spot Program (MBSP),5.0,355.24733568951234,4G/LTE,"LTE850, LTE1800, LTE2100",2025,TPG,836002,-12.55419,131.15106,,,Y,Y,Y,,,,,,,,,44.61869582373131,Telstra,166,Nawarddeken Academy Manmoyi School,36.39828746302437,Combined,Independent,Very Remote,School Single Entity,0,-12.54418519,134.1134967,53058,87768.0,87763.0,53058,Nawarddeken Academy Manmoyi School,36.39828746302437,Combined,Independent,Very Remote,School Single Entity,0,-12.54418519,134.1134967,53058,87768.0,87763.0,53058,-8.220408360706934,-8.220408360706934,Yes,Yes,No,No,,70400302,Maningrida Outstations,704003,Maningrida and Outstations,704,Jabiru - Tiwi,7,Northern Territory,9758.0375,Within polygon,Matched,170,195,366,23,65,77,131,58,11,26,207,900,2.1,5.9,72.3,4,34,42,283,10,22,35,226,60.6,11.8,4.6,88,ABS 2021 Census Indigenous Profile,Indigenous Location (ILOC),2021
583,BOOMERANG LAGOON,MALANBAPOY,Family Outstation,ROPER GULF,YUGUL MANGI,NORTHERN LAND COUNCIL,ARNHEM,BIG RIVERS,,Not recorded,-14.45061,135.03925,https://bushtel.nt.gov.au/profile/583,Not listed,Not confirmed,,,,,,,,,,,,,45.58335358861584,4G/LTE + IoT,"IoT700, LTE700, LTE2600",2025,Telstra,852002,-14.73361,134.73278,,Y,Y,,,,Y,,,,,,,,,,203.47738852833623,3G/UMTS + 4G/LTE,"UMTS900, LTE700",2025,Optus,852113,-14.9541,133.2204,,Y,,Y,,,,,,,,,,,,Y,Federal Mobile Black Spot Program (MBSP),5.0,467.2774743424702,4G/LTE,"LTE850, LTE1800, LTE2100",2025,TPG,836004,-12.613261,131.151729,,,Y,Y,Y,,,,,,,,,45.58335358861584,Telstra,158,Ngukurr School,45.17597246055661,Combined,Government,Very Remote,School Single Entity,0,-14.7285,134.733,50063,47959.0,7959.0,50063,Ngukurr School,45.17597246055661,Combined,Government,Very Remote,School Single Entity,0,-14.7285,134.733,50063,47959.0,7959.0,50063,-0.4073811280592352,-0.4073811280592352,Yes,Yes,No,No,,70500405,Yugul Mangi Outstations,705004,Gulf,705,Katherine,7,Northern Territory,32782.3489,Within polygon,Matched,12,17,24,0,0,3,11,9,0,38,177,687,1.9,4.5,66.7,0,0,0,24,0,4,3,17,40.0,20.0,12.0,0,ABS 2021 Census Indigenous Profile,Indigenous Location (ILOC),2021
481,BOROGOMARRA,"DJAKALAJIRAPURRA,DJAKALAJIRIPURRA,MANGBIRR,MANGBIRRI",Family Outstation,EAST ARNHEM,BIRR RAWARRANG,NORTHERN LAND COUNCIL,MULKA,EAST ARNHEM,,Not recorded,-12.24159,134.97834,https://bushtel.nt.gov.au/profile/481,Not listed,Not confirmed,,,,,,,,,,,,,11.175214743370724,4G/LTE + 5G/NR + IoT,"IoT700, LTE700, LTE850, LTE2600, NR850, NR2600",2025,Telstra,822003,-12.32833,134.92639,,Y,Y,Y,,,Y,,Y,,Y,,,Y,REGIONAL CO-INVESTMENT: RCP - TX Upgrade,1.0,195.5777082582522,4G/LTE + IoT,"NBIoT700, LTE700, LTE2600",2025,Optus,880003,-12.181375,136.776877,Y,,,Y,,,,,Y,,,,,,,,,,417.0971309656669,4G/LTE,"LTE850, LTE1800, LTE2100",2025,TPG,836002,-12.55419,131.15106,,,Y,Y,Y,,,,,,,,,11.175214743370724,Telstra,481,Ramingining School,11.00266668628172,Combined,Government,Very Remote,School Single Entity,0,-12.32641,134.92619,50065,47963.0,7963.0,50065,Ramingining School,11.00266668628172,Combined,Government,Very Remote,School Single Entity,0,-12.32641,134.92619,50065,47963.0,7963.0,50065,-0.1725480570890045,-0.1725480570890045,Yes,Yes,No,No,,70600705,Ramingining - Milingimbi Outstations,706007,Ramingining - Milingimbi and Outstations,706,Nhulunbuy,7,Northern Territory,11429.1805,Within polygon,Matched,85,80,169,3,31,36,53,40,11,30,247,1187,1.7,5.6,61.5,7,21,8,134,25,26,47,80,46.8,34.6,18.4,34,ABS 2021 Census Indigenous Profile,Indigenous Location (ILOC),2021
24904,BRUMBY PLAINS,No aliases recorded with NTG DIPL,Family Outstation,VICTORIA DALY,DAGURAGU,CENTRAL LAND COUNCIL,GWOJA,BIG RIVERS,8.0,Homelands Service Provider Report 2023,-17.05303,129.01037,https://bushtel.nt.gov.au/profile/24904,Yes,Confirmed,Primary name,BRUMBY PLAINS,0.039474518284186,BRUMBY PLAINS,COMMUNITY,5.0,,YES,,TELSTRA,-17.053,129.01,0.0111417285263523,4G/LTE + IoT,"IoT700, LTE700",2025,Telstra,852108,-17.053,129.01027,,Y,Y,,,,,,,,,,,Y,REGIONAL CO-INVESTMENT: Small Cell Satellite,,81.20173178746525,3G/UMTS + 4G/LTE,"UMTS900, LTE700",2025,Optus,6770030,-17.38659,128.33025,,Y,,Y,,,,,,,,,,,,Y,Federal Mobile Black Spot Program (MBSP),2.0,544.672242790404,4G/LTE,"LTE850, LTE1800, LTE2100",2025,TPG,836004,-12.613261,131.151729,,,Y,Y,Y,,,,,,,,,0.0111417285263523,Telstra,630,Amanbidji School,94.99360318403238,Combined,Government,Very Remote,School Single Entity,0,-16.427522,129.617986,50138,47922.0,7922.0,50138,Amanbidji School,94.99360318403238,Combined,Government,Very Remote,School Single Entity,0,-16.427522,129.617986,50138,47922.0,7922.0,50138,94.98246145550604,94.98246145550604,No,No,Yes,No,,70500803,Daguragu Outstations,705008,Victoria River,705,Katherine,7,Northern Territory,41402.8914,Within polygon,Matched,18,7,23,0,0,4,4,5,0,22,267,2250,1.3,7.5,50.0,0,0,0,14,6,4,7,8,28.6,50.0,35.7,0,ABS 2021 Census Indigenous Profile,Indigenous Location (ILOC),2021
585,BUBBLE BUBBLE,"DHAMBERRAL,DJAMBORAL,DUMBARAL ASSOC,DUMBRAL,NEWRY STATION",Family Outstation,VICTORIA DALY,TIMBER CREEK,NORTHERN LAND COUNCIL,GWOJA,BIG RIVERS,10.0,Homelands Service Provider Report 2023,-15.81036,129.31022,https://bushtel.nt.gov.au/profile/585,Not listed,Not confirmed,,,,,,,,,,,,,38.316898160902966,4G/LTE + IoT,"IoT700, LTE700",2025,Telstra,6743043,-15.98162,128.99931,,Y,Y,,,,,,,,,,,Y,Federal Mobile Black Spot Program (MBSP),5.0,22.47487530194281,3G/UMTS + 4G/LTE,"UMTS900, LTE700",2025,Optus,852121,-15.762983,129.106028,,Y,,Y,,,,,,,,,,,,Y,Federal Mobile Black Spot Program (MBSP),5.0,407.0076807175518,4G/LTE + 5G/NR,"LTE850, LTE1800, LTE2100, NR700",2025,TPG,800002,-12.4651,130.8425,,,Y,Y,Y,Y,,,,,,,,22.47487530194281,Optus,347,Bulla Camp School,45.18276162165386,Combined,Government,Very Remote,School Single Entity,0,-15.9353,129.7122,50082,56531.0,16531.0,50082,Bulla Camp School,45.18276162165386,Combined,Government,Very Remote,School Single Entity,0,-15.9353,129.7122,50082,56531.0,16531.0,50082,22.70788631971105,22.70788631971105,No,No,No,No,,70500805,Timber Creek - Surrounds,705008,Victoria River,705,Katherine,7,Northern Territory,64510.5948,Within polygon,Matched,66,56,127,14,28,25,30,15,14,23,336,860,2.0,4.3,46.2,0,17,6,88,14,19,29,51,56.7,34.5,14.9,42,ABS 2021 Census Indigenous Profile,Indigenous Location (ILOC),2021
700,BUCKET SPRINGS,BINJEN NINGGUWUNG,Family Outstation,VICTORIA DALY,TIMBER CREEK,NORTHERN LAND COUNCIL,GWOJA,BIG RIVERS,,Not recorded,-15.74001,129.16465,https://bushtel.nt.gov.au/profile/700,Not listed,Not confirmed,,,,,,,,,,,,,32.16417127981607,4G/LTE + IoT,"IoT700, LTE700",2025,Telstra,6743043,-15.98162,128.99931,,Y,Y,,,,,,,,,,,Y,Federal Mobile Black Spot Program (MBSP),5.0,6.773822066062986,3G/UMTS + 4G/LTE,"UMTS900, LTE700",2025,Optus,852121,-15.762983,129.106028,,Y,,Y,,,,,,,,,,,,Y,Federal Mobile Black Spot Program (MBSP),5.0,406.6185597981397,4G/LTE + 5G/NR,"LTE850, LTE1800, LTE2100, NR700",2025,TPG,800002,-12.4651,130.8425,,,Y,Y,Y,Y,,,,,,,,6.773822066062986,Optus,547,Bulla Camp School,62.46931222648328,Combined,Government,Very Remote,School Single Entity,0,-15.9353,129.7122,50082,56531.0,16531.0,50082,Bulla Camp School,62.46931222648328,Combined,Government,Very Remote,School Single Entity,0,-15.9353,129.7122,50082,56531.0,16531.0,50082,55.6954901604203,55.6954901604203,No,No,Yes,No,,70500805,Timber Creek - Surrounds,705008,Victoria River,705,Katherine,7,Northern Territory,64510.5948,Within polygon,Matched,66,56,127,14,28,25,30,15,14,23,336,860,2.0,4.3,46.2,0,17,6,88,14,19,29,51,56.7,34.5,14.9,42,ABS 2021 Census Indigenous Profile,Indigenous Location (ILOC),2021
986,BUDJANGA,No aliases recorded with NTG DIPL,Family Outstation,ROPER GULF,SOUTH WEST GULF,NORTHERN LAND COUNCIL,BARKLY,BIG RIVERS,8.0,Homelands Service Provider Report 2023,-16.17945,136.76818,https://bushtel.nt.gov.au/profile/986,Not listed,Not confirmed,,,,,,,,,,,,,51.30563446349173,4G/LTE + IoT,"IoT700, LTE700, LTE1800, LTE2100, LTE2600",2025,Telstra,854001,-16.05361,136.30611,,Y,Y,,Y,Y,Y,,,,,,,,,,124.4306968490809,3G/UMTS,UMTS900,2025,Optus,852089,-16.6834,135.7265,,Y,,,,,,,,,,,,,,Y,Federal Mobile Black Spot Program (MBSP),2.0,582.3162371698131,4G/LTE,LTE850,2025,TPG,4825002,-20.73424,139.49366,,,Y,,,,,,,,,,,51.30563446349173,Telstra,123,Borroloola School,51.129083489436624,Combined,Government,Very Remote,School Single Entity,0,-16.0582,136.30649,50056,47921.0,7921.0,50056,Borroloola School,51.129083489436624,Combined,Government,Very Remote,School Single Entity,0,-16.0582,136.30649,50056,47921.0,7921.0,50056,-0.1765509740551039,-0.1765509740551039,Yes,Yes,Yes,Yes,Review,70500401,Mabunji - Mungoorbada Outstations,705004,Gulf,705,Katherine,7,Northern Territory,55041.1368,Within polygon,Matched,62,43,104,7,17,23,30,21,8,30,407,916,1.9,3.6,48.1,4,12,3,79,23,9,28,52,22.2,34.6,26.9,24,ABS 2021 Census Indigenous Profile,Indigenous Location (ILOC),2021
1027,BUFFALO FARM,No aliases recorded with NTG DIPL,Family Outstation,WEST ARNHEM,KAKADU,NORTHERN LAND COUNCIL,ARAFURA,TOP END,6.0,Homelands Service Provider Report 2023,-12.81369,132.59382,https://bushtel.nt.gov.au/profile/1027,Not listed,Not confirmed,,,,,,,,,,,,,12.848099489588542,4G/LTE + 5G/NR + IoT,"IoT700, LTE700, LTE850, NR850",2025,Telstra,886002,-12.90601,132.52255,,Y,Y,Y,,,,,Y,,,,,,,,30.63193445034608,4G/LTE + IoT,"NBIoT700, LTE700, LTE2600",2025,Optus,886001,-12.669492,132.834471,Y,,,Y,,,,,Y,,,,,,,,,,158.0014287160423,4G/LTE,"LTE850, LTE1800, LTE2100",2025,TPG,836004,-12.613261,131.151729,,,Y,Y,Y,,,,,,,,,12.848099489588542,Telstra,456,Jabiru Area School,30.35338892026133,Combined,Government,Remote,School Single Entity,0,-12.67577,132.83534,50053,47971.0,7971.0,50053,Jabiru Area School,30.35338892026133,Combined,Government,Remote,School Single Entity,0,-12.67577,132.83534,50053,47971.0,7971.0,50053,17.50528943067279,17.50528943067279,No,No,No,No,,70400202,Kakadu - Marrakai - Surrounds,704002,Kakadu - Marrakai - Jabiru,704,Jabiru - Tiwi,7,Northern Territory,25261.6924,Within polygon,Matched,104,101,206,14,30,35,53,66,11,33,496,1649,1.3,3.2,17.8,3,24,10,165,82,13,94,62,14.0,56.4,48.5,44,ABS 2021 Census Indigenous Profile,Indigenous Location (ILOC),2021
257,BUJAN,"BUJANA,EAST WYREAN,PUJANA",Family Outstation,ROPER GULF,SOUTH WEST GULF,NORTHERN LAND COUNCIL,BARKLY,BIG RIVERS,4.0,Homelands Service Provider Report 2023,-16.26901,136.87915,https://bushtel.nt.gov.au/profile/257,Not listed,Not confirmed,,,,,,,,,,,,,55.517860010315566,4G/LTE + IoT,"IoT700, LTE700",2025,Telstra,862019,-16.75799,136.9844,,Y,Y,,,,,,,,,,,,,,131.25919029092336,3G/UMTS,UMTS900,2025,Optus,852089,-16.6834,135.7265,,Y,,,,,,,,,,,,,,Y,Federal Mobile Black Spot Program (MBSP),2.0,567.8719791102031,4G/LTE,LTE850,2025,TPG,4825002,-20.73424,139.49366,,,Y,,,,,,,,,,,55.517860010315566,Telstra,102,Robinson River School,55.63220433053548,Combined,Government,Very Remote,School Single Entity,0,-16.7597,136.981,50118,56541.0,16541.0,50118,Robinson River School,55.63220433053548,Combined,Government,Very Remote,School Single Entity,0,-16.7597,136.981,50118,56541.0,16541.0,50118,0.1143443202199137,0.1143443202199137,No,No,Yes,Yes,Review,70500401,Mabunji - Mungoorbada Outstations,705004,Gulf,705,Katherine,7,Northern Territory,55041.1368,Within polygon,Matched,62,43,104,7,17,23,30,21,8,30,407,916,1.9,3.6,48.1,4,12,3,79,23,9,28,52,22.2,34.6,26.9,24,ABS 2021 Census Indigenous Profile,Indigenous Location (ILOC),2021
466,BUKUDAL,No aliases recorded with NTG DIPL,Family Outstation,EAST ARNHEM,GUMURR MIWATJ,NORTHERN LAND COUNCIL,ARNHEM,EAST ARNHEM,16.0,Homelands Service Provider Report 2023,-12.96647,136.61353,https://bushtel.nt.gov.au/profile/466,Not listed,Not confirmed,,,,,,,,,,,,,67.96791351393085,4G/LTE + IoT,"IoT700, LTE700",2025,Telstra,880016,-12.38241,136.79831,,Y,Y,,,,,,,,,,,,,,89.08047366517476,4G/LTE + IoT,"NBIoT700, LTE700, LTE2600",2025,Optus,880003,-12.181375,136.776877,Y,,,Y,,,,,Y,,,,,,,,,,593.5455290002478,4G/LTE,"LTE850, LTE1800, LTE2100",2025,TPG,836004,-12.613261,131.151729,,,Y,Y,Y,,,,,,,,,67.96791351393085,Telstra,59,Baniyala Garrangali School,49.3702748169466,Combined,Government,Very Remote,School Single Entity,0,-13.2004,136.2261,50139,67690.0,27690.0,50139,Baniyala Garrangali School,49.3702748169466,Combined,Government,Very Remote,School Single Entity,0,-13.2004,136.2261,50139,67690.0,27690.0,50139,-18.59763869698425,-18.59763869698425,Yes,Yes,No,Yes,,70600304,Laynhapuy,706003,Laynhapuy - Gumatj Homelands,706,Nhulunbuy,7,Northern Territory,5255.6095,Within polygon,Matched,112,87,204,13,32,38,65,46,16,31,262,1187,1.7,4.6,52.6,4,17,12,161,24,7,30,114,23.1,16.0,12.3,45,ABS 2021 Census Indigenous Profile,Indigenous Location (ILOC),2021
467,BULARRING,"BULARRINY,BULARRINYUR",Family Outstation,EAST ARNHEM,GUMURR MARTHAKAL,NORTHERN LAND COUNCIL,MULKA,EAST ARNHEM,,Not recorded,-12.04636,135.70342,https://bushtel.nt.gov.au/profile/467,Not listed,Not confirmed,,,,,,,,,,,,,15.24139482819148,4G/LTE + 5G/NR + IoT,"IoT700, LTE700, LTE850, LTE2600, NR850, NR2600",2025,Telstra,822005,-12.02483,135.56501,,Y,Y,Y,,,Y,,Y,,Y,,,,,,117.66678743692316,4G/LTE + IoT,"NBIoT700, LTE700, LTE2600",2025,Optus,880003,-12.181375,136.776877,Y,,,Y,,,,,Y,,,,,,,,,,497.7854429014681,4G/LTE,"LTE850, LTE1800, LTE2100",2025,TPG,836002,-12.55419,131.15106,,,Y,Y,Y,,,,,,,,,15.24139482819148,Telstra,422,Shepherdson College,14.905690414012392,Combined,Government,Very Remote,School Single Entity,0,-12.02856,135.56757,50066,55931.0,15931.0,50066,Shepherdson College,14.905690414012392,Combined,Government,Very Remote,School Single Entity,0,-12.02856,135.56757,50066,55931.0,15931.0,50066,-0.3357044141790872,-0.3357044141790872,Yes,Yes,No,No,,70600402,Marthakal Homelands exc. Galiwinku,706004,Marthakal Homelands - Galiwinku,706,Nhulunbuy,7,Northern Territory,5177.5161,Within polygon,Matched,204,224,425,32,93,102,113,79,18,23,281,1312,1.8,5.7,64.7,8,68,36,308,27,25,58,245,43.6,18.0,10.2,125,ABS 2021 Census Indigenous Profile,Indigenous Location (ILOC),2021
300,BULGUL,WADJIGAN,Family Outstation,UN-INCORPORATED (COX-DALY),Not recorded,NORTHERN LAND COUNCIL,DALY,TOP END,21.0,Homelands Service Provider Report 2023,-13.08387,130.12203,https://bushtel.nt.gov.au/profile/300,Not listed,Not confirmed,,,,,,,,,,,,,9.247681924730772,4G/LTE,LTE700,2025,Telstra,822013,-13.16703,130.12308,,,Y,,,,,,,,,,,,,,60.98844216743392,3G/UMTS + 4G/LTE,"UMTS900, LTE700",2025,Optus,822091,-13.164608,130.679087,,Y,,Y,,,,,,,,,,,,Y,Federal Mobile Black Spot Program (MBSP),2.0,103.91616353598992,4G/LTE,"LTE850, LTE1800, LTE2100",2025,TPG,820009,-12.451,130.8271,,,Y,Y,Y,,,,,,,,,9.247681924730772,Telstra,510,Dundee Beach School,46.22056785321673,Combined,Government,Remote,School Single Entity,0,-12.7514,130.378,50087,56547.0,16547.0,50087,Dundee Beach School,46.22056785321673,Combined,Government,Remote,School Single Entity,0,-12.7514,130.378,50087,56547.0,16547.0,50087,36.97288592848596,36.97288592848596,No,No,No,No,,70300404,Cox - Finniss,703004,Cox - Finniss - Coomalie,703,Darwin,7,Northern Territory,6274.7088,Within polygon,Matched,59,72,132,3,21,10,26,48,27,48,414,974,1.0,2.6,13.6,0,9,11,108,33,10,43,64,23.3,40.6,31.1,24,ABS 2021 Census Indigenous Profile,Indigenous Location (ILOC),2021
302,BULUHKADURU,"BUKUHKADURU,BULAGADARU,BULUNKADURU",Family Outstation,WEST ARNHEM,MANINGRIDA,NORTHERN LAND COUNCIL,ARAFURA,TOP END,32.0,Homelands Service Provider Report 2023,-12.43247,134.42307,https://bushtel.nt.gov.au/profile/302,Not listed,Not confirmed,,,,,,,,,,,,,46.84820567691245,4G/LTE + 5G/NR + IoT,"IoT700, LTE700, LTE850, LTE1800, LTE2100, LTE2600, NR850, NR2600",2025,Telstra,822008,-12.05532,134.23091,,Y,Y,Y,Y,Y,Y,,Y,,Y,,,Y,REGIONAL CO-INVESTMENT: RCP - TX Upgrade,1.0,159.04581360764973,3G/UMTS + 4G/LTE,"UMTS900, LTE700",2025,Optus,822106,-12.42654,132.95842,,Y,,Y,,,,,,,,,,,,Y,Federal Mobile Black Spot Program (MBSP),5.0,355.4717470513079,4G/LTE,"LTE850, LTE1800, LTE2100",2025,TPG,836002,-12.55419,131.15106,,,Y,Y,Y,,,,,,,,,46.84820567691245,Telstra,147,Nawarddeken Academy Manmoyi School,35.8308076845311,Combined,Independent,Very Remote,School Single Entity,0,-12.54418519,134.1134967,53058,87768.0,87763.0,53058,Nawarddeken Academy Manmoyi School,35.8308076845311,Combined,Independent,Very Remote,School Single Entity,0,-12.54418519,134.1134967,53058,87768.0,87763.0,53058,-11.017397992381348,-11.017397992381348,Yes,Yes,No,No,,70400302,Maningrida Outstations,704003,Maningrida and Outstations,704,Jabiru - Tiwi,7,Northern Territory,9758.0375,Within polygon,Matched,170,195,366,23,65,77,131,58,11,26,207,900,2.1,5.9,72.3,4,34,42,283,10,22,35,226,60.6,11.8,4.6,88,ABS 2021 Census Indigenous Profile,Indigenous Location (ILOC),2021
468,BUNDATHARRI,BUNDADHARRI,Family Outstation,EAST ARNHEM,BIRR RAWARRANG,NORTHERN LAND COUNCIL,MULKA,EAST ARNHEM,,Not recorded,-12.23568,134.84672,https://bushtel.nt.gov.au/profile/468,Not listed,Not confirmed,,,,,,,,,,,,,13.456031749081095,4G/LTE + 5G/NR + IoT,"IoT700, LTE700, LTE850, LTE2600, NR850, NR2600",2025,Telstra,822003,-12.32833,134.92639,,Y,Y,Y,,,Y,,Y,,Y,,,Y,REGIONAL CO-INVESTMENT: RCP - TX Upgrade,1.0,206.220038489944,3G/UMTS + 4G/LTE,"UMTS900, LTE700",2025,Optus,822106,-12.42654,132.95842,,Y,,Y,,,,,,,,,,,,Y,Federal Mobile Black Spot Program (MBSP),5.0,402.91653636628223,4G/LTE,"LTE850, LTE1800, LTE2100",2025,TPG,836002,-12.55419,131.15106,,,Y,Y,Y,,,,,,,,,13.456031749081095,Telstra,447,Ramingining School,13.279166126975904,Combined,Government,Very Remote,School Single Entity,0,-12.32641,134.92619,50065,47963.0,7963.0,50065,Ramingining School,13.279166126975904,Combined,Government,Very Remote,School Single Entity,0,-12.32641,134.92619,50065,47963.0,7963.0,50065,-0.1768656221051898,-0.1768656221051898,Yes,Yes,No,No,,70600705,Ramingining - Milingimbi Outstations,706007,Ramingining - Milingimbi and Outstations,706,Nhulunbuy,7,Northern Territory,11429.1805,Within polygon,Matched,85,80,169,3,31,36,53,40,11,30,247,1187,1.7,5.6,61.5,7,21,8,134,25,26,47,80,46.8,34.6,18.4,34,ABS 2021 Census Indigenous Profile,Indigenous Location (ILOC),2021
949,BUNHANURA,No aliases recorded with NTG DIPL,Family Outstation,EAST ARNHEM,GUMURR MIYARRKA,NORTHERN LAND COUNCIL,ARNHEM,EAST ARNHEM,15.0,Homelands Service Provider Report 2023,-12.37449,135.72221,https://bushtel.nt.gov.au/profile/949,Yes,Confirmed,Primary name,BUNHANURA,0.0,BUNHANURA,COMMUNITY,7.0,,,YES,TELSTRA,-12.37449,135.72221,16.83358405518387,4G/LTE + IoT,"IoT700, LTE700, LTE2600",2025,Telstra,880002,-12.50333,135.80361,,Y,Y,,,,Y,,,,,,,,,,116.58591850705982,4G/LTE + IoT,"NBIoT700, LTE700, LTE2600",2025,Optus,880003,-12.181375,136.776877,Y,,,Y,,,,,Y,,,,,,,,,,496.70499109495415,4G/LTE,"LTE850, LTE1800, LTE2100",2025,TPG,836002,-12.55419,131.15106,,,Y,Y,Y,,,,,,,,,16.83358405518387,Telstra,401,Gapuwiyak School,17.29778353457452,Combined,Government,Very Remote,School Single Entity,0,-12.50553,135.80806,50057,47952.0,7952.0,50057,Gapuwiyak School,17.29778353457452,Combined,Government,Very Remote,School Single Entity,0,-12.50553,135.80806,50057,47952.0,7952.0,50057,0.4641994793906505,0.4641994793906505,No,No,No,No,,70600202,Gapuwiyak Outstations,706002,Gapuwiyak and Outstations,706,Nhulunbuy,7,Northern Territory,6341.3536,Within polygon,Matched,23,42,63,7,12,11,23,11,4,29,327,1156,1.6,4.7,50.0,0,11,5,48,9,0,9,36,0.0,20.4,20.4,19,ABS 2021 Census Indigenous Profile,Indigenous Location (ILOC),2021
976,BUNI-INWUNBULUK,ANNESLEY POINT,Family Outstation,WEST ARNHEM,BARRAH,NORTHERN LAND COUNCIL,ARAFURA,TOP END,10.0,Homelands Service Provider Report 2023,-11.40613,132.82554,https://bushtel.nt.gov.au/profile/976,Not listed,Not confirmed,,,,,,,,,,,,,39.711602611909846,4G/LTE + IoT,"IoT700, LTE700, LTE850",2025,Telstra,822032,-11.1479,132.57398,,Y,Y,Y,,,,,,,,,,Y,Federal Mobile Black Spot Program (MBSP),1.0,114.38187419637164,3G/UMTS + 4G/LTE,"UMTS900, LTE700",2025,Optus,822106,-12.42654,132.95842,,Y,,Y,,,,,,,,,,,,Y,Federal Mobile Black Spot Program (MBSP),5.0,222.41810426753344,4G/LTE,"LTE850, LTE1800, LTE2100",2025,TPG,836002,-12.55419,131.15106,,,Y,Y,Y,,,,,,,,,39.711602611909846,Telstra,191,Mamaruni School,39.37529946370554,Combined,Government,Very Remote,School Single Entity,0,-11.14856,132.57775,50098,47955.0,7955.0,50098,Mamaruni School,39.37529946370554,Combined,Government,Very Remote,School Single Entity,0,-11.14856,132.57775,50098,47955.0,7955.0,50098,-0.3363031482043084,-0.3363031482043084,Yes,Yes,No,No,,70400401,Cobourg Peninsula - Demed Homelands,704004,North-West Arnhem,704,Jabiru - Tiwi,7,Northern Territory,23675.7318,Within polygon,Matched,145,127,279,27,57,40,102,44,3,27,239,1218,2.4,5.6,70.3,4,34,22,190,45,3,48,138,8.3,24.7,22.7,84,ABS 2021 Census Indigenous Profile,Indigenous Location (ILOC),2021
470,BURRUM,BULAKATOR,Family Outstation,EAST ARNHEM,GUMURR MIYARRKA,NORTHERN LAND COUNCIL,ARNHEM,EAST ARNHEM,13.0,Homelands Service Provider Report 2023,-12.3094,135.9605,https://bushtel.nt.gov.au/profile/470,Not listed,Not confirmed,,,,,,,,,,,,,27.48276761243756,4G/LTE + IoT,"IoT700, LTE700, LTE2600",2025,Telstra,880002,-12.50333,135.80361,,Y,Y,,,,Y,,,,,,,,,,89.84666703874812,4G/LTE + IoT,"NBIoT700, LTE700, LTE2600",2025,Optus,880003,-12.181375,136.776877,Y,,,Y,,,,,Y,,,,,,,,,,522.9482198700662,4G/LTE,"LTE850, LTE1800, LTE2100",2025,TPG,836002,-12.55419,131.15106,,,Y,Y,Y,,,,,,,,,27.48276761243756,Telstra,302,Gapuwiyak School,27.380217273048466,Combined,Government,Very Remote,School Single Entity,0,-12.50553,135.80806,50057,47952.0,7952.0,50057,Gapuwiyak School,27.380217273048466,Combined,Government,Very Remote,School Single Entity,0,-12.50553,135.80806,50057,47952.0,7952.0,50057,-0.1025503393890971,-0.1025503393890971,Yes,Yes,No,No,,70600202,Gapuwiyak Outstations,706002,Gapuwiyak and Outstations,706,Nhulunbuy,7,Northern Territory,6341.3536,Within polygon,Matched,23,42,63,7,12,11,23,11,4,29,327,1156,1.6,4.7,50.0,0,11,5,48,9,0,9,36,0.0,20.4,20.4,19,ABS 2021 Census Indigenous Profile,Indigenous Location (ILOC),2021
686,BURRUMBURRU,DRY CREEK,Family Outstation,BARKLY,KUWARRANGU,NORTHERN LAND COUNCIL,BARKLY,BARKLY,,Not recorded,-17.74229,137.78155,https://bushtel.nt.gov.au/profile/686,Not listed,Not confirmed,,,,,,,,,,,,,61.586217522192335,4G/LTE + IoT,"IoT700, LTE700",2025,Telstra,862044,-17.21123,137.94643,,Y,Y,,,,,,,,,,,Y,REGIONAL CO-INVESTMENT: Small Cell Satellite,,131.87111612207292,3G/UMTS,UMTS900,2025,Optus,4825035,-18.69084,138.53096,,Y,,,,,,,,,,,,,,Y,Federal Mobile Black Spot Program (MBSP),2.0,378.12875042840966,4G/LTE,LTE850,2025,TPG,4825002,-20.73424,139.49366,,,Y,,,,,,,,,,,61.586217522192335,Telstra,75,Robinson River School,138.435899688855,Combined,Government,Very Remote,School Single Entity,0,-16.7597,136.981,50118,56541.0,16541.0,50118,Robinson River School,138.435899688855,Combined,Government,Very Remote,School Single Entity,0,-16.7597,136.981,50118,56541.0,16541.0,50118,76.84968216666266,76.84968216666266,No,No,Yes,Yes,Review,70700301,Barkly Tablelands - Outstations,707003,Barkly,707,Tennant Creek,7,Northern Territory,79907.8275,Within polygon,Matched,45,19,64,7,12,5,13,17,6,28,725,924,1.3,3.4,12.5,3,7,7,44,18,0,23,18,4.3,56.1,53.7,19,ABS 2021 Census Indigenous Profile,Indigenous Location (ILOC),2021
713,BURT CREEK,"RICE'S CAMP,YAMBA-MPWERINGE,YAMBAH-MPWERINGE",Family Outstation,MACDONNELL,RODINGA,CENTRAL LAND COUNCIL,NAMATJIRA,CENTRAL AUSTRALIA,37.0,Homelands Service Provider Report 2023,-23.19652,133.74759,https://bushtel.nt.gov.au/profile/713,Not listed,Not confirmed,,,,,,,,,,,,,37.04015936345363,4G/LTE + IoT,"IoT700, LTE700",2025,Telstra,870010,-23.52395,133.68087,,Y,Y,,,,,,,,,,,,,,53.89677959220538,4G/LTE + IoT,"NBIoT700, LTE700, LTE2600",2025,Optus,870052,-23.66924,133.864338,Y,,,Y,,,,,Y,,,,,,,,,,652.6576379764998,4G/LTE,LTE850,2025,TPG,4825002,-20.73424,139.49366,,,Y,,,,,,,,,,,37.04015936345363,Telstra,209,Braitling Primary School,54.85661490380116,Primary,Government,Remote,School Single Entity,0,-23.677393,133.867691,50016,47884.0,7884.0,50016,St Philip's College,56.62711946859504,Secondary,Independent,Remote,School Single Entity,0,-23.690364169117,133.883128746033,50155,53284.0,13284.0,50155,19.586960105141408,17.816455540347526,No,No,Yes,No,,70901402,Ingkerreke Outstations,709014,West MacDonnell Ranges,709,Apatula,7,Northern Territory,9777.1413,Within polygon,Matched,106,82,189,20,24,23,62,45,11,32,341,762,1.2,2.9,16.1,6,15,3,141,14,4,14,92,23.5,12.3,9.4,44,ABS 2021 Census Indigenous Profile,Indigenous Location (ILOC),2021
944,BURTA WURTA,"BARDU WARDU,BIRDIWATER",Family Outstation,VICTORIA DALY,DAGURAGU,CENTRAL LAND COUNCIL,GWOJA,BIG RIVERS,,Not recorded,-17.53597,130.47592,https://bushtel.nt.gov.au/profile/944,Not listed,Not confirmed,,,,,,,,,,,,,38.96669565375027,4G/LTE + IoT,"IoT700, LTE700, LTE2600",2025,Telstra,852009,-17.44192,130.82986,,Y,Y,,,,Y,,,,,,,,,,118.00158283568707,3G/UMTS + 4G/LTE,"UMTS900, LTE700",2025,Optus,852107,-16.486946,130.643636,,Y,,Y,,,,,,,,,,,,Y,Federal Mobile Black Spot Program (MBSP),2.0,552.1658156787688,4G/LTE,"LTE850, LTE1800, LTE2100",2025,TPG,836004,-12.613261,131.151729,,,Y,Y,Y,,,,,,,,,38.96669565375027,Telstra,198,Kalkaringi School,39.10102212428771,Combined,Government,Very Remote,School Single Entity,0,-17.44597,130.83233,50059,45023.0,5023.0,50059,Kalkaringi School,39.10102212428771,Combined,Government,Very Remote,School Single Entity,0,-17.44597,130.83233,50059,45023.0,5023.0,50059,0.134326470537438,0.134326470537438,No,No,No,No,,70500803,Daguragu Outstations,705008,Victoria River,705,Katherine,7,Northern Territory,41402.8914,Within polygon,Matched,18,7,23,0,0,4,4,5,0,22,267,2250,1.3,7.5,50.0,0,0,0,14,6,4,7,8,28.6,50.0,35.7,0,ABS 2021 Census Indigenous Profile,Indigenous Location (ILOC),2021
1019,BURUDU,RANKEN,Family Outstation,BARKLY,KUWARRANGU,NORTHERN LAND COUNCIL,BARKLY,BARKLY,4.0,Homelands Service Provider Report 2023,-19.59874,136.92545,https://bushtel.nt.gov.au/profile/1019,Not listed,Not confirmed,,,,,,,,,,,,,54.17198316864668,4G/LTE + IoT,"IoT700, LTE700",2025,Telstra,872171,-19.99025,136.617304,,Y,Y,,,,,,,,,,,Y,REGIONAL CO-INVESTMENT: Small Cell Satellite,,115.65652459462794,3G/UMTS,UMTS900,2025,Optus,862041,-19.71095,135.82742,,Y,,,,,,,,,,,,,,,,,296.30447478162915,4G/LTE,LTE850,2025,TPG,4825002,-20.73424,139.49366,,,Y,,,,,,,,,,,54.17198316864668,Telstra,109,Alpurrurulam School,181.9883417129033,Combined,Government,Very Remote,School Single Entity,0,-20.98775,137.84839,50075,56527.0,16527.0,50075,Alpurrurulam School,181.9883417129033,Combined,Government,Very Remote,School Single Entity,0,-20.98775,137.84839,50075,56527.0,16527.0,50075,127.81635854425662,127.81635854425662,No,No,Yes,Yes,Review,70700301,Barkly Tablelands - Outstations,707003,Barkly,707,Tennant Creek,7,Northern Territory,79907.8275,Within polygon,Matched,45,19,64,7,12,5,13,17,6,28,725,924,1.3,3.4,12.5,3,7,7,44,18,0,23,18,4.3,56.1,53.7,19,ABS 2021 Census Indigenous Profile,Indigenous Location (ILOC),2021
24994,BUSHCAMP,KALYWANPA,Family Outstation,BARKLY,PATTA,CENTRAL LAND COUNCIL,BARKLY,BARKLY,,Not recorded,-19.71711,134.15408,https://bushtel.nt.gov.au/profile/24994,Not listed,Not confirmed,,,,,,,,,,,,,7.978237826722527,4G/LTE + 5G/NR + IoT,"IoT700, LTE700, LTE850, LTE2600, NR850, NR2600",2025,Telstra,860009,-19.65103,134.18377,,Y,Y,Y,,,Y,,Y,,Y,,,,,,8.598515720561542,4G/LTE + IoT,"NBIoT700, LTE700, LTE2600",2025,Optus,860007,-19.64497,134.183655,Y,,,Y,,,,,Y,,,,,,,,,,568.4546314587934,4G/LTE,LTE850,2025,TPG,4825002,-20.73424,139.49366,,,Y,,,,,,,,,,,7.978237826722527,Telstra,526,Tennant Creek Primary School,8.3113671473631,Primary,Government,Very Remote,School Single Entity,0,-19.6501,134.18925,50046,56574.0,16574.0,50046,Tennant Creek High School,9.272037966644096,Secondary,Government,Very Remote,School Single Entity,0,-19.644142,134.196942,50007,47918.0,7918.0,50007,1.2938001399215704,0.3331293206405732,No,No,No,No,,70700304,Julalikari - Outstations,707003,Barkly,707,Tennant Creek,7,Northern Territory,107784.4629,Within polygon,Matched,67,66,137,15,28,18,41,25,8,27,369,1020,1.4,4.2,31.0,4,26,10,90,13,20,34,41,60.0,39.8,15.9,43,ABS 2021 Census Indigenous Profile,Indigenous Location (ILOC),2021
803,BUYMARR,BUYMARRWUY,Family Outstation,EAST ARNHEM,GUMURR MIWATJ,NORTHERN LAND COUNCIL,MULKA,EAST ARNHEM,6.0,Homelands Service Provider Report 2023,-12.69827,136.63653,https://bushtel.nt.gov.au/profile/803,Not listed,Not confirmed,,,,,,,,,,,,,39.26719184686888,4G/LTE + IoT,"IoT700, LTE700",2025,Telstra,880016,-12.38241,136.79831,,Y,Y,,,,,,,,,,,,,,59.46219244954754,4G/LTE + IoT,"NBIoT700, LTE700, LTE2600",2025,Optus,880003,-12.181375,136.776877,Y,,,Y,,,,,Y,,,,,,,,,,595.1292568327565,4G/LTE,"LTE850, LTE1800, LTE2100",2025,TPG,836004,-12.613261,131.151729,,,Y,Y,Y,,,,,,,,,39.26719184686888,Telstra,196,Dhupuma Barker,53.9088710463292,Primary,Independent,Very Remote,School Single Entity,0,-12.21816265,136.7055423,53009,87701.0,87700.0,53009,Laynhapuy Homelands School,56.559868638765394,Combined,Government,Very Remote,School Single Entity,0,-12.2528,136.888,50071,56581.0,16581.0,50071,17.29267679189651,14.641679199460311,No,No,Yes,No,,70600304,Laynhapuy,706003,Laynhapuy - Gumatj Homelands,706,Nhulunbuy,7,Northern Territory,5255.6095,Within polygon,Matched,112,87,204,13,32,38,65,46,16,31,262,1187,1.7,4.6,52.6,4,17,12,161,24,7,30,114,23.1,16.0,12.3,45,ABS 2021 Census Indigenous Profile,Indigenous Location (ILOC),2021
728,CAMEL CAMP,No aliases recorded with NTG DIPL,Family Outstation,BARKLY,ALYAWARR,CENTRAL LAND COUNCIL,BARKLY,BARKLY,39.0,Homelands Service Provider Report 2023,-22.27181,134.55242,https://bushtel.nt.gov.au/profile/728,Not listed,Not confirmed,,,,,,,,,,,,,30.8629327293688,4G/LTE + 5G/NR + IoT,"IoT700, LTE700, LTE850, NR850",2025,Telstra,872116,-22.086785,134.7758417,,Y,Y,Y,,,,,Y,,,,,,,,83.78329099493332,3G/UMTS,UMTS900,2025,Optus,872147,-22.96838,134.24121,,Y,,,,,,,,,,,,,,Y,Federal Mobile Black Spot Program (MBSP),2.0,538.9906714469864,4G/LTE,LTE850,2025,TPG,4825002,-20.73424,139.49366,,,Y,,,,,,,,,,,30.8629327293688,Telstra,266,Arlparra School,30.73940359697334,Combined,Government,Very Remote,School Single Entity,0,-22.087628,134.775047,40836,68613.0,28613.0,40836,Arlparra School,30.73940359697334,Combined,Government,Very Remote,School Single Entity,0,-22.087628,134.775047,40836,68613.0,28613.0,40836,-0.1235291323954612,-0.1235291323954612,Yes,Yes,No,No,,70901204,Utopia - Arawerr - Arlparra,709012,Urapuntja,709,Apatula,7,Northern Territory,2624.214,Within polygon,Matched,159,209,372,30,92,60,108,59,22,25,373,1297,2.3,5.1,59.1,12,60,27,249,31,19,47,159,37.0,18.5,11.7,122,ABS 2021 Census Indigenous Profile,Indigenous Location (ILOC),2021
768,CAMELS HUMP,UNGKURRKUGA,Family Outstation,MACDONNELL,LURITJA PINTUBI,CENTRAL LAND COUNCIL,GWOJA,CENTRAL AUSTRALIA,3.0,Homelands Service Provider Report 2023,-23.75175,131.59435,https://bushtel.nt.gov.au/profile/768,Not listed,Not confirmed,,,,,,,,,,,,,56.30105247667108,4G/LTE + IoT,"IoT700, LTE700",2025,Telstra,872045,-24.25223,131.510363,,Y,Y,,,,,,,,,,,,,,56.14692276253099,3G/UMTS + 4G/LTE,"UMTS900, LTE700",2025,Optus,872146,-24.251,131.5116,,Y,,Y,,,,,,,,,,,,Y,Federal Mobile Black Spot Program (MBSP),2.0,879.3037904202474,4G/LTE,LTE850,2025,TPG,4825002,-20.73424,139.49366,,,Y,,,,,,,,,,,56.14692276253099,Optus,101,Haasts Bluff School,44.62818149236245,Combined,Government,Very Remote,School Single Entity,0,-23.44753,131.88003,50092,47887.0,7887.0,50092,Haasts Bluff School,44.62818149236245,Combined,Government,Very Remote,School Single Entity,0,-23.44753,131.88003,50092,47887.0,7887.0,50092,-11.51874127016854,-11.51874127016854,Yes,Yes,No,Yes,,70901403,Tjuwanpa Outstations,709014,West MacDonnell Ranges,709,Apatula,7,Northern Territory,15970.5215,Within polygon,Matched,90,98,188,21,38,31,60,36,8,27,352,1166,1.5,4.3,51.2,0,21,12,134,28,19,47,85,43.5,34.6,19.5,59,ABS 2021 Census Indigenous Profile,Indigenous Location (ILOC),2021
304,CANNON HILL,"EAST ALLIGATOR,MEL",Family Outstation,WEST ARNHEM,KAKADU,NORTHERN LAND COUNCIL,ARAFURA,TOP END,8.0,Homelands Service Provider Report 2023,-12.35758,132.94593,https://bushtel.nt.gov.au/profile/304,Not listed,Not confirmed,,,,,,,,,,,,,8.39570001459978,4G/LTE + IoT,"IoT700, LTE700",2025,Telstra,822103,-12.432888,132.9515,,Y,Y,,,,,,,,,,,Y,REGIONAL CO-INVESTMENT: NT RTCP - Greenfield Macro,2.0,7.787068067439208,3G/UMTS + 4G/LTE,"UMTS900, LTE700",2025,Optus,822106,-12.42654,132.95842,,Y,,Y,,,,,,,,,,,,Y,Federal Mobile Black Spot Program (MBSP),5.0,196.10499253632656,4G/LTE,"LTE850, LTE1800, LTE2100",2025,TPG,836002,-12.55419,131.15106,,,Y,Y,Y,,,,,,,,,7.787068067439208,Optus,530,Gunbalanya School,12.729212144065135,Combined,Government,Remote,School Single Entity,0,-12.32135,133.05709,50058,47960.0,7960.0,50058,Gunbalanya School,12.729212144065135,Combined,Government,Remote,School Single Entity,0,-12.32135,133.05709,50058,47960.0,7960.0,50058,4.942144076625928,4.942144076625928,No,No,No,No,,70400202,Kakadu - Marrakai - Surrounds,704002,Kakadu - Marrakai - Jabiru,704,Jabiru - Tiwi,7,Northern Territory,25261.6924,Within polygon,Matched,104,101,206,14,30,35,53,66,11,33,496,1649,1.3,3.2,17.8,3,24,10,165,82,13,94,62,14.0,56.4,48.5,44,ABS 2021 Census Indigenous Profile,Indigenous Location (ILOC),2021
11623,CATTLE CREEK,No aliases recorded with NTG DIPL,Family Outstation,VICTORIA DALY,DAGURAGU,CENTRAL LAND COUNCIL,GWOJA,BIG RIVERS,,Not recorded,-17.59747,131.54521,https://bushtel.nt.gov.au/profile/11623,Not listed,Not confirmed,,,,,,,,,,,,,77.80059188200188,4G/LTE + IoT,"IoT700, LTE700, LTE2600",2025,Telstra,852009,-17.44192,130.82986,,Y,Y,,,,Y,,,,,,,,,,120.2288050775732,3G/UMTS,UMTS900,2025,Optus,852100,-16.543287,131.796673,,Y,,,,,,,,,,,,,,,,,555.8257281816952,4G/LTE,"LTE850, LTE1800, LTE2100",2025,TPG,836004,-12.613261,131.151729,,,Y,Y,Y,,,,,,,,,77.80059188200188,Telstra,43,Kalkaringi School,77.44523163119291,Combined,Government,Very Remote,School Single Entity,0,-17.44597,130.83233,50059,45023.0,5023.0,50059,Kalkaringi School,77.44523163119291,Combined,Government,Very Remote,School Single Entity,0,-17.44597,130.83233,50059,45023.0,5023.0,50059,-0.355360250808971,-0.355360250808971,Yes,Yes,Yes,Yes,Review,70500803,Daguragu Outstations,705008,Victoria River,705,Katherine,7,Northern Territory,41402.8914,Within polygon,Matched,18,7,23,0,0,4,4,5,0,22,267,2250,1.3,7.5,50.0,0,0,0,14,6,4,7,8,28.6,50.0,35.7,0,ABS 2021 Census Indigenous Profile,Indigenous Location (ILOC),2021
846,CHARLOTTE WATERS,No aliases recorded with NTG DIPL,Family Outstation,MACDONNELL,RODINGA,CENTRAL LAND COUNCIL,NAMATJIRA,CENTRAL AUSTRALIA,,Not recorded,-25.91424,134.89274,https://bushtel.nt.gov.au/profile/846,Not listed,Not confirmed,,,,,,,,,,,,,48.60740045134656,4G/LTE + IoT,"IoT700, LTE700",2025,Telstra,872016,-25.58511,134.57334,,Y,Y,,,,,,,,,,,Y,Federal Mobile Black Spot Program (MBSP),1.0,159.39072718826205,3G/UMTS + 4G/LTE,"UMTS900, LTE700",2025,Optus,872186,-24.862581,133.81455,,Y,,Y,,,,,,,,,,,,Y,Federal Mobile Black Spot Program (MBSP),4.0,743.1123558754122,4G/LTE,LTE850,2025,TPG,4825002,-20.73424,139.49366,,,Y,,,,,,,,,,,48.60740045134656,Telstra,138,Finke School,48.5242912746862,Combined,Government,Very Remote,School Single Entity,0,-25.5821,134.578486,50090,47909.0,7909.0,50090,Finke School,48.5242912746862,Combined,Government,Very Remote,School Single Entity,0,-25.5821,134.578486,50090,47909.0,7909.0,50090,-0.0831091766603577,-0.0831091766603577,Yes,Yes,No,No,,70900403,Apatula (Finke) Homelands - West,709004,Apatula (Finke) and Homelands,709,Apatula,7,Northern Territory,37488.9696,Within polygon,Matched,0,0,0,0,0,0,0,0,0,0,0,0,0.0,0.0,0.0,0,0,0,0,0,0,0,0,0.0,0.0,0.0,0,ABS 2021 Census Indigenous Profile,Indigenous Location (ILOC),2021
757,CHILLA WELL,"JILA,TJILLA",Family Outstation,CENTRAL DESERT,SOUTHERN TANAMI,CENTRAL LAND COUNCIL,GWOJA,CENTRAL AUSTRALIA,,Not recorded,-21.52777,130.97067,https://bushtel.nt.gov.au/profile/757,Not listed,Not confirmed,,,,,,,,,,,,,117.37609425833324,4G/LTE + IoT,"IoT700, LTE700, LTE2600",2025,Telstra,872025,-22.25156,131.79875,,Y,Y,,,,Y,,,,,,,,,,261.2916458020493,3G/UMTS + 4G/LTE,"UMTS900, LTE700",2025,Optus,872135,-22.13295,133.4167,,Y,,Y,,,,,,,,,,,,,,,888.2659275844629,4G/LTE,LTE850,2025,TPG,4825002,-20.73424,139.49366,,,Y,,,,,,,,,,,117.37609425833324,Telstra,4,Yuendumu School,117.54818100456885,Combined,Government,Very Remote,School Single Entity,0,-22.25565,131.796889,50068,46730.0,6730.0,50068,Yuendumu School,117.54818100456885,Combined,Government,Very Remote,School Single Entity,0,-22.25565,131.796889,50068,46730.0,6730.0,50068,0.1720867462355926,0.1720867462355926,No,No,Yes,Yes,Review,70901701,Yuendumu and Outstations,709017,Yuendumu and Outstations,709,Apatula,7,Northern Territory,22120.9495,Within polygon,Matched,312,303,617,62,138,99,171,110,33,25,254,1012,1.6,4.7,43.2,12,102,36,418,73,29,95,307,28.1,22.7,16.4,200,ABS 2021 Census Indigenous Profile,Indigenous Location (ILOC),2021
779,CHULUK,"CHILLUK,CHILUK,DJILUK",Family Outstation,WEST DALY,THAMARRURR/PINDI PINDI,NORTHERN LAND COUNCIL,DALY,TOP END,,Not recorded,-13.665,130.26778,https://bushtel.nt.gov.au/profile/779,Not listed,Not confirmed,,,,,,,,,,,,,46.51154302788364,4G/LTE + 5G/NR + IoT,"IoT700, LTE700, LTE850, NR850",2025,Telstra,822007,-13.75083,130.68917,,Y,Y,Y,,,,,Y,,,,,,,,71.23942086406024,3G/UMTS + 4G/LTE,"UMTS900, LTE700",2025,Optus,822091,-13.164608,130.679087,,Y,,Y,,,,,,,,,,,,Y,Federal Mobile Black Spot Program (MBSP),2.0,147.2304557839088,4G/LTE + 5G/NR,"LTE850, LTE1800, LTE2100, NR700",2025,TPG,800002,-12.4651,130.8425,,,Y,Y,Y,Y,,,,,,,,46.51154302788364,Telstra,151,St Francis Xavier Catholic School - Wudikapildiyer Homeland Learning Centre Campus,35.91435724486955,Combined,Catholic,Very Remote,School Sub-Campus,0,-13.8593246864877,130.002167496203,53319,,13312.0,50145,St Francis Xavier Catholic School - Wudikapildiyer Homeland Learning Centre Campus,35.91435724486955,Combined,Catholic,Very Remote,School Sub-Campus,0,-13.8593246864877,130.002167496203,53319,,13312.0,50145,-10.59718578301409,-10.59718578301409,Yes,Yes,No,No,,70400101,Douglas-Daly,704001,Douglas-Daly,704,Jabiru - Tiwi,7,Northern Territory,34368.2996,Within polygon,Matched,87,77,169,14,32,24,65,18,15,30,340,919,1.6,3.3,25.0,0,24,3,119,32,4,34,78,9.4,27.1,24.6,46,ABS 2021 Census Indigenous Profile,Indigenous Location (ILOC),2021
1012,CONDER POINT,"CONDOR POINT,YIMPINARI",Family Outstation,TIWI ISLANDS,MILIKAPITI WARD,TIWI LAND COUNCIL,ARAFURA,TOP END,8.0,Homelands Service Provider Report 2023,-11.65088,131.32757,https://bushtel.nt.gov.au/profile/1012,Not listed,Not confirmed,,,,,,,,,,,,,49.3099133162619,4G/LTE + IoT,"IoT700, LTE700",2025,Telstra,822100,-11.76948,130.891187,,Y,Y,,,,,,,,,,,Y,REGIONAL CO-INVESTMENT: Small Cell Satellite,,74.47820505054626,4G/LTE + IoT,"NBIoT700, LTE700",2025,Optus,822104,-12.27084,131.06841,Y,,,Y,,,,,,,,,,,,Y,Federal Mobile Black Spot Program (MBSP),5.0,92.17656798903865,4G/LTE,"LTE850, LTE1800, LTE2100",2025,TPG,810002,-12.35583,130.88167,,,Y,Y,Y,,,,,,,,,49.3099133162619,Telstra,133,Tiwi College,49.38168831433875,Combined,Independent,Very Remote,School Single Entity,0,-11.76667,130.88972,50164,67652.0,27652.0,50164,Tiwi College,49.38168831433875,Combined,Independent,Very Remote,School Single Entity,0,-11.76667,130.88972,50164,67652.0,27652.0,50164,0.0717749980768545,0.0717749980768545,No,No,No,No,,70400603,Tiwi Islands - Wilderness,704006,Tiwi Islands,704,Jabiru - Tiwi,7,Northern Territory,7449.7682,Within polygon,Matched,77,62,141,9,43,42,29,13,3,16,185,949,1.5,4.0,30.4,0,20,48,87,22,7,33,54,31.3,36.8,25.3,52,ABS 2021 Census Indigenous Profile,Indigenous Location (ILOC),2021
901,CONNELLS LAGOON,No aliases recorded with NTG DIPL,Family Outstation,BARKLY,KUWARRANGU,NORTHERN LAND COUNCIL,BARKLY,BARKLY,,Not recorded,-18.89143,136.54802,https://bushtel.nt.gov.au/profile/901,Not listed,Not confirmed,,,,,,,,,,,,,93.33597044369444,4G/LTE,LTE700,2025,Telstra,862045,-18.36615,135.8571,,,Y,,,,,,,,,,,Y,REGIONAL CO-INVESTMENT: NT RSCP - Small Cell Satellite,,118.41805635180812,3G/UMTS,UMTS900,2025,Optus,862041,-19.71095,135.82742,,Y,,,,,,,,,,,,,,,,,370.0438837448902,4G/LTE,LTE850,2025,TPG,4825002,-20.73424,139.49366,,,Y,,,,,,,,,,,93.33597044369444,Telstra,25,Rockhampton Downs School,142.5272467475069,Combined,Government,Very Remote,School Single Entity,0,-18.947861,135.19435,50132,86706.0,16542.0,50132,Rockhampton Downs School,142.5272467475069,Combined,Government,Very Remote,School Single Entity,0,-18.947861,135.19435,50132,86706.0,16542.0,50132,49.19127630381246,49.19127630381246,No,No,Yes,Yes,Review,70700301,Barkly Tablelands - Outstations,707003,Barkly,707,Tennant Creek,7,Northern Territory,79907.8275,Within polygon,Matched,45,19,64,7,12,5,13,17,6,28,725,924,1.3,3.4,12.5,3,7,7,44,18,0,23,18,4.3,56.1,53.7,19,ABS 2021 Census Indigenous Profile,Indigenous Location (ILOC),2021
220,CORELLA CREEK,No aliases recorded with NTG DIPL,Family Outstation,BARKLY,KUWARRANGU,NORTHERN LAND COUNCIL,BARKLY,BARKLY,30.0,Homelands Service Provider Report 2023,-18.36685,135.85671,https://bushtel.nt.gov.au/profile/220,Not listed,Not confirmed,,,,,,,,,,,,,0.0880478883822426,4G/LTE,LTE700,2025,Telstra,862045,-18.36615,135.8571,,,Y,,,,,,,,,,,Y,REGIONAL CO-INVESTMENT: NT RSCP - Small Cell Satellite,,149.48901224971087,3G/UMTS,UMTS900,2025,Optus,862041,-19.71095,135.82742,,Y,,,,,,,,,,,,,,,,,463.1372322797337,4G/LTE,LTE850,2025,TPG,4825002,-20.73424,139.49366,,,Y,,,,,,,,,,,0.0880478883822426,Telstra,626,Rockhampton Downs School,95.09555267318994,Combined,Government,Very Remote,School Single Entity,0,-18.947861,135.19435,50132,86706.0,16542.0,50132,Rockhampton Downs School,95.09555267318994,Combined,Government,Very Remote,School Single Entity,0,-18.947861,135.19435,50132,86706.0,16542.0,50132,95.0075047848077,95.0075047848077,No,No,Yes,No,,70700301,Barkly Tablelands - Outstations,707003,Barkly,707,Tennant Creek,7,Northern Territory,79907.8275,Within polygon,Matched,45,19,64,7,12,5,13,17,6,28,725,924,1.3,3.4,12.5,3,7,7,44,18,0,23,18,4.3,56.1,53.7,19,ABS 2021 Census Indigenous Profile,Indigenous Location (ILOC),2021
1009,CORKWOOD BORE,"AULPERENGE,MORRIS DAM",Family Outstation,MACDONNELL,RODINGA,CENTRAL LAND COUNCIL,NAMATJIRA,CENTRAL AUSTRALIA,36.0,Homelands Service Provider Report 2023,-23.31225,133.86792,https://bushtel.nt.gov.au/profile/1009,Not listed,Not confirmed,,,,,,,,,,,,,30.30509469562885,4G/LTE + IoT,"IoT700, LTE700",2025,Telstra,870010,-23.52395,133.68087,,Y,Y,,,,,,,,,,,,,,39.697212414466655,4G/LTE + IoT,"NBIoT700, LTE700, LTE2600",2025,Optus,870052,-23.66924,133.864338,Y,,,Y,,,,,Y,,,,,,,,,,646.7974612368772,4G/LTE,LTE850,2025,TPG,4825002,-20.73424,139.49366,,,Y,,,,,,,,,,,30.30509469562885,Telstra,273,Braitling Primary School,40.60211189740754,Primary,Government,Remote,School Single Entity,0,-23.677393,133.867691,50016,47884.0,7884.0,50016,St Philip's College,42.07302814549113,Secondary,Independent,Remote,School Single Entity,0,-23.690364169117,133.883128746033,50155,53284.0,13284.0,50155,11.76793344986228,10.29701720177869,No,No,No,No,,70901402,Ingkerreke Outstations,709014,West MacDonnell Ranges,709,Apatula,7,Northern Territory,9777.1413,Within polygon,Matched,106,82,189,20,24,23,62,45,11,32,341,762,1.2,2.9,16.1,6,15,3,141,14,4,14,92,23.5,12.3,9.4,44,ABS 2021 Census Indigenous Profile,Indigenous Location (ILOC),2021
590,COSTELLO,"CASTELLO,JILWILI,KASTELLO",Family Outstation,ROPER GULF,YUGUL MANGI,NORTHERN LAND COUNCIL,ARNHEM,BIG RIVERS,2.0,Homelands Service Provider Report 2023,-14.56453,134.88289,https://bushtel.nt.gov.au/profile/590,Not listed,Not confirmed,,,,,,,,,,,,,24.784254933535653,4G/LTE + IoT,"IoT700, LTE700, LTE2600",2025,Telstra,852002,-14.73361,134.73278,,Y,Y,,,,Y,,,,,,,,,,183.93402212107745,3G/UMTS + 4G/LTE,"UMTS900, LTE700",2025,Optus,852113,-14.9541,133.2204,,Y,,Y,,,,,,,,,,,,Y,Federal Mobile Black Spot Program (MBSP),5.0,457.91244585012674,4G/LTE,"LTE850, LTE1800, LTE2100",2025,TPG,836004,-12.613261,131.151729,,,Y,Y,Y,,,,,,,,,24.784254933535653,Telstra,327,Ngukurr School,24.340476839252705,Combined,Government,Very Remote,School Single Entity,0,-14.7285,134.733,50063,47959.0,7959.0,50063,Ngukurr School,24.340476839252705,Combined,Government,Very Remote,School Single Entity,0,-14.7285,134.733,50063,47959.0,7959.0,50063,-0.4437780942829477,-0.4437780942829477,Yes,Yes,No,No,,70500405,Yugul Mangi Outstations,705004,Gulf,705,Katherine,7,Northern Territory,32782.3489,Within polygon,Matched,12,17,24,0,0,3,11,9,0,38,177,687,1.9,4.5,66.7,0,0,0,24,0,4,3,17,40.0,20.0,12.0,0,ABS 2021 Census Indigenous Profile,Indigenous Location (ILOC),2021
972,COW LAGOON,TALWALLAH,Family Outstation,ROPER GULF,SOUTH WEST GULF,NORTHERN LAND COUNCIL,BARKLY,BIG RIVERS,6.0,Homelands Service Provider Report 2023,-16.20751,135.94962,https://bushtel.nt.gov.au/profile/972,Not listed,Not confirmed,,,,,,,,,,,,,29.498625488646912,4G/LTE + IoT,"IoT700, LTE700, LTE2600",2025,Telstra,852058,-16.43509,136.09167,,Y,Y,,,,Y,,,,,,,,,,58.02034939006431,3G/UMTS,UMTS900,2025,Optus,852089,-16.6834,135.7265,,Y,,,,,,,,,,,,,,Y,Federal Mobile Black Spot Program (MBSP),2.0,626.8734822227004,4G/LTE,LTE850,2025,TPG,4825002,-20.73424,139.49366,,,Y,,,,,,,,,,,29.498625488646912,Telstra,281,Borroloola School,41.5781114137881,Combined,Government,Very Remote,School Single Entity,0,-16.0582,136.30649,50056,47921.0,7921.0,50056,Borroloola School,41.5781114137881,Combined,Government,Very Remote,School Single Entity,0,-16.0582,136.30649,50056,47921.0,7921.0,50056,12.079485925141189,12.079485925141189,No,No,No,No,,70500401,Mabunji - Mungoorbada Outstations,705004,Gulf,705,Katherine,7,Northern Territory,55041.1368,Within polygon,Matched,62,43,104,7,17,23,30,21,8,30,407,916,1.9,3.6,48.1,4,12,3,79,23,9,28,52,22.2,34.6,26.9,24,ABS 2021 Census Indigenous Profile,Indigenous Location (ILOC),2021
24901,CRABHOLE,No aliases recorded with NTG DIPL,Family Outstation,ROPER GULF,SOUTH WEST GULF,NORTHERN LAND COUNCIL,BARKLY,BIG RIVERS,2.0,Homelands Service Provider Report 2023,-16.21525,137.09915,https://bushtel.nt.gov.au/profile/24901,Not listed,Not confirmed,,,,,,,,,,,,,61.57775043028244,4G/LTE + IoT,"IoT700, LTE700",2025,Telstra,862019,-16.75799,136.9844,,Y,Y,,,,,,,,,,,,,,155.3644038926267,3G/UMTS,UMTS900,2025,Optus,852089,-16.6834,135.7265,,Y,,,,,,,,,,,,,,Y,Federal Mobile Black Spot Program (MBSP),2.0,562.3387492375552,4G/LTE,LTE850,2025,TPG,4825002,-20.73424,139.49366,,,Y,,,,,,,,,,,61.57775043028244,Telstra,76,Robinson River School,61.836935926277874,Combined,Government,Very Remote,School Single Entity,0,-16.7597,136.981,50118,56541.0,16541.0,50118,Robinson River School,61.836935926277874,Combined,Government,Very Remote,School Single Entity,0,-16.7597,136.981,50118,56541.0,16541.0,50118,0.2591854959954318,0.2591854959954318,No,No,Yes,Yes,Review,70500401,Mabunji - Mungoorbada Outstations,705004,Gulf,705,Katherine,7,Northern Territory,55041.1368,Within polygon,Matched,62,43,104,7,17,23,30,21,8,30,407,916,1.9,3.6,48.1,4,12,3,79,23,9,28,52,22.2,34.6,26.9,24,ABS 2021 Census Indigenous Profile,Indigenous Location (ILOC),2021
956,DALIWUY BAY,DALYWOI,Family Outstation,EAST ARNHEM,GUMURR MIWATJ,NORTHERN LAND COUNCIL,MULKA,EAST ARNHEM,,Not recorded,-12.34085,136.91835,https://bushtel.nt.gov.au/profile/956,Not listed,Not confirmed,,,,,,,,,,,,,10.344931069915546,4G/LTE + IoT,"IoT700, LTE700, LTE2600",2025,Telstra,880012,-12.25052,136.89556,,Y,Y,,,,Y,,,,,,,,,,23.46827827497957,4G/LTE + IoT,"NBIoT700, LTE700, LTE2600",2025,Optus,880003,-12.181375,136.776877,Y,,,Y,,,,,Y,,,,,,,,,,626.6563738596665,4G/LTE,"LTE850, LTE1800, LTE2100",2025,TPG,836002,-12.55419,131.15106,,,Y,Y,Y,,,,,,,,,10.344931069915546,Telstra,492,Yirrkala School,10.22510825652622,Combined,Government,Very Remote,School Single Entity,0,-12.25189,136.89452,50067,46729.0,6729.0,50067,Yirrkala School,10.22510825652622,Combined,Government,Very Remote,School Single Entity,0,-12.25189,136.89452,50067,46729.0,6729.0,50067,-0.1198228133893266,-0.1198228133893266,Yes,Yes,No,No,,70600303,Gumatj - Surrounds,706003,Laynhapuy - Gumatj Homelands,706,Nhulunbuy,7,Northern Territory,2644.1939,Within polygon,Matched,15,16,32,0,3,13,6,3,8,31,306,1312,1.3,4.4,28.6,0,0,0,29,0,3,3,23,100.0,14.8,0.0,3,ABS 2021 Census Indigenous Profile,Indigenous Location (ILOC),2021
307,DAMDAM,DAM DAM,Family Outstation,WEST ARNHEM,MANINGRIDA,NORTHERN LAND COUNCIL,ARAFURA,TOP END,,Not recorded,-12.16556,134.64529,https://bushtel.nt.gov.au/profile/307,Not listed,Not confirmed,,,,,,,,,,,,,29.14341179251187,4G/LTE + IoT,"IoT700, LTE700",2025,Telstra,822010,-12.12233,134.90971,,Y,Y,,,,,,,,,,,,,,185.5516617288989,3G/UMTS + 4G/LTE,"UMTS900, LTE700",2025,Optus,822106,-12.42654,132.95842,,Y,,Y,,,,,,,,,,,,Y,Federal Mobile Black Spot Program (MBSP),5.0,381.9844607996365,4G/LTE,"LTE850, LTE1800, LTE2100",2025,TPG,836002,-12.55419,131.15106,,,Y,Y,Y,,,,,,,,,29.14341179251187,Telstra,288,Milingimbi School,30.69689626728618,Combined,Government,Very Remote,School Single Entity,0,-12.1021,134.9201,50062,46732.0,6732.0,50062,Milingimbi School,30.69689626728618,Combined,Government,Very Remote,School Single Entity,0,-12.1021,134.9201,50062,46732.0,6732.0,50062,1.5534844747743115,1.5534844747743115,No,No,No,No,,70400302,Maningrida Outstations,704003,Maningrida and Outstations,704,Jabiru - Tiwi,7,Northern Territory,9758.0375,Within polygon,Matched,170,195,366,23,65,77,131,58,11,26,207,900,2.1,5.9,72.3,4,34,42,283,10,22,35,226,60.6,11.8,4.6,88,ABS 2021 Census Indigenous Profile,Indigenous Location (ILOC),2021
1003,DARRANDARRA,SOUTHPORT,Family Outstation,LITCHFIELD,SOUTH WARD,NORTHERN LAND COUNCIL,DALY,"DARWIN, PALMERSTON, LITCHFIELD",,Not recorded,-12.74098,130.95462,https://bushtel.nt.gov.au/profile/1003,Not listed,Not confirmed,,,,,,,,,,,,,1.2419042969947447,4G/LTE + IoT,"IoT700, LTE700",2025,Telstra,822076,-12.73084,130.94982,,Y,Y,,,,,,,,,,,,,,7.883639454524694,4G/LTE + IoT,"NBIoT700, LTE700, LTE1800, LTE2600",2025,Optus,838003,-12.69951362,131.0135755,Y,,,Y,,Y,,,Y,,,,,,,,,,24.674479713720828,4G/LTE + 5G/NR,"LTE850, LTE1800, LTE2100, NR700",2025,TPG,836001,-12.56944,131.09889,,,Y,Y,Y,Y,,,,,,,,1.2419042969947447,Telstra,618,Berry Springs Primary School,4.526326751235015,Primary,Government,Outer Regional,School Single Entity,0,-12.7159,130.98749,50014,47940.0,7940.0,50014,Taminmin College,23.890824435935148,Secondary,Government,Outer Regional,School Single Entity,0,-12.58037,131.10089,50006,47964.0,7964.0,50006,22.648920138940404,3.28442245424027,No,No,No,No,,70300703,Darwin River - Berry Springs - Southport,703007,Litchfield,703,Darwin,7,Northern Territory,679.4598,Within polygon,Matched,105,119,225,31,40,43,61,41,15,25,617,2192,1.1,3.1,10.9,8,22,26,155,88,17,105,52,14.6,65.6,56.1,71,ABS 2021 Census Indigenous Profile,Indigenous Location (ILOC),2021
472,DARRANGMURMANJA,MARBLE POINT,Family Outstation,EAST ARNHEM,ANINDILYAKWA,ANINDILYAKWA LAND COUNCIL,ARNHEM,EAST ARNHEM,,Not recorded,-13.72486,136.59277,https://bushtel.nt.gov.au/profile/472,Not listed,Not confirmed,,,,,,,,,,,,,21.873952079210973,4G/LTE + IoT,"IoT700, LTE700, LTE2600",2025,Telstra,885001,-13.84722,136.43417,,Y,Y,,,,Y,,,,,,,,,,172.7835590735997,4G/LTE + IoT,"NBIoT700, LTE700, LTE2600",2025,Optus,880003,-12.181375,136.776877,Y,,,Y,,,,,Y,,,,,,,,,,601.9119836297604,4G/LTE,"LTE850, LTE1800, LTE2100",2025,TPG,836004,-12.613261,131.151729,,,Y,Y,Y,,,,,,,,,21.873952079210973,Telstra,354,Alyangula Area School,23.241730163074457,Combined,Government,Very Remote,School Single Entity,0,-13.84964,136.42011,50051,47992.0,7992.0,50051,Alyangula Area School,23.241730163074457,Combined,Government,Very Remote,School Single Entity,0,-13.84964,136.42011,50051,47992.0,7992.0,50051,1.3677780838634843,1.3677780838634843,No,No,No,No,,70600105,Umbakumba and Outstations,706001,Anindilyakwa (Groote),706,Nhulunbuy,7,Northern Territory,1488.7767,Within polygon,Matched,220,225,441,30,55,109,163,69,9,28,128,404,1.5,4.4,45.4,3,34,14,351,56,26,80,247,32.1,23.0,15.6,85,ABS 2021 Census Indigenous Profile,Indigenous Location (ILOC),2021
775,DELEYE,DELYE,Family Outstation,WEST DALY,THAMARRURR/PINDI PINDI,NORTHERN LAND COUNCIL,DALY,TOP END,31.0,Homelands Service Provider Report 2023,-13.76535,129.97667,https://bushtel.nt.gov.au/profile/775,Not listed,Not confirmed,,,,,,,,,,,,,44.931988889138815,4G/LTE + IoT,"IoT700, LTE700",2025,Telstra,822068,-14.15629,130.082,,Y,Y,,,,,,,,,,,,,,101.15231860375884,3G/UMTS + 4G/LTE,"UMTS900, LTE700",2025,Optus,822091,-13.164608,130.679087,,Y,,Y,,,,,,,,,,,,Y,Federal Mobile Black Spot Program (MBSP),2.0,172.32284212655566,4G/LTE + 5G/NR,"LTE850, LTE1800, LTE2100, NR700",2025,TPG,800002,-12.4651,130.8425,,,Y,Y,Y,Y,,,,,,,,44.931988889138815,Telstra,161,St Francis Xavier Catholic School - Wudikapildiyer Homeland Learning Centre Campus,10.806141434889875,Combined,Catholic,Very Remote,School Sub-Campus,0,-13.8593246864877,130.002167496203,53319,,13312.0,50145,St Francis Xavier Catholic School - Wudikapildiyer Homeland Learning Centre Campus,10.806141434889875,Combined,Catholic,Very Remote,School Sub-Campus,0,-13.8593246864877,130.002167496203,53319,,13312.0,50145,-34.12584745424894,-34.12584745424894,Yes,Yes,No,No,,70400101,Douglas-Daly,704001,Douglas-Daly,704,Jabiru - Tiwi,7,Northern Territory,34368.2996,Within polygon,Matched,87,77,169,14,32,24,65,18,15,30,340,919,1.6,3.3,25.0,0,24,3,119,32,4,34,78,9.4,27.1,24.6,46,ABS 2021 Census Indigenous Profile,Indigenous Location (ILOC),2021
896,DHAMBALA,No aliases recorded with NTG DIPL,Family Outstation,EAST ARNHEM,GUMURR MARTHAKAL,NORTHERN LAND COUNCIL,MULKA,EAST ARNHEM,14.0,Homelands Service Provider Report 2023,-12.0526,135.5609,https://bushtel.nt.gov.au/profile/896,Yes,Confirmed,Primary name,DHAMBALA,0.0,DHAMBALA,COMMUNITY,9.0,,,YES,TELSTRA,-12.0526,135.5609,3.1200676748357683,4G/LTE + 5G/NR + IoT,"IoT700, LTE700, LTE850, LTE2600, NR850, NR2600",2025,Telstra,822005,-12.02483,135.56501,,Y,Y,Y,,,Y,,Y,,Y,,,,,,132.971400157129,4G/LTE + IoT,"NBIoT700, LTE700, LTE2600",2025,Optus,880003,-12.181375,136.776877,Y,,,Y,,,,,Y,,,,,,,,,,482.3191064855746,4G/LTE,"LTE850, LTE1800, LTE2100",2025,TPG,836002,-12.55419,131.15106,,,Y,Y,Y,,,,,,,,,3.1200676748357683,Telstra,594,Shepherdson College,2.7697945194954405,Combined,Government,Very Remote,School Single Entity,0,-12.02856,135.56757,50066,55931.0,15931.0,50066,Shepherdson College,2.7697945194954405,Combined,Government,Very Remote,School Single Entity,0,-12.02856,135.56757,50066,55931.0,15931.0,50066,-0.3502731553403277,-0.3502731553403277,Yes,Yes,No,No,,70600402,Marthakal Homelands exc. Galiwinku,706004,Marthakal Homelands - Galiwinku,706,Nhulunbuy,7,Northern Territory,5177.5161,Within polygon,Matched,204,224,425,32,93,102,113,79,18,23,281,1312,1.8,5.7,64.7,8,68,36,308,27,25,58,245,43.6,18.0,10.2,125,ABS 2021 Census Indigenous Profile,Indigenous Location (ILOC),2021
475,DHAMIYAKA,No aliases recorded with NTG DIPL,Family Outstation,EAST ARNHEM,GUMURR MIYARRKA,NORTHERN LAND COUNCIL,ARNHEM,EAST ARNHEM,2.0,Homelands Service Provider Report 2023,-12.6564,135.85557,https://bushtel.nt.gov.au/profile/475,Not listed,Not confirmed,,,,,,,,,,,,,17.930423891814947,4G/LTE + IoT,"IoT700, LTE700, LTE2600",2025,Telstra,880002,-12.50333,135.80361,,Y,Y,,,,Y,,,,,,,,,,113.13476368353012,4G/LTE + IoT,"NBIoT700, LTE700, LTE2600",2025,Optus,880003,-12.181375,136.776877,Y,,,Y,,,,,Y,,,,,,,,,,510.3935948172164,4G/LTE,"LTE850, LTE1800, LTE2100",2025,TPG,836004,-12.613261,131.151729,,,Y,Y,Y,,,,,,,,,17.930423891814947,Telstra,387,Gapuwiyak School,17.55046675707439,Combined,Government,Very Remote,School Single Entity,0,-12.50553,135.80806,50057,47952.0,7952.0,50057,Gapuwiyak School,17.55046675707439,Combined,Government,Very Remote,School Single Entity,0,-12.50553,135.80806,50057,47952.0,7952.0,50057,-0.3799571347405575,-0.3799571347405575,Yes,Yes,No,No,,70600202,Gapuwiyak Outstations,706002,Gapuwiyak and Outstations,706,Nhulunbuy,7,Northern Territory,6341.3536,Within polygon,Matched,23,42,63,7,12,11,23,11,4,29,327,1156,1.6,4.7,50.0,0,11,5,48,9,0,9,36,0.0,20.4,20.4,19,ABS 2021 Census Indigenous Profile,Indigenous Location (ILOC),2021
955,DHANIYA,PORT BRADSHAW,Family Outstation,EAST ARNHEM,GUMURR MIWATJ,NORTHERN LAND COUNCIL,MULKA,EAST ARNHEM,9.0,Homelands Service Provider Report 2023,-12.55007,136.73791,https://bushtel.nt.gov.au/profile/955,Not listed,Not confirmed,,,,,,,,,,,,,19.762728215610828,4G/LTE + IoT,"IoT700, LTE700",2025,Telstra,880016,-12.38241,136.79831,,Y,Y,,,,,,,,,,,,,,41.21496136236399,4G/LTE + IoT,"NBIoT700, LTE700, LTE2600",2025,Optus,880003,-12.181375,136.776877,Y,,,Y,,,,,Y,,,,,,,,,,606.2690095969489,4G/LTE,"LTE850, LTE1800, LTE2100",2025,TPG,836004,-12.613261,131.151729,,,Y,Y,Y,,,,,,,,,19.762728215610828,Telstra,371,Laynhapuy Homelands School,36.85532709012432,Combined,Government,Very Remote,School Single Entity,0,-12.2528,136.888,50071,56581.0,16581.0,50071,Laynhapuy Homelands School,36.85532709012432,Combined,Government,Very Remote,School Single Entity,0,-12.2528,136.888,50071,56581.0,16581.0,50071,17.09259887451349,17.09259887451349,No,No,No,No,,70600303,Gumatj - Surrounds,706003,Laynhapuy - Gumatj Homelands,706,Nhulunbuy,7,Northern Territory,2644.1939,Within polygon,Matched,15,16,32,0,3,13,6,3,8,31,306,1312,1.3,4.4,28.6,0,0,0,29,0,3,3,23,100.0,14.8,0.0,3,ABS 2021 Census Indigenous Profile,Indigenous Location (ILOC),2021
805,DHARAWA,DHARRWAR,Family Outstation,EAST ARNHEM,GUMURR MARTHAKAL,NORTHERN LAND COUNCIL,MULKA,EAST ARNHEM,,Not recorded,-11.84938,135.84693,https://bushtel.nt.gov.au/profile/805,Not listed,Not confirmed,,,,,,,,,,,,,36.34927173359069,4G/LTE + 5G/NR + IoT,"IoT700, LTE700, LTE850, LTE2600, NR850, NR2600",2025,Telstra,822005,-12.02483,135.56501,,Y,Y,Y,,,Y,,Y,,Y,,,,,,107.66654030424446,4G/LTE + IoT,"NBIoT700, LTE700, LTE2600",2025,Optus,880003,-12.181375,136.776877,Y,,,Y,,,,,Y,,,,,,,,,,516.3341164146912,4G/LTE,"LTE850, LTE1800, LTE2100",2025,TPG,836002,-12.55419,131.15106,,,Y,Y,Y,,,,,,,,,36.34927173359069,Telstra,215,Gawa Christian School,11.740153200552518,Combined,Independent,Very Remote,School Single Entity,0,-11.759762,135.903958,50163,58020.0,18020.0,50163,Gawa Christian School,11.740153200552518,Combined,Independent,Very Remote,School Single Entity,0,-11.759762,135.903958,50163,58020.0,18020.0,50163,-24.60911853303817,-24.60911853303817,Yes,Yes,No,No,,70600402,Marthakal Homelands exc. Galiwinku,706004,Marthakal Homelands - Galiwinku,706,Nhulunbuy,7,Northern Territory,5177.5161,Within polygon,Matched,204,224,425,32,93,102,113,79,18,23,281,1312,1.8,5.7,64.7,8,68,36,308,27,25,58,245,43.6,18.0,10.2,125,ABS 2021 Census Indigenous Profile,Indigenous Location (ILOC),2021
476,DHARRNI,"DHARRI,WUYINDHANGAYN",Family Outstation,ROPER GULF,NUMBULWAR NUMBURINDI,NORTHERN LAND COUNCIL,ARNHEM,BIG RIVERS,,Not recorded,-13.74983,136.02005,https://bushtel.nt.gov.au/profile/476,Not listed,Not confirmed,,,,,,,,,,,,,19.70977190059383,4G/LTE,LTE700,2025,Telstra,885002,-13.78362,136.1992,,,Y,,,,,,,,,,,Y,REGIONAL CO-INVESTMENT: Small Cell Satellite,,192.72273600113,4G/LTE + IoT,"NBIoT700, LTE700, LTE2600",2025,Optus,880003,-12.181375,136.776877,Y,,,Y,,,,,Y,,,,,,,,,,541.9927519968721,4G/LTE,"LTE850, LTE1800, LTE2100",2025,TPG,836004,-12.613261,131.151729,,,Y,Y,Y,,,,,,,,,19.70977190059383,Telstra,372,Milyakburra School,19.289994961212063,Combined,Government,Very Remote,School Single Entity,0,-13.7818,136.1956,50103,56564.0,16564.0,50103,Milyakburra School,19.289994961212063,Combined,Government,Very Remote,School Single Entity,0,-13.7818,136.1956,50103,56564.0,16564.0,50103,-0.4197769393817623,-0.4197769393817623,Yes,Yes,No,No,,70600601,Numbulwar and Outstations,706006,Numbulwar and Outstations,706,Nhulunbuy,7,Northern Territory,4418.5473,Within polygon,Matched,335,336,675,42,95,131,229,128,43,30,244,1057,1.7,4.8,57.8,19,60,44,534,85,29,107,424,25.7,20.4,15.2,137,ABS 2021 Census Indigenous Profile,Indigenous Location (ILOC),2021
806,DHAYIRRI,No aliases recorded with NTG DIPL,Family Outstation,EAST ARNHEM,GUMURR MARTHAKAL,NORTHERN LAND COUNCIL,MULKA,EAST ARNHEM,6.0,Homelands Service Provider Report 2023,-11.9612,135.6187,https://bushtel.nt.gov.au/profile/806,Not listed,Not confirmed,,,,,,,,,,,,,9.174050977594783,4G/LTE + 5G/NR + IoT,"IoT700, LTE700, LTE850, LTE2600, NR850, NR2600",2025,Telstra,822005,-12.02483,135.56501,,Y,Y,Y,,,Y,,Y,,Y,,,,,,128.2934236126696,4G/LTE + IoT,"NBIoT700, LTE700, LTE2600",2025,Optus,880003,-12.181375,136.776877,Y,,,Y,,,,,Y,,,,,,,,,,489.903928695369,4G/LTE,"LTE850, LTE1800, LTE2100",2025,TPG,836002,-12.55419,131.15106,,,Y,Y,Y,,,,,,,,,9.174050977594783,Telstra,511,Shepherdson College,9.328951207918486,Combined,Government,Very Remote,School Single Entity,0,-12.02856,135.56757,50066,55931.0,15931.0,50066,Shepherdson College,9.328951207918486,Combined,Government,Very Remote,School Single Entity,0,-12.02856,135.56757,50066,55931.0,15931.0,50066,0.1549002303237028,0.1549002303237028,No,No,No,No,,70600402,Marthakal Homelands exc. Galiwinku,706004,Marthakal Homelands - Galiwinku,706,Nhulunbuy,7,Northern Territory,5177.5161,Within polygon,Matched,204,224,425,32,93,102,113,79,18,23,281,1312,1.8,5.7,64.7,8,68,36,308,27,25,58,245,43.6,18.0,10.2,125,ABS 2021 Census Indigenous Profile,Indigenous Location (ILOC),2021
477,DHIPIRRINJURA,"DHIPIRRINGURA,DIPITJI",Family Outstation,EAST ARNHEM,GUMURR GATTJIRRK,NORTHERN LAND COUNCIL,MULKA,EAST ARNHEM,18.0,Homelands Service Provider Report 2023,-12.24844,135.09762,https://bushtel.nt.gov.au/profile/477,Yes,Confirmed,Primary name,DHIPIRRINJURA,0.0426020094834519,DHIPIRRINJURA,COMMUNITY,30.0,,,YES,TELSTRA,-12.24806,135.09757,20.61582169499425,4G/LTE + 5G/NR + IoT,"IoT700, LTE700, LTE850, LTE2600, NR850, NR2600",2025,Telstra,822003,-12.32833,134.92639,,Y,Y,Y,,,Y,,Y,,Y,,,Y,REGIONAL CO-INVESTMENT: RCP - TX Upgrade,1.0,182.6498180087061,4G/LTE + IoT,"NBIoT700, LTE700, LTE2600",2025,Optus,880003,-12.181375,136.776877,Y,,,Y,,,,,Y,,,,,,,,,,429.9406222424609,4G/LTE,"LTE850, LTE1800, LTE2100",2025,TPG,836002,-12.55419,131.15106,,,Y,Y,Y,,,,,,,,,20.61582169499425,Telstra,363,Ramingining School,20.54449037948432,Combined,Government,Very Remote,School Single Entity,0,-12.32641,134.92619,50065,47963.0,7963.0,50065,Ramingining School,20.54449037948432,Combined,Government,Very Remote,School Single Entity,0,-12.32641,134.92619,50065,47963.0,7963.0,50065,-0.0713313155099335,-0.0713313155099335,Yes,Yes,No,No,,70600705,Ramingining - Milingimbi Outstations,706007,Ramingining - Milingimbi and Outstations,706,Nhulunbuy,7,Northern Territory,11429.1805,Within polygon,Matched,85,80,169,3,31,36,53,40,11,30,247,1187,1.7,5.6,61.5,7,21,8,134,25,26,47,80,46.8,34.6,18.4,34,ABS 2021 Census Indigenous Profile,Indigenous Location (ILOC),2021
478,DHOLTJI,No aliases recorded with NTG DIPL,Family Outstation,EAST ARNHEM,GUMURR MARTHAKAL,NORTHERN LAND COUNCIL,MULKA,EAST ARNHEM,,Not recorded,-11.94835,136.46161,https://bushtel.nt.gov.au/profile/478,Not listed,Not confirmed,,,,,,,,,,,,,36.82030202191911,4G/LTE + IoT,"IoT700, LTE700",2025,Telstra,880001,-12.19105,136.69197,,Y,Y,,,,,,,,,,,,,,42.97245910512569,4G/LTE + IoT,"NBIoT700, LTE700, LTE2600",2025,Optus,880003,-12.181375,136.776877,Y,,,Y,,,,,Y,,,,,,,,,,580.9656735626237,4G/LTE,"LTE850, LTE1800, LTE2100",2025,TPG,836002,-12.55419,131.15106,,,Y,Y,Y,,,,,,,,,36.82030202191911,Telstra,211,Dhupuma Barker,40.04478602749765,Primary,Independent,Very Remote,School Single Entity,0,-12.21816265,136.7055423,53009,87701.0,87700.0,53009,Nhulunbuy High School,43.86271954485496,Secondary,Government,Very Remote,School Single Entity,0,-12.18676,136.78298,50002,55089.0,15089.0,50002,7.0424175229358426,3.224484005578539,No,No,No,No,,70600402,Marthakal Homelands exc. Galiwinku,706004,Marthakal Homelands - Galiwinku,706,Nhulunbuy,7,Northern Territory,5177.5161,Within polygon,Matched,204,224,425,32,93,102,113,79,18,23,281,1312,1.8,5.7,64.7,8,68,36,308,27,25,58,245,43.6,18.0,10.2,125,ABS 2021 Census Indigenous Profile,Indigenous Location (ILOC),2021
664,DHUDUPU,No aliases recorded with NTG DIPL,Family Outstation,EAST ARNHEM,GUMURR MARTHAKAL,NORTHERN LAND COUNCIL,MULKA,EAST ARNHEM,4.0,Homelands Service Provider Report 2023,-12.0033,135.5692,https://bushtel.nt.gov.au/profile/664,Yes,Confirmed,Primary name,DHUDUPU,0.0,DHUDUPU,COMMUNITY,12.0,,,YES,TELSTRA,-12.0033,135.5692,2.4370155283477457,4G/LTE + 5G/NR + IoT,"IoT700, LTE700, LTE850, LTE2600, NR850, NR2600",2025,Telstra,822005,-12.02483,135.56501,,Y,Y,Y,,,Y,,Y,,Y,,,,,,132.79249358336634,4G/LTE + IoT,"NBIoT700, LTE700, LTE2600",2025,Optus,880003,-12.181375,136.776877,Y,,,Y,,,,,Y,,,,,,,,,,483.9224342463735,4G/LTE,"LTE850, LTE1800, LTE2100",2025,TPG,836002,-12.55419,131.15106,,,Y,Y,Y,,,,,,,,,2.4370155283477457,Telstra,606,Shepherdson College,2.8143765836480465,Combined,Government,Very Remote,School Single Entity,0,-12.02856,135.56757,50066,55931.0,15931.0,50066,Shepherdson College,2.8143765836480465,Combined,Government,Very Remote,School Single Entity,0,-12.02856,135.56757,50066,55931.0,15931.0,50066,0.3773610553003008,0.3773610553003008,No,No,No,No,,70600402,Marthakal Homelands exc. Galiwinku,706004,Marthakal Homelands - Galiwinku,706,Nhulunbuy,7,Northern Territory,5177.5161,Within polygon,Matched,204,224,425,32,93,102,113,79,18,23,281,1312,1.8,5.7,64.7,8,68,36,308,27,25,58,245,43.6,18.0,10.2,125,ABS 2021 Census Indigenous Profile,Indigenous Location (ILOC),2021
954,DHULMULMIYA,SPRING CAMP,Family Outstation,EAST ARNHEM,GUMURR MIWATJ,NORTHERN LAND COUNCIL,MULKA,EAST ARNHEM,,Not recorded,-12.52781,136.72533,https://bushtel.nt.gov.au/profile/954,Not listed,Not confirmed,,,,,,,,,,,,,18.005189908184807,4G/LTE + IoT,"IoT700, LTE700",2025,Telstra,880016,-12.38241,136.79831,,Y,Y,,,,,,,,,,,,,,38.92664118624917,4G/LTE + IoT,"NBIoT700, LTE700, LTE2600",2025,Optus,880003,-12.181375,136.776877,Y,,,Y,,,,,Y,,,,,,,,,,604.963950513868,4G/LTE,"LTE850, LTE1800, LTE2100",2025,TPG,836004,-12.613261,131.151729,,,Y,Y,Y,,,,,,,,,18.005189908184807,Telstra,386,Dhupuma Barker,34.498272431448406,Primary,Independent,Very Remote,School Single Entity,0,-12.21816265,136.7055423,53009,87701.0,87700.0,53009,Laynhapuy Homelands School,35.316242940799135,Combined,Government,Very Remote,School Single Entity,0,-12.2528,136.888,50071,56581.0,16581.0,50071,17.31105303261433,16.4930825232636,No,No,No,No,,70600303,Gumatj - Surrounds,706003,Laynhapuy - Gumatj Homelands,706,Nhulunbuy,7,Northern Territory,2644.1939,Within polygon,Matched,15,16,32,0,3,13,6,3,8,31,306,1312,1.3,4.4,28.6,0,0,0,29,0,3,3,23,100.0,14.8,0.0,3,ABS 2021 Census Indigenous Profile,Indigenous Location (ILOC),2021
479,DHUPUWAMIRRI,No aliases recorded with NTG DIPL,Family Outstation,EAST ARNHEM,GUMURR MIYARRKA,NORTHERN LAND COUNCIL,ARNHEM,EAST ARNHEM,6.0,Homelands Service Provider Report 2023,-12.66796,135.39218,https://bushtel.nt.gov.au/profile/479,Not listed,Not confirmed,,,,,,,,,,,,,48.25666452303836,4G/LTE + IoT,"IoT700, LTE700, LTE2600",2025,Telstra,880002,-12.50333,135.80361,,Y,Y,,,,Y,,,,,,,,,,159.80301370724925,4G/LTE + IoT,"NBIoT700, LTE700, LTE2600",2025,Optus,880003,-12.181375,136.776877,Y,,,Y,,,,,Y,,,,,,,,,,460.12375625957577,4G/LTE,"LTE850, LTE1800, LTE2100",2025,TPG,836004,-12.613261,131.151729,,,Y,Y,Y,,,,,,,,,48.25666452303836,Telstra,140,Mapuru Yirralka College,46.48038491132308,Combined,Independent,Very Remote,School Single Entity,0,-12.252298,135.437467,40849,68912.0,28912.0,40849,Mapuru Yirralka College,46.48038491132308,Combined,Independent,Very Remote,School Single Entity,0,-12.252298,135.437467,40849,68912.0,28912.0,40849,-1.7762796117152817,-1.7762796117152817,Yes,Yes,No,No,,70600202,Gapuwiyak Outstations,706002,Gapuwiyak and Outstations,706,Nhulunbuy,7,Northern Territory,6341.3536,Within polygon,Matched,23,42,63,7,12,11,23,11,4,29,327,1156,1.6,4.7,50.0,0,11,5,48,9,0,9,36,0.0,20.4,20.4,19,ABS 2021 Census Indigenous Profile,Indigenous Location (ILOC),2021
554,DHURUPUTJPI,"DHURPUTJPI,DHURUPUJPI,MAYUNDJI,MAYWUNDJI,RURRUNARLA",Family Outstation,EAST ARNHEM,GUMURR MIWATJ,NORTHERN LAND COUNCIL,ARNHEM,EAST ARNHEM,12.0,Homelands Service Provider Report 2023,-13.05478,136.17661,https://bushtel.nt.gov.au/profile/554,Not listed,Not confirmed,,,,,,,,,,,,,73.457618495764,4G/LTE + IoT,"IoT700, LTE700, LTE2600",2025,Telstra,880002,-12.50333,135.80361,,Y,Y,,,,Y,,,,,,,,,,116.93758880788246,4G/LTE + IoT,"NBIoT700, LTE700, LTE2600",2025,Optus,880003,-12.181375,136.776877,Y,,,Y,,,,,Y,,,,,,,,,,546.9808944969483,4G/LTE,"LTE850, LTE1800, LTE2100",2025,TPG,836004,-12.613261,131.151729,,,Y,Y,Y,,,,,,,,,73.457618495764,Telstra,52,Baniyala Garrangali School,17.05607171675065,Combined,Government,Very Remote,School Single Entity,0,-13.2004,136.2261,50139,67690.0,27690.0,50139,Baniyala Garrangali School,17.05607171675065,Combined,Government,Very Remote,School Single Entity,0,-13.2004,136.2261,50139,67690.0,27690.0,50139,-56.401546779013344,-56.401546779013344,Yes,Yes,No,Yes,,70600304,Laynhapuy,706003,Laynhapuy - Gumatj Homelands,706,Nhulunbuy,7,Northern Territory,5255.6095,Within polygon,Matched,112,87,204,13,32,38,65,46,16,31,262,1187,1.7,4.6,52.6,4,17,12,161,24,7,30,114,23.1,16.0,12.3,45,ABS 2021 Census Indigenous Profile,Indigenous Location (ILOC),2021
819,DILLINYA,DRY CREEK,Family Outstation,VICTORIA DALY,TIMBER CREEK,NORTHERN LAND COUNCIL,DALY,BIG RIVERS,,Not recorded,-15.85698,132.04505,https://bushtel.nt.gov.au/profile/819,Not listed,Not confirmed,,,,,,,,,,,,,26.114579066249792,4G/LTE + IoT,"IoT700, LTE700",2025,Telstra,852101,-15.766319,131.819881,,Y,Y,,,,,,,,,,,,,,80.79114241151701,3G/UMTS,UMTS900,2025,Optus,852100,-16.543287,131.796673,,Y,,,,,,,,,,,,,,,,,373.3115618259234,4G/LTE,"LTE850, LTE1800, LTE2100",2025,TPG,836004,-12.613261,131.151729,,,Y,Y,Y,,,,,,,,,26.114579066249792,Telstra,316,Nitjpurru School,138.12791573709765,Combined,Government,Very Remote,School Single Entity,0,-16.81439,131.22025,50115,47961.0,7961.0,50115,Nitjpurru School,138.12791573709765,Combined,Government,Very Remote,School Single Entity,0,-16.81439,131.22025,50115,47961.0,7961.0,50115,112.01333667084786,112.01333667084786,No,No,Yes,No,,70500805,Timber Creek - Surrounds,705008,Victoria River,705,Katherine,7,Northern Territory,64510.5948,Within polygon,Matched,66,56,127,14,28,25,30,15,14,23,336,860,2.0,4.3,46.2,0,17,6,88,14,19,29,51,56.7,34.5,14.9,42,ABS 2021 Census Indigenous Profile,Indigenous Location (ILOC),2021
310,DITCHI,"DITHI,DITJI",Family Outstation,WEST DALY,THAMARRURR/PINDI PINDI,NORTHERN LAND COUNCIL,DALY,TOP END,,Not recorded,-14.30373,129.40855,https://bushtel.nt.gov.au/profile/310,Not listed,Not confirmed,,,,,,,,,,,,,13.92638715065647,4G/LTE + 5G/NR + IoT,"IoT700, LTE700, LTE850, LTE2600, NR850, NR2600",2025,Telstra,822038,-14.24033,129.52,,Y,Y,Y,,,Y,,Y,,Y,,,,,,165.48188935431236,3G/UMTS + 4G/LTE,"UMTS900, LTE700",2025,Optus,852121,-15.762983,129.106028,,Y,,Y,,,,,,,,,,,,Y,Federal Mobile Black Spot Program (MBSP),5.0,256.6268486816825,4G/LTE + 5G/NR,"LTE850, LTE1800, LTE2100, NR700",2025,TPG,800002,-12.4651,130.8425,,,Y,Y,Y,Y,,,,,,,,13.92638715065647,Telstra,441,Our Lady of the Sacred Heart Thamarrurr Catholic College,13.96895448856333,Combined,Catholic,Remote,School Single Entity,0,-14.2404,129.5205,50144,53310.0,13310.0,50144,Our Lady of the Sacred Heart Thamarrurr Catholic College,13.96895448856333,Combined,Catholic,Remote,School Single Entity,0,-14.2404,129.5205,50144,53310.0,13310.0,50144,0.0425673379068598,0.0425673379068598,No,No,No,No,,70400501,Thamarrurr exc. Wadeye,704005,Thamarrurr inc. Wadeye,704,Jabiru - Tiwi,7,Northern Territory,3352.8699,Within polygon,Matched,96,89,188,14,38,56,57,23,5,21,233,860,1.9,4.9,35.3,4,25,11,140,21,30,53,85,60.8,37.2,14.6,52,ABS 2021 Census Indigenous Profile,Indigenous Location (ILOC),2021
482,DJARRAKPI,"CAPE SHIELD,DJARRAPI",Family Outstation,EAST ARNHEM,GUMURR MIWATJ,NORTHERN LAND COUNCIL,ARNHEM,EAST ARNHEM,29.0,Homelands Service Provider Report 2023,-13.29691,136.35162,https://bushtel.nt.gov.au/profile/482,Not listed,Not confirmed,,,,,,,,,,,,,56.57249468272399,4G/LTE,LTE700,2025,Telstra,885002,-13.78362,136.1992,,,Y,,,,,,,,,,,Y,REGIONAL CO-INVESTMENT: Small Cell Satellite,,132.33905180993028,4G/LTE + IoT,"NBIoT700, LTE700, LTE2600",2025,Optus,880003,-12.181375,136.776877,Y,,,Y,,,,,Y,,,,,,,,,,568.5759286206389,4G/LTE,"LTE850, LTE1800, LTE2100",2025,TPG,836004,-12.613261,131.151729,,,Y,Y,Y,,,,,,,,,56.57249468272399,Telstra,99,Baniyala Garrangali School,17.31287842398659,Combined,Government,Very Remote,School Single Entity,0,-13.2004,136.2261,50139,67690.0,27690.0,50139,Baniyala Garrangali School,17.31287842398659,Combined,Government,Very Remote,School Single Entity,0,-13.2004,136.2261,50139,67690.0,27690.0,50139,-39.2596162587374,-39.2596162587374,Yes,Yes,No,Yes,,70600304,Laynhapuy,706003,Laynhapuy - Gumatj Homelands,706,Nhulunbuy,7,Northern Territory,5255.6095,Within polygon,Matched,112,87,204,13,32,38,65,46,16,31,262,1187,1.7,4.6,52.6,4,17,12,161,24,7,30,114,23.1,16.0,12.3,45,ABS 2021 Census Indigenous Profile,Indigenous Location (ILOC),2021
670,DJARRUNG,DJURRUNG,Family Outstation,VICTORIA DALY,TIMBER CREEK,NORTHERN LAND COUNCIL,DALY,BIG RIVERS,2.0,Homelands Service Provider Report 2023,-14.81311,131.53759,https://bushtel.nt.gov.au/profile/670,Not listed,Not confirmed,,,,,,,,,,,,,74.4597125394245,4G/LTE + 5G/NR + IoT,"IoT700, LTE700, LTE850, LTE2600, NR850, NR2600",2025,Telstra,850018,-14.52033,132.16011,,Y,Y,Y,,,Y,,Y,,Y,,,,,,74.4597125394245,4G/LTE + IoT,"NBIoT700, LTE700",2025,Optus,850018,-14.52033,132.16011,Y,,,Y,,,,,,,,,,,,,,,248.13791117992645,4G/LTE,"LTE850, LTE1800, LTE2100",2025,TPG,836004,-12.613261,131.151729,,,Y,Y,Y,,,,,,,,,74.4597125394245,Telstra,49,Katherine South Primary School,85.59835521095573,Primary,Government,Remote,School Single Entity,0,-14.4802,132.255,50028,56557.0,16557.0,50028,St Joseph's Catholic College,88.51376714836935,Combined,Catholic,Remote,School Single Entity,0,-14.46194,132.27593,40351,46882.0,6882.0,40351,14.054054608944853,11.13864267153123,No,No,Yes,Yes,Review,70500805,Timber Creek - Surrounds,705008,Victoria River,705,Katherine,7,Northern Territory,64510.5948,Within polygon,Matched,66,56,127,14,28,25,30,15,14,23,336,860,2.0,4.3,46.2,0,17,6,88,14,19,29,51,56.7,34.5,14.9,42,ABS 2021 Census Indigenous Profile,Indigenous Location (ILOC),2021
965,DJINKARR,No aliases recorded with NTG DIPL,Family Outstation,WEST ARNHEM,MANINGRIDA,NORTHERN LAND COUNCIL,ARAFURA,TOP END,10.0,Homelands Service Provider Report 2023,-12.21287,134.29626,https://bushtel.nt.gov.au/profile/965,Not listed,Not confirmed,,,,,,,,,,,,,18.90444823368985,4G/LTE + 5G/NR + IoT,"IoT700, LTE700, LTE850, LTE1800, LTE2100, LTE2600, NR850, NR2600",2025,Telstra,822008,-12.05532,134.23091,,Y,Y,Y,Y,Y,Y,,Y,,Y,,,Y,REGIONAL CO-INVESTMENT: RCP - TX Upgrade,1.0,147.2645736830905,3G/UMTS + 4G/LTE,"UMTS900, LTE700",2025,Optus,822106,-12.42654,132.95842,,Y,,Y,,,,,,,,,,,,Y,Federal Mobile Black Spot Program (MBSP),5.0,343.6933226407636,4G/LTE,"LTE850, LTE1800, LTE2100",2025,TPG,836002,-12.55419,131.15106,,,Y,Y,Y,,,,,,,,,18.90444823368985,Telstra,379,Maningrida College,19.728000372497725,Combined,Government,Very Remote,School Single Entity,0,-12.05041,134.22333,50061,47956.0,7956.0,50061,Maningrida College,19.728000372497725,Combined,Government,Very Remote,School Single Entity,0,-12.05041,134.22333,50061,47956.0,7956.0,50061,0.8235521388078766,0.8235521388078766,No,No,No,No,,70400302,Maningrida Outstations,704003,Maningrida and Outstations,704,Jabiru - Tiwi,7,Northern Territory,9758.0375,Within polygon,Matched,170,195,366,23,65,77,131,58,11,26,207,900,2.1,5.9,72.3,4,34,42,283,10,22,35,226,60.6,11.8,4.6,88,ABS 2021 Census Indigenous Profile,Indigenous Location (ILOC),2021
981,DJIRRBIYAK,WHISTLE DUCK DREAMING,Family Outstation,WEST ARNHEM,KAKADU,NORTHERN LAND COUNCIL,ARAFURA,TOP END,30.0,Homelands Service Provider Report 2023,-12.72945,132.76363,https://bushtel.nt.gov.au/profile/981,Yes,Confirmed,Primary name,DJIRRBIYAK,0.0641426308665114,DJIRRBIYAK,COMMUNITY,30.0,,,YES,OPTUS/TELSTRA,-12.729,132.764,10.17476627864706,4G/LTE + 5G/NR + IoT,"IoT700, LTE700, LTE850, LTE2600, NR850, NR2600",2025,Telstra,886001,-12.66944,132.83444,,Y,Y,Y,,,Y,,Y,,Y,,,,,,10.173514336461407,4G/LTE + IoT,"NBIoT700, LTE700, LTE2600",2025,Optus,886001,-12.669492,132.834471,Y,,,Y,,,,,Y,,,,,,,,,,175.3463617327138,4G/LTE,"LTE850, LTE1800, LTE2100",2025,TPG,836004,-12.613261,131.151729,,,Y,Y,Y,,,,,,,,,10.173514336461407,Optus,496,Jabiru Area School,9.8048748281709,Combined,Government,Remote,School Single Entity,0,-12.67577,132.83534,50053,47971.0,7971.0,50053,Jabiru Area School,9.8048748281709,Combined,Government,Remote,School Single Entity,0,-12.67577,132.83534,50053,47971.0,7971.0,50053,-0.3686395082905065,-0.3686395082905065,Yes,Yes,No,No,,70400202,Kakadu - Marrakai - Surrounds,704002,Kakadu - Marrakai - Jabiru,704,Jabiru - Tiwi,7,Northern Territory,25261.6924,Within polygon,Matched,104,101,206,14,30,35,53,66,11,33,496,1649,1.3,3.2,17.8,3,24,10,165,82,13,94,62,14.0,56.4,48.5,44,ABS 2021 Census Indigenous Profile,Indigenous Location (ILOC),2021
484,DJURRANALPI,DJANALPI,Family Outstation,EAST ARNHEM,GUMURR MARTHAKAL,NORTHERN LAND COUNCIL,MULKA,EAST ARNHEM,1.0,Homelands Service Provider Report 2023,-11.84684,135.87292,https://bushtel.nt.gov.au/profile/484,Not listed,Not confirmed,,,,,,,,,,,,,38.90774125458358,4G/LTE + 5G/NR + IoT,"IoT700, LTE700, LTE850, LTE2600, NR850, NR2600",2025,Telstra,822005,-12.02483,135.56501,,Y,Y,Y,,,Y,,Y,,Y,,,,,,105.11577190600424,4G/LTE + IoT,"NBIoT700, LTE700, LTE2600",2025,Optus,880003,-12.181375,136.776877,Y,,,Y,,,,,Y,,,,,,,,,,519.1712342657694,4G/LTE,"LTE850, LTE1800, LTE2100",2025,TPG,836002,-12.55419,131.15106,,,Y,Y,Y,,,,,,,,,38.90774125458358,Telstra,199,Gawa Christian School,10.255072486167869,Combined,Independent,Very Remote,School Single Entity,0,-11.759762,135.903958,50163,58020.0,18020.0,50163,Gawa Christian School,10.255072486167869,Combined,Independent,Very Remote,School Single Entity,0,-11.759762,135.903958,50163,58020.0,18020.0,50163,-28.652668768415708,-28.652668768415708,Yes,Yes,No,No,,70600402,Marthakal Homelands exc. Galiwinku,706004,Marthakal Homelands - Galiwinku,706,Nhulunbuy,7,Northern Territory,5177.5161,Within polygon,Matched,204,224,425,32,93,102,113,79,18,23,281,1312,1.8,5.7,64.7,8,68,36,308,27,25,58,245,43.6,18.0,10.2,125,ABS 2021 Census Indigenous Profile,Indigenous Location (ILOC),2021
46,DONS BORE,"ILBPILLA,ILLIPUNU,ILLIPUNY,MT ALLAN",Family Outstation,CENTRAL DESERT,ANMATJERE,CENTRAL LAND COUNCIL,GWOJA,CENTRAL AUSTRALIA,8.0,Homelands Service Provider Report 2023,-22.26233,131.92027,https://bushtel.nt.gov.au/profile/46,Yes,Confirmed,Primary name,DONS BORE,0.0,DONS BORE,COMMUNITY,8.0,,,YES,TELSTRA,-22.26233,131.92027,12.562887221723722,4G/LTE + IoT,"IoT700, LTE700, LTE2600",2025,Telstra,872025,-22.25156,131.79875,,Y,Y,,,,Y,,,,,,,,,,152.52007742307626,3G/UMTS,UMTS900,2025,Optus,870011,-22.64468,133.34561,,Y,,,,,,,,,,,,,,,,,801.639858650528,4G/LTE,LTE850,2025,TPG,4825002,-20.73424,139.49366,,,Y,,,,,,,,,,,12.562887221723722,Telstra,461,Yuendumu School,12.718716025250147,Combined,Government,Very Remote,School Single Entity,0,-22.25565,131.796889,50068,46730.0,6730.0,50068,Yuendumu School,12.718716025250147,Combined,Government,Very Remote,School Single Entity,0,-22.25565,131.796889,50068,46730.0,6730.0,50068,0.1558288035264254,0.1558288035264254,No,No,No,No,,70900301,Anmatjere - Surrounds,709003,Anmatjere,709,Apatula,7,Northern Territory,49609.3293,Within polygon,Matched,59,43,104,14,10,13,33,25,7,31,226,675,1.5,4.1,40.9,4,12,6,78,0,10,15,58,80.0,19.5,3.9,24,ABS 2021 Census Indigenous Profile,Indigenous Location (ILOC),2021
485,DONYDJI,"DOINDJI,DONIDJI,DOYNDJI",Family Outstation,EAST ARNHEM,GUMURR MIYARRKA,NORTHERN LAND COUNCIL,ARNHEM,EAST ARNHEM,39.0,Homelands Service Provider Report 2023,-12.89045,135.47028,https://bushtel.nt.gov.au/profile/485,Not listed,Not confirmed,,,,,,,,,,,,,56.21708508797733,4G/LTE + IoT,"IoT700, LTE700, LTE2600",2025,Telstra,880002,-12.50333,135.80361,,Y,Y,,,,Y,,,,,,,,,,162.26588016436835,4G/LTE + IoT,"NBIoT700, LTE700, LTE2600",2025,Optus,880003,-12.181375,136.776877,Y,,,Y,,,,,Y,,,,,,,,,,469.36470189935983,4G/LTE,"LTE850, LTE1800, LTE2100",2025,TPG,836004,-12.613261,131.151729,,,Y,Y,Y,,,,,,,,,56.21708508797733,Telstra,100,Gapuwiyak School,56.342610793003296,Combined,Government,Very Remote,School Single Entity,0,-12.50553,135.80806,50057,47952.0,7952.0,50057,Gapuwiyak School,56.342610793003296,Combined,Government,Very Remote,School Single Entity,0,-12.50553,135.80806,50057,47952.0,7952.0,50057,0.1255257050259643,0.1255257050259643,No,No,Yes,Yes,Review,70600202,Gapuwiyak Outstations,706002,Gapuwiyak and Outstations,706,Nhulunbuy,7,Northern Territory,6341.3536,Within polygon,Matched,23,42,63,7,12,11,23,11,4,29,327,1156,1.6,4.7,50.0,0,11,5,48,9,0,9,36,0.0,20.4,20.4,19,ABS 2021 Census Indigenous Profile,Indigenous Location (ILOC),2021
942,DOOJUM,No aliases recorded with NTG DIPL,Family Outstation,VICTORIA DALY,TIMBER CREEK,NORTHERN LAND COUNCIL,GWOJA,BIG RIVERS,,Not recorded,-15.72519,129.15921,https://bushtel.nt.gov.au/profile/942,Not listed,Not confirmed,,,,,,,,,,,,,33.2501691160496,4G/LTE + IoT,"IoT700, LTE700",2025,Telstra,6743043,-15.98162,128.99931,,Y,Y,,,,,,,,,,,Y,Federal Mobile Black Spot Program (MBSP),5.0,7.0750115086316265,3G/UMTS + 4G/LTE,"UMTS900, LTE700",2025,Optus,852121,-15.762983,129.106028,,Y,,Y,,,,,,,,,,,,Y,Federal Mobile Black Spot Program (MBSP),5.0,405.4084426169789,4G/LTE + 5G/NR,"LTE850, LTE1800, LTE2100, NR700",2025,TPG,800002,-12.4651,130.8425,,,Y,Y,Y,Y,,,,,,,,7.0750115086316265,Optus,540,Bulla Camp School,63.60398829372692,Combined,Government,Very Remote,School Single Entity,0,-15.9353,129.7122,50082,56531.0,16531.0,50082,Bulla Camp School,63.60398829372692,Combined,Government,Very Remote,School Single Entity,0,-15.9353,129.7122,50082,56531.0,16531.0,50082,56.528976785095296,56.528976785095296,No,No,Yes,No,,70500805,Timber Creek - Surrounds,705008,Victoria River,705,Katherine,7,Northern Territory,64510.5948,Within polygon,Matched,66,56,127,14,28,25,30,15,14,23,336,860,2.0,4.3,46.2,0,17,6,88,14,19,29,51,56.7,34.5,14.9,42,ABS 2021 Census Indigenous Profile,Indigenous Location (ILOC),2021
812,DOOLGARINA,JIBABANA,Family Outstation,ROPER GULF,SOUTH WEST GULF,NORTHERN LAND COUNCIL,BARKLY,BIG RIVERS,,Not recorded,-16.22917,136.76611,https://bushtel.nt.gov.au/profile/812,Not listed,Not confirmed,,,,,,,,,,,,,52.86934126008994,4G/LTE + IoT,"IoT700, LTE700, LTE1800, LTE2100, LTE2600",2025,Telstra,854001,-16.05361,136.30611,,Y,Y,,Y,Y,Y,,,,,,,,,,121.82699336860676,3G/UMTS,UMTS900,2025,Optus,852089,-16.6834,135.7265,,Y,,,,,,,,,,,,,,Y,Federal Mobile Black Spot Program (MBSP),2.0,577.6030969063252,4G/LTE,LTE850,2025,TPG,4825002,-20.73424,139.49366,,,Y,,,,,,,,,,,52.86934126008994,Telstra,112,Borroloola School,52.64464131280526,Combined,Government,Very Remote,School Single Entity,0,-16.0582,136.30649,50056,47921.0,7921.0,50056,Borroloola School,52.64464131280526,Combined,Government,Very Remote,School Single Entity,0,-16.0582,136.30649,50056,47921.0,7921.0,50056,-0.2246999472846766,-0.2246999472846766,Yes,Yes,Yes,Yes,Review,70500401,Mabunji - Mungoorbada Outstations,705004,Gulf,705,Katherine,7,Northern Territory,55041.1368,Within polygon,Matched,62,43,104,7,17,23,30,21,8,30,407,916,1.9,3.6,48.1,4,12,3,79,23,9,28,52,22.2,34.6,26.9,24,ABS 2021 Census Indigenous Profile,Indigenous Location (ILOC),2021
24897,DOUBLE D,No aliases recorded with NTG DIPL,Family Outstation,BARKLY,ALYAWARR,CENTRAL LAND COUNCIL,BARKLY,BARKLY,1.0,Homelands Service Provider Report 2023,-21.23177,134.94684,https://bushtel.nt.gov.au/profile/24897,Not listed,Not confirmed,,,,,,,,,,,,,52.33360450076826,4G/LTE + IoT,"IoT700, LTE700",2025,Telstra,872164,-21.16637,135.44675,,Y,Y,,,,,,,,,,,Y,REGIONAL CO-INVESTMENT: Small Cell Satellite,,88.26048259151263,3G/UMTS,UMTS900,2025,Optus,872134,-20.79537,134.23659,,Y,,,,,,,,,,,,,,,,,475.269891828819,4G/LTE,LTE850,2025,TPG,4825002,-20.73424,139.49366,,,Y,,,,,,,,,,,52.33360450076826,Telstra,115,Murray Downs School,34.68418836315643,Combined,Government,Very Remote,School Single Entity,0,-21.0477,134.67685,50106,56568.0,16568.0,50106,Murray Downs School,34.68418836315643,Combined,Government,Very Remote,School Single Entity,0,-21.0477,134.67685,50106,56568.0,16568.0,50106,-17.64941613761183,-17.64941613761183,Yes,Yes,No,Yes,,70700304,Julalikari - Outstations,707003,Barkly,707,Tennant Creek,7,Northern Territory,107784.4629,Within polygon,Matched,67,66,137,15,28,18,41,25,8,27,369,1020,1.4,4.2,31.0,4,26,10,90,13,20,34,41,60.0,39.8,15.9,43,ABS 2021 Census Indigenous Profile,Indigenous Location (ILOC),2021
631,DUCK PONDS,"KULINGALIMPAU,MIRRIRINYUNGU,MURRINYU",Family Outstation,CENTRAL DESERT,NORTHERN TANAMI,CENTRAL LAND COUNCIL,GWOJA,CENTRAL AUSTRALIA,,Not recorded,-18.77377,131.27766,https://bushtel.nt.gov.au/profile/631,Not listed,Not confirmed,,,,,,,,,,,,,83.79249613153274,4G/LTE + 5G/NR + IoT,"IoT700, LTE700, LTE850, LTE2600, NR850, NR2600",2025,Telstra,852001,-18.33139,130.63417,,Y,Y,Y,,,Y,,Y,,Y,,,,,,254.04124997353244,3G/UMTS,UMTS900,2025,Optus,852100,-16.543287,131.796673,,Y,,,,,,,,,,,,,,,,,685.1507713479116,4G/LTE,"LTE850, LTE1800, LTE2100",2025,TPG,836004,-12.613261,131.151729,,,Y,Y,Y,,,,,,,,,83.79249613153274,Telstra,30,Lajamanu School,83.55355502324215,Combined,Government,Very Remote,School Single Entity,0,-18.3353,130.633981,50060,44761.0,4761.0,50060,Lajamanu School,83.55355502324215,Combined,Government,Very Remote,School Single Entity,0,-18.3353,130.633981,50060,44761.0,4761.0,50060,-0.2389411082905894,-0.2389411082905894,Yes,Yes,Yes,Yes,Review,70901002,Tanami Outstations,709010,Nyirripi and Tanami Outstations,709,Apatula,7,Northern Territory,142011.3404,Within polygon,Matched,13,16,30,0,0,3,15,5,3,41,1312,2250,1.4,5.0,50.0,0,0,0,30,20,0,20,3,0.0,70.4,70.4,0,ABS 2021 Census Indigenous Profile,Indigenous Location (ILOC),2021
879,EAGLE VALLEY,No aliases recorded with NTG DIPL,Family Outstation,MACDONNELL,IYARRKA,CENTRAL LAND COUNCIL,GWOJA,CENTRAL AUSTRALIA,,Not recorded,-24.92999,129.09845,https://bushtel.nt.gov.au/profile/879,Not listed,Not confirmed,,,,,,,,,,,,,6.655605366088152,4G/LTE + IoT,"IoT700, LTE700",2025,Telstra,872125,-24.87253,129.079969,,Y,Y,,,,,,,,,,,,,,191.34705924013227,4G/LTE + 5G/NR + IoT,"NBIoT700, LTE700, LTE900, LTE2100, LTE2600, NR700, NR900, NR2100",2025,Optus,872155,-25.191336,130.976089,Y,,,Y,Y,,Y,,Y,Y,Y,Y,,,,,,,988.6438419876686,4G/LTE,"LTE850, LTE1800",2025,TPG,6430002,-30.7382,121.47878,,,Y,Y,,,,,,,,,,6.655605366088152,Telstra,549,Nyangatjatjara College - Kaltukatjara Campus (Docker River) Primary Campus,6.542911133713179,Primary,Independent,Very Remote,School Sub-Campus,0,-24.8729892831282,129.082349495758,40902,77301.0,14570.0,50160,Nyangatjatjara College - Kaltukatjara Campus (Docker River) Secondary Campus,5.868533051900143,Secondary,Independent,Very Remote,School Sub-Campus,0,-24.8812918779094,129.076019609991,53390,89017.0,14570.0,50160,-0.7870723141880092,-0.1126942323749728,Yes,Yes,No,No,,70900802,Kaltukatjara Outstations,709008,Kaltukatjara and Outstations,709,Apatula,7,Northern Territory,87474.9608,Within polygon,Matched,28,34,60,8,7,8,17,16,3,29,295,966,1.7,3.7,40.0,0,5,6,46,14,5,12,35,14.3,29.8,25.5,15,ABS 2021 Census Indigenous Profile,Indigenous Location (ILOC),2021
34,EIGHT MILE,"8 MILE,EROMANTATAKA,EROMBANTAKA,NEW 8 MILE,NEW EIGHT MILE",Family Outstation,MACDONNELL,LJIRAPINTA,CENTRAL LAND COUNCIL,GWOJA,CENTRAL AUSTRALIA,,Not recorded,-23.88699,132.68279,https://bushtel.nt.gov.au/profile/34,Yes,Confirmed,Primary name,EIGHT MILE,0.1362704378976616,EIGHT MILE,COMMUNITY,6.0,,,YES,TELSTRA,-23.886,132.682,11.354732132306012,4G/LTE + IoT,"IoT700, LTE700, LTE2600",2025,Telstra,872034,-23.94213,132.77681,,Y,Y,,,,Y,,,,,,,,,,19.69540124863885,3G/UMTS + 4G/LTE,"UMTS900, LTE700",2025,Optus,872189,-24.056241,132.739943,,Y,,Y,,,,,,,,,,,,Y,Federal Mobile Black Spot Program (MBSP),4.0,783.2796166081586,4G/LTE,LTE850,2025,TPG,4825002,-20.73424,139.49366,,,Y,,,,,,,,,,,11.354732132306012,Telstra,479,Ntaria School,11.319539416696475,Combined,Government,Very Remote,School Single Entity,0,-23.94262,132.776051,50111,56572.0,16572.0,50111,Ntaria School,11.319539416696475,Combined,Government,Very Remote,School Single Entity,0,-23.94262,132.776051,50111,56572.0,16572.0,50111,-0.0351927156095346,-0.0351927156095346,Yes,Yes,No,No,,70901403,Tjuwanpa Outstations,709014,West MacDonnell Ranges,709,Apatula,7,Northern Territory,15970.5215,Within polygon,Matched,90,98,188,21,38,31,60,36,8,27,352,1166,1.5,4.3,51.2,0,21,12,134,28,19,47,85,43.5,34.6,19.5,59,ABS 2021 Census Indigenous Profile,Indigenous Location (ILOC),2021
920,ELITJIA,ALKIMILYA,Family Outstation,MACDONNELL,RODINGA,CENTRAL LAND COUNCIL,NAMATJIRA,CENTRAL AUSTRALIA,16.0,Homelands Service Provider Report 2023,-23.77677,133.61583,https://bushtel.nt.gov.au/profile/920,Yes,Confirmed,Primary name,ELITJIA,0.0,ELITJIA,COMMUNITY,13.0,,,YES,OPTUS/TELSTRA,-23.77677,133.61583,16.042310540411798,4G/LTE + IoT,"IoT700, LTE700",2025,Telstra,872167,-23.7218,133.4701,,Y,Y,,,,,,,,,,,Y,REGIONAL CO-INVESTMENT: Small Cell Satellite,,24.557326067974703,4G/LTE + 5G/NR + IoT,"NBIoT700, LTE700, LTE900, LTE1800, LTE2100, LTE2600, NR700, NR900, NR2100",2025,Optus,870064,-23.69695,133.84078,Y,,,Y,Y,Y,Y,,Y,Y,Y,Y,,,,,,,692.9508572231757,4G/LTE,LTE850,2025,TPG,4825002,-20.73424,139.49366,,,Y,,,,,,,,,,,16.042310540411798,Telstra,412,Living Waters Lutheran School,23.65423422326804,Primary,Independent,Remote,School Single Entity,0,-23.69766,133.83155,50151,46877.0,6877.0,50151,Araluen Christian College,25.266167453903183,Combined,Independent,Remote,School Single Entity,0,-23.70771,133.85232,40343,55336.0,15336.0,40343,9.223856913491383,7.6119236828562435,No,No,No,No,,70900103,South MacDonnell Ranges,709001,Amoonguna - Santa Teresa - Titjikala,709,Apatula,7,Northern Territory,31517.5382,Within polygon,Matched,651,171,821,14,29,137,420,188,34,35,360,645,1.0,2.5,10.9,6,16,14,773,55,7,64,688,12.3,8.4,7.4,43,ABS 2021 Census Indigenous Profile,Indigenous Location (ILOC),2021
882,EMU POINT,"MULYUNG,NGANAMBALA",Family Outstation,WEST DALY,THAMARRURR/PINDI PINDI,NORTHERN LAND COUNCIL,DALY,TOP END,85.0,Homelands Service Provider Report 2023,-14.17021,130.32777,https://bushtel.nt.gov.au/profile/882,Not listed,Not confirmed,,,,,,,,,,,,,0.0391399411685134,4G/LTE,LTE700,2025,Telstra,822126,-14.17049,130.32755,,,Y,,,,,,,,,,,Y,REGIONAL CO-INVESTMENT: NT RSCP - Small Cell Satellite,,115.3175633779909,3G/UMTS + 4G/LTE,"UMTS900, LTE700",2025,Optus,822110,-13.247436,130.814953,,Y,,Y,,,,,,,,,,,,Y,Federal Mobile Black Spot Program (MBSP),5.0,194.7194993766028,4G/LTE,"LTE850, LTE1800, LTE2100",2025,TPG,836004,-12.613261,131.151729,,,Y,Y,Y,,,,,,,,,0.0391399411685134,Telstra,628,Nganambala School,0.2762689719172787,Combined,Government,Very Remote,School Single Entity,0,-14.1701,130.32521,50362,69230.0,29230.0,50362,Nganambala School,0.2762689719172787,Combined,Government,Very Remote,School Single Entity,0,-14.1701,130.32521,50362,69230.0,29230.0,50362,0.2371290307487653,0.2371290307487653,No,No,No,No,,70400102,Emu Point,704001,Douglas-Daly,704,Jabiru - Tiwi,7,Northern Territory,1.3753,Within polygon,Matched,99,73,179,17,46,27,54,32,4,24,192,2250,2.5,7.7,75.0,0,36,8,116,15,6,21,97,31.6,16.4,11.2,63,ABS 2021 Census Indigenous Profile,Indigenous Location (ILOC),2021
950,FITZROY STATION,No aliases recorded with NTG DIPL,Family Outstation,VICTORIA DALY,TIMBER CREEK,NORTHERN LAND COUNCIL,DALY,BIG RIVERS,12.0,Homelands Service Provider Report 2023,-15.56298,130.93431,https://bushtel.nt.gov.au/profile/950,Not listed,Not confirmed,,,,,,,,,,,,,36.02126808879094,4G/LTE + 5G/NR,"LTE700, LTE850, LTE2600, NR850",2025,Telstra,852123,-15.31228,130.72147,,,Y,Y,,,Y,,Y,,,,,,,,21.70828563352133,3G/UMTS,UMTS900,2025,Optus,852099,-15.6176,131.1289,,Y,,,,,,,,,,,,,,Y,Federal Mobile Black Spot Program (MBSP),2.0,328.831145894713,4G/LTE,"LTE850, LTE1800, LTE2100",2025,TPG,836004,-12.613261,131.151729,,,Y,Y,Y,,,,,,,,,21.70828563352133,Optus,355,Timber Creek School,51.130976141040975,Combined,Government,Very Remote,School Single Entity,0,-15.6481,130.46513,50121,47932.0,7932.0,50121,Timber Creek School,51.130976141040975,Combined,Government,Very Remote,School Single Entity,0,-15.6481,130.46513,50121,47932.0,7932.0,50121,29.422690507519643,29.422690507519643,No,No,Yes,No,,70500805,Timber Creek - Surrounds,705008,Victoria River,705,Katherine,7,Northern Territory,64510.5948,Within polygon,Matched,66,56,127,14,28,25,30,15,14,23,336,860,2.0,4.3,46.2,0,17,6,88,14,19,29,51,56.7,34.5,14.9,42,ABS 2021 Census Indigenous Profile,Indigenous Location (ILOC),2021
57,FIVE MILE,"5 MILE,INTJARRANGA,RUTJINKA",Family Outstation,MACDONNELL,LJIRAPINTA,CENTRAL LAND COUNCIL,GWOJA,CENTRAL AUSTRALIA,3.0,Homelands Service Provider Report 2023,-23.91848,132.84834,https://bushtel.nt.gov.au/profile/57,Yes,Confirmed,Primary name,FIVE MILE,0.0,FIVE MILE,COMMUNITY,5.0,,,YES,TELSTRA,-23.91848,132.84834,7.731081296676097,4G/LTE + IoT,"IoT700, LTE700, LTE2600",2025,Telstra,872034,-23.94213,132.77681,,Y,Y,,,,Y,,,,,,,,,,18.865869257649983,3G/UMTS + 4G/LTE,"UMTS900, LTE700",2025,Optus,872189,-24.056241,132.739943,,Y,,Y,,,,,,,,,,,,Y,Federal Mobile Black Spot Program (MBSP),4.0,769.6283186586074,4G/LTE,LTE850,2025,TPG,4825002,-20.73424,139.49366,,,Y,,,,,,,,,,,7.731081296676097,Telstra,531,Ntaria School,7.8221838859916275,Combined,Government,Very Remote,School Single Entity,0,-23.94262,132.776051,50111,56572.0,16572.0,50111,Ntaria School,7.8221838859916275,Combined,Government,Very Remote,School Single Entity,0,-23.94262,132.776051,50111,56572.0,16572.0,50111,0.0911025893155308,0.0911025893155308,No,No,No,No,,70901403,Tjuwanpa Outstations,709014,West MacDonnell Ranges,709,Apatula,7,Northern Territory,15970.5215,Within polygon,Matched,90,98,188,21,38,31,60,36,8,27,352,1166,1.5,4.3,51.2,0,21,12,134,28,19,47,85,43.5,34.6,19.5,59,ABS 2021 Census Indigenous Profile,Indigenous Location (ILOC),2021
12769,FIVE MILE,"FAPIWATI FAMILY OUTSTATION,FEPPIWETI FAMILY OUTSTATION",Family Outstation,VICTORIA DALY,MILNGIN,NORTHERN LAND COUNCIL,DALY,TOP END,,Not recorded,-13.72684,130.71831,https://bushtel.nt.gov.au/profile/12769,Not listed,Not confirmed,,,,,,,,,,,,,4.1258683517854,4G/LTE + 5G/NR + IoT,"IoT700, LTE700, LTE850, NR850",2025,Telstra,822007,-13.75083,130.68917,,Y,Y,Y,,,,,Y,,,,,,,,54.32195071377468,3G/UMTS + 4G/LTE,"UMTS900, LTE700",2025,Optus,822110,-13.247436,130.814953,,Y,,Y,,,,,,,,,,,,Y,Federal Mobile Black Spot Program (MBSP),5.0,132.41797602371466,4G/LTE,"LTE850, LTE1800, LTE2100",2025,TPG,836004,-12.613261,131.151729,,,Y,Y,Y,,,,,,,,,4.1258683517854,Telstra,580,St Francis Xavier Catholic School,4.304556909833984,Combined,Catholic,Very Remote,School Head Campus,0,-13.75194,130.68797,50145,53312.0,13312.0,50145,St Francis Xavier Catholic School,4.304556909833984,Combined,Catholic,Very Remote,School Head Campus,0,-13.75194,130.68797,50145,53312.0,13312.0,50145,0.1786885580485844,0.1786885580485844,No,No,No,No,,70400101,Douglas-Daly,704001,Douglas-Daly,704,Jabiru - Tiwi,7,Northern Territory,34368.2996,Within polygon,Matched,87,77,169,14,32,24,65,18,15,30,340,919,1.6,3.3,25.0,0,24,3,119,32,4,34,78,9.4,27.1,24.6,46,ABS 2021 Census Indigenous Profile,Indigenous Location (ILOC),2021
685,FLICKS HOLE,"FLICKS WATERHOLE,WUNOORILL ASSOC",Family Outstation,ROPER GULF,NEVER NEVER,NORTHERN LAND COUNCIL,ARNHEM,BIG RIVERS,,Not recorded,-15.61606,134.09331,https://bushtel.nt.gov.au/profile/685,Not listed,Not confirmed,,,,,,,,,,,,,43.98292307389492,4G/LTE + 5G/NR + IoT,"IoT700, LTE700, LTE850, NR850",2025,Telstra,852090,-15.22066,134.08211,,Y,Y,Y,,,,,Y,,,,,,,,94.194017180482,3G/UMTS + 4G/LTE,"UMTS900, LTE700",2025,Optus,852103,-15.5742,133.2149,,Y,,Y,,,,,,,,,,,,Y,Federal Mobile Black Spot Program (MBSP),4.0,460.52481875130405,4G/LTE,"LTE850, LTE1800, LTE2100",2025,TPG,836004,-12.613261,131.151729,,,Y,Y,Y,,,,,,,,,43.98292307389492,Telstra,167,Minyerri School,43.91813421804998,Combined,Government,Very Remote,School Single Entity,0,-15.221225,134.08281,50104,56565.0,16565.0,50104,Minyerri School,43.91813421804998,Combined,Government,Very Remote,School Single Entity,0,-15.221225,134.08281,50104,56565.0,16565.0,50104,-0.0647888558449452,-0.0647888558449452,Yes,Yes,No,No,,70500303,Elsey Roper - Surrounds,705003,Elsey - Roper,705,Katherine,7,Northern Territory,92882.2781,Within polygon,Matched,41,29,68,3,8,15,16,17,3,28,417,1125,1.3,2.6,16.0,0,5,8,52,24,10,31,24,20.0,56.6,45.3,11,ABS 2021 Census Indigenous Profile,Indigenous Location (ILOC),2021
911,FOSSIL HEAD,No aliases recorded with NTG DIPL,Family Outstation,WEST DALY,THAMARRURR/PINDI PINDI,NORTHERN LAND COUNCIL,DALY,TOP END,34.0,Homelands Service Provider Report 2023,-14.53778,129.52127,https://bushtel.nt.gov.au/profile/911,Not listed,Not confirmed,,,,,,,,,,,,,33.07525946953572,4G/LTE + 5G/NR + IoT,"IoT700, LTE700, LTE850, LTE2600, NR850, NR2600",2025,Telstra,822038,-14.24033,129.52,,Y,Y,Y,,,Y,,Y,,Y,,,,,,143.34090212084283,3G/UMTS + 4G/LTE,"UMTS900, LTE700",2025,Optus,852121,-15.762983,129.106028,,Y,,Y,,,,,,,,,,,,Y,Federal Mobile Black Spot Program (MBSP),5.0,271.14924072204377,4G/LTE + 5G/NR,"LTE850, LTE1800, LTE2100, NR700",2025,TPG,800002,-12.4651,130.8425,,,Y,Y,Y,Y,,,,,,,,33.07525946953572,Telstra,243,Our Lady of the Sacred Heart Thamarrurr Catholic College,33.06729696137064,Combined,Catholic,Remote,School Single Entity,0,-14.2404,129.5205,50144,53310.0,13310.0,50144,Our Lady of the Sacred Heart Thamarrurr Catholic College,33.06729696137064,Combined,Catholic,Remote,School Single Entity,0,-14.2404,129.5205,50144,53310.0,13310.0,50144,-0.007962508165086,-0.007962508165086,Yes,Yes,No,No,,70400501,Thamarrurr exc. Wadeye,704005,Thamarrurr inc. Wadeye,704,Jabiru - Tiwi,7,Northern Territory,3352.8699,Within polygon,Matched,96,89,188,14,38,56,57,23,5,21,233,860,1.9,4.9,35.3,4,25,11,140,21,30,53,85,60.8,37.2,14.6,52,ABS 2021 Census Indigenous Profile,Indigenous Location (ILOC),2021
909,FOXALLS WELL,"FOXELLS WELL,FOXHALLS WELL",Family Outstation,CENTRAL DESERT,AKITYARRE,CENTRAL LAND COUNCIL,NAMATJIRA,CENTRAL AUSTRALIA,8.0,Homelands Service Provider Report 2023,-23.07383,134.82355,https://bushtel.nt.gov.au/profile/909,Not listed,Not confirmed,,,,,,,,,,,,,16.043708263344723,4G/LTE + IoT,"IoT700, LTE700",2025,Telstra,872152,-22.97496,134.93773,,Y,Y,,,,,,,,,,,Y,REGIONAL CO-INVESTMENT: NT ISCA,1.0,44.72760087878673,3G/UMTS + 4G/LTE,"UMTS900, LTE700",2025,Optus,872188,-23.45604,134.68709,,Y,,Y,,,,,,,,,,,,Y,Federal Mobile Black Spot Program (MBSP),4.0,547.4935562773964,4G/LTE,LTE850,2025,TPG,4825002,-20.73424,139.49366,,,Y,,,,,,,,,,,16.043708263344723,Telstra,411,Harts Range School,14.977838161559204,Combined,Government,Very Remote,School Single Entity,0,-22.9844,134.933,50093,56551.0,16551.0,50093,Harts Range School,14.977838161559204,Combined,Government,Very Remote,School Single Entity,0,-22.9844,134.933,50093,56551.0,16551.0,50093,-1.065870101785519,-1.065870101785519,Yes,Yes,No,No,,70900502,Atitjere - Akarnenehe Outstations,709005,Atitjere - Akarnenehe - Engawala,709,Apatula,7,Northern Territory,67455.8399,Within polygon,Matched,68,60,126,10,26,26,32,21,4,24,277,762,1.3,3.8,29.6,0,23,5,89,14,10,22,63,37.5,26.4,16.5,36,ABS 2021 Census Indigenous Profile,Indigenous Location (ILOC),2021
496,GALARU,"EAST WOODY,GALURU",Family Outstation,EAST ARNHEM,GUMURR MIWATJ,NORTHERN LAND COUNCIL,MULKA,EAST ARNHEM,,Not recorded,-12.16601,136.75732,https://bushtel.nt.gov.au/profile/496,Not listed,Not confirmed,,,,,,,,,,,,,2.745513251363913,4G/LTE + IoT,"IoT700, LTE700",2025,Telstra,880003,-12.1815,136.77699,,Y,Y,,,,,,,,,,,Y,REGIONAL CO-INVESTMENT: RCP - Augmentation,1.0,2.727230790884466,4G/LTE + IoT,"NBIoT700, LTE700, LTE2600",2025,Optus,880003,-12.181375,136.776877,Y,,,Y,,,,,Y,,,,,,,,,,610.4548062095693,4G/LTE,"LTE850, LTE1800, LTE2100",2025,TPG,836002,-12.55419,131.15106,,,Y,Y,Y,,,,,,,,,2.727230790884466,Optus,600,Nhulunbuy Primary School,3.416717575030222,Primary,Government,Very Remote,School Single Entity,0,-12.1821,136.7841,50040,47990.0,7990.0,50040,Nhulunbuy High School,3.619746701229017,Secondary,Government,Very Remote,School Single Entity,0,-12.18676,136.78298,50002,55089.0,15089.0,50002,0.8925159103445512,0.6894867841457559,No,No,No,No,,70600502,Nhulunbuy,706005,Nhulunbuy - Gunyangara,706,Nhulunbuy,7,Northern Territory,82.6171,Within polygon,Matched,196,177,371,27,74,76,132,56,11,27,597,2525,1.1,3.3,12.9,5,38,60,275,127,9,131,140,5.3,48.2,45.6,101,ABS 2021 Census Indigenous Profile,Indigenous Location (ILOC),2021
807,GALAWARRA,No aliases recorded with NTG DIPL,Family Outstation,EAST ARNHEM,GUMURR MARTHAKAL,NORTHERN LAND COUNCIL,MULKA,EAST ARNHEM,4.0,Homelands Service Provider Report 2023,-12.0444,135.59373,https://bushtel.nt.gov.au/profile/807,Yes,Confirmed,Primary name,GALAWARRA,0.0,GALAWARRA,COMMUNITY,16.0,,,YES,TELSTRA,-12.0444,135.59373,3.806649226604268,4G/LTE + 5G/NR + IoT,"IoT700, LTE700, LTE850, LTE2600, NR850, NR2600",2025,Telstra,822005,-12.02483,135.56501,,Y,Y,Y,,,Y,,Y,,Y,,,,,,129.52953870347693,4G/LTE + IoT,"NBIoT700, LTE700, LTE2600",2025,Optus,880003,-12.181375,136.776877,Y,,,Y,,,,,Y,,,,,,,,,,485.974853418322,4G/LTE,"LTE850, LTE1800, LTE2100",2025,TPG,836002,-12.55419,131.15106,,,Y,Y,Y,,,,,,,,,3.806649226604268,Telstra,584,Shepherdson College,3.3460137365484006,Combined,Government,Very Remote,School Single Entity,0,-12.02856,135.56757,50066,55931.0,15931.0,50066,Shepherdson College,3.3460137365484006,Combined,Government,Very Remote,School Single Entity,0,-12.02856,135.56757,50066,55931.0,15931.0,50066,-0.4606354900558673,-0.4606354900558673,Yes,Yes,No,No,,70600402,Marthakal Homelands exc. Galiwinku,706004,Marthakal Homelands - Galiwinku,706,Nhulunbuy,7,Northern Territory,5177.5161,Within polygon,Matched,204,224,425,32,93,102,113,79,18,23,281,1312,1.8,5.7,64.7,8,68,36,308,27,25,58,245,43.6,18.0,10.2,125,ABS 2021 Census Indigenous Profile,Indigenous Location (ILOC),2021
489,GALAWDJAPIN,"GALADJAPIN,GALATJAPAN",Family Outstation,EAST ARNHEM,BIRR RAWARRANG,NORTHERN LAND COUNCIL,MULKA,EAST ARNHEM,12.0,Homelands Service Provider Report 2023,-12.28695,134.81751,https://bushtel.nt.gov.au/profile/489,Yes,Confirmed,Primary name,GALAWDJAPIN,0.0,GALAWDJAPIN,COMMUNITY,12.0,,,YES,TELSTRA,-12.28695,134.81751,12.692081127351669,4G/LTE + 5G/NR + IoT,"IoT700, LTE700, LTE850, LTE2600, NR850, NR2600",2025,Telstra,822003,-12.32833,134.92639,,Y,Y,Y,,,Y,,Y,,Y,,,Y,REGIONAL CO-INVESTMENT: RCP - TX Upgrade,1.0,202.52797562473043,3G/UMTS + 4G/LTE,"UMTS900, LTE700",2025,Optus,822106,-12.42654,132.95842,,Y,,Y,,,,,,,,,,,,Y,Federal Mobile Black Spot Program (MBSP),5.0,399.2530665359393,4G/LTE,"LTE850, LTE1800, LTE2100",2025,TPG,836002,-12.55419,131.15106,,,Y,Y,Y,,,,,,,,,12.692081127351669,Telstra,459,Ramingining School,12.595923398168171,Combined,Government,Very Remote,School Single Entity,0,-12.32641,134.92619,50065,47963.0,7963.0,50065,Ramingining School,12.595923398168171,Combined,Government,Very Remote,School Single Entity,0,-12.32641,134.92619,50065,47963.0,7963.0,50065,-0.0961577291834956,-0.0961577291834956,Yes,Yes,No,No,,70600705,Ramingining - Milingimbi Outstations,706007,Ramingining - Milingimbi and Outstations,706,Nhulunbuy,7,Northern Territory,11429.1805,Within polygon,Matched,85,80,169,3,31,36,53,40,11,30,247,1187,1.7,5.6,61.5,7,21,8,134,25,26,47,80,46.8,34.6,18.4,34,ABS 2021 Census Indigenous Profile,Indigenous Location (ILOC),2021
495,GALUPA,"KINGS VILLAGE,WARDJUK",Family Outstation,EAST ARNHEM,GUMURR MIWATJ,NORTHERN LAND COUNCIL,MULKA,EAST ARNHEM,,Not recorded,-12.1925,136.6892,https://bushtel.nt.gov.au/profile/495,Not listed,Not confirmed,,,,,,,,,,,,,0.3415191252690361,4G/LTE + IoT,"IoT700, LTE700",2025,Telstra,880001,-12.19105,136.69197,,Y,Y,,,,,,,,,,,,,,9.60949832501569,4G/LTE + IoT,"NBIoT700, LTE700, LTE2600",2025,Optus,880003,-12.181375,136.776877,Y,,,Y,,,,,Y,,,,,,,,,,602.8409952642431,4G/LTE,"LTE850, LTE1800, LTE2100",2025,TPG,836002,-12.55419,131.15106,,,Y,Y,Y,,,,,,,,,0.3415191252690361,Telstra,622,Dhupuma Barker,3.361155639539078,Primary,Independent,Very Remote,School Single Entity,0,-12.21816265,136.7055423,53009,87701.0,87700.0,53009,Nhulunbuy High School,10.212733026138162,Secondary,Government,Very Remote,School Single Entity,0,-12.18676,136.78298,50002,55089.0,15089.0,50002,9.871213900869126,3.019636514270042,No,No,No,No,,70600502,Nhulunbuy,706005,Nhulunbuy - Gunyangara,706,Nhulunbuy,7,Northern Territory,82.6171,Within polygon,Matched,196,177,371,27,74,76,132,56,11,27,597,2525,1.1,3.3,12.9,5,38,60,275,127,9,131,140,5.3,48.2,45.6,101,ABS 2021 Census Indigenous Profile,Indigenous Location (ILOC),2021
315,GAMARDI,"GAMEDI,JIMARDE",Family Outstation,WEST ARNHEM,MANINGRIDA,NORTHERN LAND COUNCIL,ARAFURA,TOP END,55.0,Homelands Service Provider Report 2023,-12.27398,134.68321,https://bushtel.nt.gov.au/profile/315,Not listed,Not confirmed,,,,,,,,,,,,,27.10200736190956,4G/LTE + 5G/NR + IoT,"IoT700, LTE700, LTE850, LTE2600, NR850, NR2600",2025,Telstra,822003,-12.32833,134.92639,,Y,Y,Y,,,Y,,Y,,Y,,,Y,REGIONAL CO-INVESTMENT: RCP - TX Upgrade,1.0,188.11592448505647,3G/UMTS + 4G/LTE,"UMTS900, LTE700",2025,Optus,822106,-12.42654,132.95842,,Y,,Y,,,,,,,,,,,,Y,Federal Mobile Black Spot Program (MBSP),5.0,384.83498857294376,4G/LTE,"LTE850, LTE1800, LTE2100",2025,TPG,836002,-12.55419,131.15106,,,Y,Y,Y,,,,,,,,,27.10200736190956,Telstra,307,Ramingining School,27.03407755700456,Combined,Government,Very Remote,School Single Entity,0,-12.32641,134.92619,50065,47963.0,7963.0,50065,Ramingining School,27.03407755700456,Combined,Government,Very Remote,School Single Entity,0,-12.32641,134.92619,50065,47963.0,7963.0,50065,-0.0679298049050025,-0.0679298049050025,Yes,Yes,No,No,,70400302,Maningrida Outstations,704003,Maningrida and Outstations,704,Jabiru - Tiwi,7,Northern Territory,9758.0375,Within polygon,Matched,170,195,366,23,65,77,131,58,11,26,207,900,2.1,5.9,72.3,4,34,42,283,10,22,35,226,60.6,11.8,4.6,88,ABS 2021 Census Indigenous Profile,Indigenous Location (ILOC),2021
316,GAMARGAWAN,"GAMARGWAN,GAMARRGAWAN",Family Outstation,WEST ARNHEM,GUNBALANYA,NORTHERN LAND COUNCIL,ARAFURA,TOP END,12.0,Homelands Service Provider Report 2023,-12.64914,134.07646,https://bushtel.nt.gov.au/profile/316,Not listed,Not confirmed,,,,,,,,,,,,,68.127757759004,4G/LTE + 5G/NR + IoT,"IoT700, LTE700, LTE850, LTE1800, LTE2100, LTE2600, NR850, NR2600",2025,Telstra,822008,-12.05532,134.23091,,Y,Y,Y,Y,Y,Y,,Y,,Y,,,Y,REGIONAL CO-INVESTMENT: RCP - TX Upgrade,1.0,123.85420227631356,3G/UMTS + 4G/LTE,"UMTS900, LTE700",2025,Optus,822106,-12.42654,132.95842,,Y,,Y,,,,,,,,,,,,Y,Federal Mobile Black Spot Program (MBSP),5.0,317.36819468283534,4G/LTE,"LTE850, LTE1800, LTE2100",2025,TPG,836004,-12.613261,131.151729,,,Y,Y,Y,,,,,,,,,68.127757759004,Telstra,58,Nawarddeken Academy Manmoyi School,12.343148614267465,Combined,Independent,Very Remote,School Single Entity,0,-12.54418519,134.1134967,53058,87768.0,87763.0,53058,Nawarddeken Academy Manmoyi School,12.343148614267465,Combined,Independent,Very Remote,School Single Entity,0,-12.54418519,134.1134967,53058,87768.0,87763.0,53058,-55.784609144736535,-55.784609144736535,Yes,Yes,No,Yes,,70400401,Cobourg Peninsula - Demed Homelands,704004,North-West Arnhem,704,Jabiru - Tiwi,7,Northern Territory,23675.7318,Within polygon,Matched,145,127,279,27,57,40,102,44,3,27,239,1218,2.4,5.6,70.3,4,34,22,190,45,3,48,138,8.3,24.7,22.7,84,ABS 2021 Census Indigenous Profile,Indigenous Location (ILOC),2021
1024,GANIYARRANG,"GUNIARA,KANNIYARANG,ROSS HILL",Family Outstation,ROPER GULF,YUGUL MANGI,NORTHERN LAND COUNCIL,ARNHEM,BIG RIVERS,,Not recorded,-14.475,135.02131,https://bushtel.nt.gov.au/profile/1024,Not listed,Not confirmed,,,,,,,,,,,,,42.317855824669614,4G/LTE + IoT,"IoT700, LTE700, LTE2600",2025,Telstra,852002,-14.73361,134.73278,,Y,Y,,,,Y,,,,,,,,,,200.8765224118932,3G/UMTS + 4G/LTE,"UMTS900, LTE700",2025,Optus,852113,-14.9541,133.2204,,Y,,Y,,,,,,,,,,,,Y,Federal Mobile Black Spot Program (MBSP),5.0,466.7109682366834,4G/LTE,"LTE850, LTE1800, LTE2100",2025,TPG,836004,-12.613261,131.151729,,,Y,Y,Y,,,,,,,,,42.317855824669614,Telstra,177,Ngukurr School,41.916559869834806,Combined,Government,Very Remote,School Single Entity,0,-14.7285,134.733,50063,47959.0,7959.0,50063,Ngukurr School,41.916559869834806,Combined,Government,Very Remote,School Single Entity,0,-14.7285,134.733,50063,47959.0,7959.0,50063,-0.4012959548348078,-0.4012959548348078,Yes,Yes,No,No,,70500405,Yugul Mangi Outstations,705004,Gulf,705,Katherine,7,Northern Territory,32782.3489,Within polygon,Matched,12,17,24,0,0,3,11,9,0,38,177,687,1.9,4.5,66.7,0,0,0,24,0,4,3,17,40.0,20.0,12.0,0,ABS 2021 Census Indigenous Profile,Indigenous Location (ILOC),2021
499,GANPURA,"BAPULU,GANABURRA,GANPURRA",Family Outstation,EAST ARNHEM,GUMURR MARTHAKAL,NORTHERN LAND COUNCIL,MULKA,EAST ARNHEM,5.0,Homelands Service Provider Report 2023,-11.88523,135.81235,https://bushtel.nt.gov.au/profile/499,Not listed,Not confirmed,,,,,,,,,,,,,31.063092765828834,4G/LTE + 5G/NR + IoT,"IoT700, LTE700, LTE850, LTE2600, NR850, NR2600",2025,Telstra,822005,-12.02483,135.56501,,Y,Y,Y,,,Y,,Y,,Y,,,,,,109.94128923344664,4G/LTE + IoT,"NBIoT700, LTE700, LTE2600",2025,Optus,880003,-12.181375,136.776877,Y,,,Y,,,,,Y,,,,,,,,,,511.9919943631692,4G/LTE,"LTE850, LTE1800, LTE2100",2025,TPG,836002,-12.55419,131.15106,,,Y,Y,Y,,,,,,,,,31.063092765828834,Telstra,260,Gawa Christian School,17.14784524422657,Combined,Independent,Very Remote,School Single Entity,0,-11.759762,135.903958,50163,58020.0,18020.0,50163,Gawa Christian School,17.14784524422657,Combined,Independent,Very Remote,School Single Entity,0,-11.759762,135.903958,50163,58020.0,18020.0,50163,-13.915247521602264,-13.915247521602264,Yes,Yes,No,No,,70600402,Marthakal Homelands exc. Galiwinku,706004,Marthakal Homelands - Galiwinku,706,Nhulunbuy,7,Northern Territory,5177.5161,Within polygon,Matched,204,224,425,32,93,102,113,79,18,23,281,1312,1.8,5.7,64.7,8,68,36,308,27,25,58,245,43.6,18.0,10.2,125,ABS 2021 Census Indigenous Profile,Indigenous Location (ILOC),2021
963,GARANYDJIRR,No aliases recorded with NTG DIPL,Family Outstation,EAST ARNHEM,BIRR RAWARRANG,NORTHERN LAND COUNCIL,MULKA,EAST ARNHEM,8.0,Homelands Service Provider Report 2023,-12.28204,135.02095,https://bushtel.nt.gov.au/profile/963,Yes,Confirmed,Primary name,GARANYDJIRR,0.0,GARANYDJIRR,COMMUNITY,6.0,,,YES,TELSTRA,-12.28204,135.02095,11.490403355480488,4G/LTE + 5G/NR + IoT,"IoT700, LTE700, LTE850, LTE2600, NR850, NR2600",2025,Telstra,822003,-12.32833,134.92639,,Y,Y,Y,,,Y,,Y,,Y,,,Y,REGIONAL CO-INVESTMENT: RCP - TX Upgrade,1.0,191.1456851754149,4G/LTE + IoT,"NBIoT700, LTE700, LTE2600",2025,Optus,880003,-12.181375,136.776877,Y,,,Y,,,,,Y,,,,,,,,,,421.32930096992914,4G/LTE,"LTE850, LTE1800, LTE2100",2025,TPG,836002,-12.55419,131.15106,,,Y,Y,Y,,,,,,,,,11.490403355480488,Telstra,476,Ramingining School,11.415989538532369,Combined,Government,Very Remote,School Single Entity,0,-12.32641,134.92619,50065,47963.0,7963.0,50065,Ramingining School,11.415989538532369,Combined,Government,Very Remote,School Single Entity,0,-12.32641,134.92619,50065,47963.0,7963.0,50065,-0.0744138169481214,-0.0744138169481214,Yes,Yes,No,No,,70600705,Ramingining - Milingimbi Outstations,706007,Ramingining - Milingimbi and Outstations,706,Nhulunbuy,7,Northern Territory,11429.1805,Within polygon,Matched,85,80,169,3,31,36,53,40,11,30,247,1187,1.7,5.6,61.5,7,21,8,134,25,26,47,80,46.8,34.6,18.4,34,ABS 2021 Census Indigenous Profile,Indigenous Location (ILOC),2021
993,GARRINJINNY,GARRINJINI,Family Outstation,ROPER GULF,SOUTH WEST GULF,NORTHERN LAND COUNCIL,BARKLY,BIG RIVERS,8.0,Homelands Service Provider Report 2023,-16.67496,135.64751,https://bushtel.nt.gov.au/profile/993,Not listed,Not confirmed,,,,,,,,,,,,,8.493425779786486,4G/LTE + IoT,"IoT700, LTE700",2025,Telstra,852089,-16.6839,135.7267,,Y,Y,,,,,,,,,,,,,,8.465936750058656,3G/UMTS,UMTS900,2025,Optus,852089,-16.6834,135.7265,,Y,,,,,,,,,,,,,,Y,Federal Mobile Black Spot Program (MBSP),2.0,606.4091634261767,4G/LTE,LTE850,2025,TPG,4825002,-20.73424,139.49366,,,Y,,,,,,,,,,,8.465936750058656,Optus,521,Kiana School,85.0209076022604,Combined,Government,Very Remote,School Single Entity,0,-17.24244,136.18325,40341,56558.0,16558.0,40341,Kiana School,85.0209076022604,Combined,Government,Very Remote,School Single Entity,0,-17.24244,136.18325,40341,56558.0,16558.0,40341,76.55497085220173,76.55497085220173,No,No,Yes,No,,70500401,Mabunji - Mungoorbada Outstations,705004,Gulf,705,Katherine,7,Northern Territory,55041.1368,Within polygon,Matched,62,43,104,7,17,23,30,21,8,30,407,916,1.9,3.6,48.1,4,12,3,79,23,9,28,52,22.2,34.6,26.9,24,ABS 2021 Census Indigenous Profile,Indigenous Location (ILOC),2021
504,GARRIYAK,"GARRANDNGJUR,GARRIYAKNGURR,GIARRIYAKGUR",Family Outstation,EAST ARNHEM,GUMURR MARTHAKAL,NORTHERN LAND COUNCIL,MULKA,EAST ARNHEM,,Not recorded,-12.14861,135.56284,https://bushtel.nt.gov.au/profile/504,Not listed,Not confirmed,,,,,,,,,,,,,13.765749215827212,4G/LTE + 5G/NR + IoT,"IoT700, LTE700, LTE850, LTE2600, NR850, NR2600",2025,Telstra,822005,-12.02483,135.56501,,Y,Y,Y,,,Y,,Y,,Y,,,,,,132.01377908080002,4G/LTE + IoT,"NBIoT700, LTE700, LTE2600",2025,Optus,880003,-12.181375,136.776877,Y,,,Y,,,,,Y,,,,,,,,,,481.3244568430296,4G/LTE,"LTE850, LTE1800, LTE2100",2025,TPG,836002,-12.55419,131.15106,,,Y,Y,Y,,,,,,,,,13.765749215827212,Telstra,442,Shepherdson College,13.358872608323038,Combined,Government,Very Remote,School Single Entity,0,-12.02856,135.56757,50066,55931.0,15931.0,50066,Shepherdson College,13.358872608323038,Combined,Government,Very Remote,School Single Entity,0,-12.02856,135.56757,50066,55931.0,15931.0,50066,-0.4068766075041736,-0.4068766075041736,Yes,Yes,No,No,,70600402,Marthakal Homelands exc. Galiwinku,706004,Marthakal Homelands - Galiwinku,706,Nhulunbuy,7,Northern Territory,5177.5161,Within polygon,Matched,204,224,425,32,93,102,113,79,18,23,281,1312,1.8,5.7,64.7,8,68,36,308,27,25,58,245,43.6,18.0,10.2,125,ABS 2021 Census Indigenous Profile,Indigenous Location (ILOC),2021
505,GARRTHALALA,GARRTBALALA,Family Outstation,EAST ARNHEM,GUMURR MIWATJ,NORTHERN LAND COUNCIL,MULKA,EAST ARNHEM,54.0,Homelands Service Provider Report 2023,-12.76305,136.56918,https://bushtel.nt.gov.au/profile/505,Not listed,Not confirmed,,,,,,,,,,,,,49.08975843466113,4G/LTE + IoT,"IoT700, LTE700",2025,Telstra,880016,-12.38241,136.79831,,Y,Y,,,,,,,,,,,,,,68.4975616379587,4G/LTE + IoT,"NBIoT700, LTE700, LTE2600",2025,Optus,880003,-12.181375,136.776877,Y,,,Y,,,,,Y,,,,,,,,,,587.908640691195,4G/LTE,"LTE850, LTE1800, LTE2100",2025,TPG,836004,-12.613261,131.151729,,,Y,Y,Y,,,,,,,,,49.08975843466113,Telstra,136,Baniyala Garrangali School,61.21170928220288,Combined,Government,Very Remote,School Single Entity,0,-13.2004,136.2261,50139,67690.0,27690.0,50139,Baniyala Garrangali School,61.21170928220288,Combined,Government,Very Remote,School Single Entity,0,-13.2004,136.2261,50139,67690.0,27690.0,50139,12.121950847541754,12.121950847541754,No,No,Yes,No,,70600304,Laynhapuy,706003,Laynhapuy - Gumatj Homelands,706,Nhulunbuy,7,Northern Territory,5255.6095,Within polygon,Matched,112,87,204,13,32,38,65,46,16,31,262,1187,1.7,4.6,52.6,4,17,12,161,24,7,30,114,23.1,16.0,12.3,45,ABS 2021 Census Indigenous Profile,Indigenous Location (ILOC),2021
507,GATJI,"GADJI,GARTJI",Family Outstation,EAST ARNHEM,BIRR RAWARRANG,NORTHERN LAND COUNCIL,MULKA,EAST ARNHEM,4.0,Homelands Service Provider Report 2023,-12.27306,134.82029,https://bushtel.nt.gov.au/profile/507,Not listed,Not confirmed,,,,,,,,,,,,,13.062961622082986,4G/LTE + 5G/NR + IoT,"IoT700, LTE700, LTE850, LTE2600, NR850, NR2600",2025,Telstra,822003,-12.32833,134.92639,,Y,Y,Y,,,Y,,Y,,Y,,,Y,REGIONAL CO-INVESTMENT: RCP - TX Upgrade,1.0,202.9584236019236,3G/UMTS + 4G/LTE,"UMTS900, LTE700",2025,Optus,822106,-12.42654,132.95842,,Y,,Y,,,,,,,,,,,,Y,Federal Mobile Black Spot Program (MBSP),5.0,399.6825065963272,4G/LTE,"LTE850, LTE1800, LTE2100",2025,TPG,836002,-12.55419,131.15106,,,Y,Y,Y,,,,,,,,,13.062961622082986,Telstra,452,Ramingining School,12.944608564406945,Combined,Government,Very Remote,School Single Entity,0,-12.32641,134.92619,50065,47963.0,7963.0,50065,Ramingining School,12.944608564406945,Combined,Government,Very Remote,School Single Entity,0,-12.32641,134.92619,50065,47963.0,7963.0,50065,-0.1183530576760425,-0.1183530576760425,Yes,Yes,No,No,,70600705,Ramingining - Milingimbi Outstations,706007,Ramingining - Milingimbi and Outstations,706,Nhulunbuy,7,Northern Territory,11429.1805,Within polygon,Matched,85,80,169,3,31,36,53,40,11,30,247,1187,1.7,5.6,61.5,7,21,8,134,25,26,47,80,46.8,34.6,18.4,34,ABS 2021 Census Indigenous Profile,Indigenous Location (ILOC),2021
508,GAWA,No aliases recorded with NTG DIPL,Family Outstation,EAST ARNHEM,GUMURR MARTHAKAL,NORTHERN LAND COUNCIL,MULKA,EAST ARNHEM,19.0,Homelands Service Provider Report 2023,-11.76032,135.90485,https://bushtel.nt.gov.au/profile/508,Not listed,Not confirmed,,,,,,,,,,,,,47.24834028033859,4G/LTE + 5G/NR + IoT,"IoT700, LTE700, LTE850, LTE2600, NR850, NR2600",2025,Telstra,822005,-12.02483,135.56501,,Y,Y,Y,,,Y,,Y,,Y,,,,,,105.78152918526764,4G/LTE + IoT,"NBIoT700, LTE700, LTE2600",2025,Optus,880003,-12.181375,136.776877,Y,,,Y,,,,,Y,,,,,,,,,,524.2178839423202,4G/LTE,"LTE850, LTE1800, LTE2100",2025,TPG,836002,-12.55419,131.15106,,,Y,Y,Y,,,,,,,,,47.24834028033859,Telstra,145,Gawa Christian School,0.1152346017392247,Combined,Independent,Very Remote,School Single Entity,0,-11.759762,135.903958,50163,58020.0,18020.0,50163,Gawa Christian School,0.1152346017392247,Combined,Independent,Very Remote,School Single Entity,0,-11.759762,135.903958,50163,58020.0,18020.0,50163,-47.13310567859936,-47.13310567859936,Yes,Yes,No,No,,70600402,Marthakal Homelands exc. Galiwinku,706004,Marthakal Homelands - Galiwinku,706,Nhulunbuy,7,Northern Territory,5177.5161,Within polygon,Matched,204,224,425,32,93,102,113,79,18,23,281,1312,1.8,5.7,64.7,8,68,36,308,27,25,58,245,43.6,18.0,10.2,125,ABS 2021 Census Indigenous Profile,Indigenous Location (ILOC),2021
509,GIKAL,No aliases recorded with NTG DIPL,Family Outstation,EAST ARNHEM,GUMURR MARTHAKAL,NORTHERN LAND COUNCIL,MULKA,EAST ARNHEM,,Not recorded,-12.05218,136.32037,https://bushtel.nt.gov.au/profile/509,Not listed,Not confirmed,,,,,,,,,,,,,43.249376878216246,4G/LTE + IoT,"IoT700, LTE700",2025,Telstra,880001,-12.19105,136.69197,,Y,Y,,,,,,,,,,,,,,51.66777142074031,4G/LTE + IoT,"NBIoT700, LTE700, LTE2600",2025,Optus,880003,-12.181375,136.776877,Y,,,Y,,,,,Y,,,,,,,,,,564.357514916134,4G/LTE,"LTE850, LTE1800, LTE2100",2025,TPG,836002,-12.55419,131.15106,,,Y,Y,Y,,,,,,,,,43.249376878216246,Telstra,171,Dhupuma Barker,45.7593888320905,Primary,Independent,Very Remote,School Single Entity,0,-12.21816265,136.7055423,53009,87701.0,87700.0,53009,Nhulunbuy High School,52.47256831139431,Secondary,Government,Very Remote,School Single Entity,0,-12.18676,136.78298,50002,55089.0,15089.0,50002,9.223191433178066,2.5100119538742547,No,No,Yes,No,,70600402,Marthakal Homelands exc. Galiwinku,706004,Marthakal Homelands - Galiwinku,706,Nhulunbuy,7,Northern Territory,5177.5161,Within polygon,Matched,204,224,425,32,93,102,113,79,18,23,281,1312,1.8,5.7,64.7,8,68,36,308,27,25,58,245,43.6,18.0,10.2,125,ABS 2021 Census Indigenous Profile,Indigenous Location (ILOC),2021
38,GILBERT SPRINGS,LTALALTUMA,Family Outstation,MACDONNELL,LJIRAPINTA,CENTRAL LAND COUNCIL,GWOJA,CENTRAL AUSTRALIA,,Not recorded,-23.97177,132.48073,https://bushtel.nt.gov.au/profile/38,Not listed,Not confirmed,,,,,,,,,,,,,30.266357131483527,4G/LTE + IoT,"IoT700, LTE700, LTE2600",2025,Telstra,872034,-23.94213,132.77681,,Y,Y,,,,Y,,,,,,,,,,27.95372293710945,3G/UMTS + 4G/LTE,"UMTS900, LTE700",2025,Optus,872189,-24.056241,132.739943,,Y,,Y,,,,,,,,,,,,Y,Federal Mobile Black Spot Program (MBSP),4.0,805.8757591415774,4G/LTE,LTE850,2025,TPG,4825002,-20.73424,139.49366,,,Y,,,,,,,,,,,27.95372293710945,Optus,297,Areyonga School,24.20852199056648,Combined,Government,Very Remote,School Single Entity,0,-24.0737,132.27011,50078,47881.0,7881.0,50078,Areyonga School,24.20852199056648,Combined,Government,Very Remote,School Single Entity,0,-24.0737,132.27011,50078,47881.0,7881.0,50078,-3.745200946542969,-3.745200946542969,Yes,Yes,No,No,,70901403,Tjuwanpa Outstations,709014,West MacDonnell Ranges,709,Apatula,7,Northern Territory,15970.5215,Within polygon,Matched,90,98,188,21,38,31,60,36,8,27,352,1166,1.5,4.3,51.2,0,21,12,134,28,19,47,85,43.5,34.6,19.5,59,ABS 2021 Census Indigenous Profile,Indigenous Location (ILOC),2021
490,GILIRRI,"GALERRA,GELERRI",Family Outstation,EAST ARNHEM,BIRR RAWARRANG,NORTHERN LAND COUNCIL,MULKA,EAST ARNHEM,,Not recorded,-12.33029,134.81695,https://bushtel.nt.gov.au/profile/490,Not listed,Not confirmed,,,,,,,,,,,,,11.890522533569763,4G/LTE + 5G/NR + IoT,"IoT700, LTE700, LTE850, LTE2600, NR850, NR2600",2025,Telstra,822003,-12.32833,134.92639,,Y,Y,Y,,,Y,,Y,,Y,,,Y,REGIONAL CO-INVESTMENT: RCP - TX Upgrade,1.0,202.1382994236648,3G/UMTS + 4G/LTE,"UMTS900, LTE700",2025,Optus,822106,-12.42654,132.95842,,Y,,Y,,,,,,,,,,,,Y,Federal Mobile Black Spot Program (MBSP),5.0,398.8296273619177,4G/LTE,"LTE850, LTE1800, LTE2100",2025,TPG,836002,-12.55419,131.15106,,,Y,Y,Y,,,,,,,,,11.890522533569763,Telstra,472,Ramingining School,11.87468255288631,Combined,Government,Very Remote,School Single Entity,0,-12.32641,134.92619,50065,47963.0,7963.0,50065,Ramingining School,11.87468255288631,Combined,Government,Very Remote,School Single Entity,0,-12.32641,134.92619,50065,47963.0,7963.0,50065,-0.0158399806834541,-0.0158399806834541,Yes,Yes,No,No,,70600705,Ramingining - Milingimbi Outstations,706007,Ramingining - Milingimbi and Outstations,706,Nhulunbuy,7,Northern Territory,11429.1805,Within polygon,Matched,85,80,169,3,31,36,53,40,11,30,247,1187,1.7,5.6,61.5,7,21,8,134,25,26,47,80,46.8,34.6,18.4,34,ABS 2021 Census Indigenous Profile,Indigenous Location (ILOC),2021
597,GILWI,"11 MILE,TWELVE MILE BORE,TWELVE MILE HOLE",Family Outstation,VICTORIA DALY,TIMBER CREEK,NORTHERN LAND COUNCIL,DALY,BIG RIVERS,86.0,Homelands Service Provider Report 2023,-15.78711,130.53275,https://bushtel.nt.gov.au/profile/597,Not listed,Not confirmed,,,,,,,,,,,,,15.636900910623083,4G/LTE + IoT,"IoT700, LTE700",2025,Telstra,852004,-15.65639,130.47889,,Y,Y,,,,,,,,,,,,,,66.54044903826184,3G/UMTS,UMTS900,2025,Optus,852099,-15.6176,131.1289,,Y,,,,,,,,,,,,,,Y,Federal Mobile Black Spot Program (MBSP),2.0,359.1667615625219,4G/LTE,"LTE850, LTE1800, LTE2100",2025,TPG,836004,-12.613261,131.151729,,,Y,Y,Y,,,,,,,,,15.636900910623083,Telstra,417,Timber Creek School,17.06788073348756,Combined,Government,Very Remote,School Single Entity,0,-15.6481,130.46513,50121,47932.0,7932.0,50121,Timber Creek School,17.06788073348756,Combined,Government,Very Remote,School Single Entity,0,-15.6481,130.46513,50121,47932.0,7932.0,50121,1.430979822864476,1.430979822864476,No,No,No,No,,70500805,Timber Creek - Surrounds,705008,Victoria River,705,Katherine,7,Northern Territory,64510.5948,Within polygon,Matched,66,56,127,14,28,25,30,15,14,23,336,860,2.0,4.3,46.2,0,17,6,88,14,19,29,51,56.7,34.5,14.9,42,ABS 2021 Census Indigenous Profile,Indigenous Location (ILOC),2021
945,GIMBAT,No aliases recorded with NTG DIPL,Family Outstation,ROPER GULF,NYIRRANGGULUNG,NORTHERN LAND COUNCIL,ARNHEM,BIG RIVERS,,Not recorded,-13.57854,132.60772,https://bushtel.nt.gov.au/profile/945,Not listed,Not confirmed,,,,,,,,,,,,,25.171384427848,4G/LTE,LTE700,2025,Telstra,822134,-13.44092,132.42287,,,Y,,,,,,,,,,,Y,REGIONAL CO-INVESTMENT: Kakadu Connect - Small Cell Satellite,,42.00620388185624,3G/UMTS,UMTS900,2025,Optus,822090,-13.6061,132.2201,,Y,,,,,,,,,,,,,,Y,Federal Mobile Black Spot Program (MBSP),2.0,190.74990028736173,4G/LTE,"LTE850, LTE1800, LTE2100",2025,TPG,836004,-12.613261,131.151729,,,Y,Y,Y,,,,,,,,,25.171384427848,Telstra,323,Manyallaluk School,80.14967320216363,Primary,Government,Very Remote,School Single Entity,0,-14.2666,132.829,50137,64013.0,24013.0,50137,Pine Creek School,87.65159480976126,Combined,Government,Remote,School Single Entity,0,-13.8219,131.836,50116,47936.0,7936.0,50116,62.48021038191327,54.97828877431563,No,No,Yes,No,,70500303,Elsey Roper - Surrounds,705003,Elsey - Roper,705,Katherine,7,Northern Territory,92882.2781,Within polygon,Matched,41,29,68,3,8,15,16,17,3,28,417,1125,1.3,2.6,16.0,0,5,8,52,24,10,31,24,20.0,56.6,45.3,11,ABS 2021 Census Indigenous Profile,Indigenous Location (ILOC),2021
510,GITAN,GITJAN,Family Outstation,EAST ARNHEM,GUMURR MARTHAKAL,NORTHERN LAND COUNCIL,MULKA,EAST ARNHEM,,Not recorded,-11.91169,135.78183,https://bushtel.nt.gov.au/profile/510,Not listed,Not confirmed,,,,,,,,,,,,,26.730792860046897,4G/LTE + 5G/NR + IoT,"IoT700, LTE700, LTE850, LTE2600, NR850, NR2600",2025,Telstra,822005,-12.02483,135.56501,,Y,Y,Y,,,Y,,Y,,Y,,,,,,112.28598586399896,4G/LTE + IoT,"NBIoT700, LTE700, LTE2600",2025,Optus,880003,-12.181375,136.776877,Y,,,Y,,,,,Y,,,,,,,,,,508.26419415642,4G/LTE,"LTE850, LTE1800, LTE2100",2025,TPG,836002,-12.55419,131.15106,,,Y,Y,Y,,,,,,,,,26.730792860046897,Telstra,311,Gawa Christian School,21.495447621581427,Combined,Independent,Very Remote,School Single Entity,0,-11.759762,135.903958,50163,58020.0,18020.0,50163,Gawa Christian School,21.495447621581427,Combined,Independent,Very Remote,School Single Entity,0,-11.759762,135.903958,50163,58020.0,18020.0,50163,-5.23534523846547,-5.23534523846547,Yes,Yes,No,No,,70600402,Marthakal Homelands exc. Galiwinku,706004,Marthakal Homelands - Galiwinku,706,Nhulunbuy,7,Northern Territory,5177.5161,Within polygon,Matched,204,224,425,32,93,102,113,79,18,23,281,1312,1.8,5.7,64.7,8,68,36,308,27,25,58,245,43.6,18.0,10.2,125,ABS 2021 Census Indigenous Profile,Indigenous Location (ILOC),2021
669,GONGURUWUY,"GOYNGURUMUY,GUNGURUWUY,INGLIS ISLAND,WATAYNGA",Family Outstation,EAST ARNHEM,GUMURR MARTHAKAL,NORTHERN LAND COUNCIL,MULKA,EAST ARNHEM,,Not recorded,-12.06638,136.15085,https://bushtel.nt.gov.au/profile/669,Not listed,Not confirmed,,,,,,,,,,,,,60.43807372720413,4G/LTE + IoT,"IoT700, LTE700",2025,Telstra,880001,-12.19105,136.69197,,Y,Y,,,,,,,,,,,,,,69.24926075103795,4G/LTE + IoT,"NBIoT700, LTE700, LTE2600",2025,Optus,880003,-12.181375,136.776877,Y,,,Y,,,,,Y,,,,,,,,,,545.8612023530532,4G/LTE,"LTE850, LTE1800, LTE2100",2025,TPG,836002,-12.55419,131.15106,,,Y,Y,Y,,,,,,,,,60.43807372720413,Telstra,83,Gawa Christian School,43.404930350899214,Combined,Independent,Very Remote,School Single Entity,0,-11.759762,135.903958,50163,58020.0,18020.0,50163,Gawa Christian School,43.404930350899214,Combined,Independent,Very Remote,School Single Entity,0,-11.759762,135.903958,50163,58020.0,18020.0,50163,-17.033143376304913,-17.033143376304913,Yes,Yes,No,Yes,,70600402,Marthakal Homelands exc. Galiwinku,706004,Marthakal Homelands - Galiwinku,706,Nhulunbuy,7,Northern Territory,5177.5161,Within polygon,Matched,204,224,425,32,93,102,113,79,18,23,281,1312,1.8,5.7,64.7,8,68,36,308,27,25,58,245,43.6,18.0,10.2,125,ABS 2021 Census Indigenous Profile,Indigenous Location (ILOC),2021
723,GOOLMINYINI,DEVIL SPRING,Family Outstation,ROPER GULF,SOUTH WEST GULF,NORTHERN LAND COUNCIL,BARKLY,BIG RIVERS,29.0,Homelands Service Provider Report 2023,-16.15829,136.09751,https://bushtel.nt.gov.au/profile/723,Not listed,Not confirmed,,,,,,,,,,,,,25.141663642909062,4G/LTE + IoT,"IoT700, LTE700, LTE1800, LTE2100, LTE2600",2025,Telstra,854001,-16.05361,136.30611,,Y,Y,,Y,Y,Y,,,,,,,,,,70.53553303329441,3G/UMTS,UMTS900,2025,Optus,852089,-16.6834,135.7265,,Y,,,,,,,,,,,,,,Y,Federal Mobile Black Spot Program (MBSP),2.0,622.2031758707847,4G/LTE,LTE850,2025,TPG,4825002,-20.73424,139.49366,,,Y,,,,,,,,,,,25.141663642909062,Telstra,325,Borroloola School,24.94557163218368,Combined,Government,Very Remote,School Single Entity,0,-16.0582,136.30649,50056,47921.0,7921.0,50056,Borroloola School,24.94557163218368,Combined,Government,Very Remote,School Single Entity,0,-16.0582,136.30649,50056,47921.0,7921.0,50056,-0.1960920107253834,-0.1960920107253834,Yes,Yes,No,No,,70500401,Mabunji - Mungoorbada Outstations,705004,Gulf,705,Katherine,7,Northern Territory,55041.1368,Within polygon,Matched,62,43,104,7,17,23,30,21,8,30,407,916,1.9,3.6,48.1,4,12,3,79,23,9,28,52,22.2,34.6,26.9,24,ABS 2021 Census Indigenous Profile,Indigenous Location (ILOC),2021
596,GORPULYUL,"DALANGARR,GALPULYU,GALPYUL,GULPULIYUL,GULPULYAL",Family Outstation,ROPER GULF,NYIRRANGGULUNG,NORTHERN LAND COUNCIL,ARNHEM,BIG RIVERS,,Not recorded,-13.34621,134.14587,https://bushtel.nt.gov.au/profile/596,Not listed,Not confirmed,,,,,,,,,,,,,41.92780623440761,4G/LTE + IoT,"IoT700, LTE700",2025,Telstra,852092,-13.67225,134.34067,,Y,Y,,,,,,,,,,,,,,160.77440830250606,4G/LTE + IoT,"NBIoT700, LTE700, LTE2600",2025,Optus,886001,-12.669492,132.834471,Y,,,Y,,,,,Y,,,,,,,,,,334.5032185434794,4G/LTE,"LTE850, LTE1800, LTE2100",2025,TPG,836004,-12.613261,131.151729,,,Y,Y,Y,,,,,,,,,41.92780623440761,Telstra,179,Bulman School,40.65830968271369,Combined,Government,Very Remote,School Single Entity,0,-13.66483,134.33036,50083,47925.0,7925.0,50083,Bulman School,40.65830968271369,Combined,Government,Very Remote,School Single Entity,0,-13.66483,134.33036,50083,47925.0,7925.0,50083,-1.2694965516939192,-1.2694965516939192,Yes,Yes,No,No,,70500303,Elsey Roper - Surrounds,705003,Elsey - Roper,705,Katherine,7,Northern Territory,92882.2781,Within polygon,Matched,41,29,68,3,8,15,16,17,3,28,417,1125,1.3,2.6,16.0,0,5,8,52,24,10,31,24,20.0,56.6,45.3,11,ABS 2021 Census Indigenous Profile,Indigenous Location (ILOC),2021
321,GORRONG-GORRONG,"GORONG GORONG,GORRON GORRONG",Family Outstation,WEST ARNHEM,MANINGRIDA,NORTHERN LAND COUNCIL,ARAFURA,TOP END,6.0,Homelands Service Provider Report 2023,-12.12294,134.49532,https://bushtel.nt.gov.au/profile/321,Not listed,Not confirmed,,,,,,,,,,,,,29.71605575263297,4G/LTE + 5G/NR + IoT,"IoT700, LTE700, LTE850, LTE1800, LTE2100, LTE2600, NR850, NR2600",2025,Telstra,822008,-12.05532,134.23091,,Y,Y,Y,Y,Y,Y,,Y,,Y,,,Y,REGIONAL CO-INVESTMENT: RCP - TX Upgrade,1.0,170.3667053582672,3G/UMTS + 4G/LTE,"UMTS900, LTE700",2025,Optus,822106,-12.42654,132.95842,,Y,,Y,,,,,,,,,,,,Y,Federal Mobile Black Spot Program (MBSP),5.0,366.4238473417226,4G/LTE,"LTE850, LTE1800, LTE2100",2025,TPG,836002,-12.55419,131.15106,,,Y,Y,Y,,,,,,,,,29.71605575263297,Telstra,280,Maningrida College,30.65347668944513,Combined,Government,Very Remote,School Single Entity,0,-12.05041,134.22333,50061,47956.0,7956.0,50061,Maningrida College,30.65347668944513,Combined,Government,Very Remote,School Single Entity,0,-12.05041,134.22333,50061,47956.0,7956.0,50061,0.9374209368121632,0.9374209368121632,No,No,No,No,,70400302,Maningrida Outstations,704003,Maningrida and Outstations,704,Jabiru - Tiwi,7,Northern Territory,9758.0375,Within polygon,Matched,170,195,366,23,65,77,131,58,11,26,207,900,2.1,5.9,72.3,4,34,42,283,10,22,35,226,60.6,11.8,4.6,88,ABS 2021 Census Indigenous Profile,Indigenous Location (ILOC),2021
44,GREEN VALLEY,"ILILLI,KUMANJAYE",Family Outstation,MACDONNELL,LURITJA PINTUBI,CENTRAL LAND COUNCIL,GWOJA,CENTRAL AUSTRALIA,2.0,Homelands Service Provider Report 2023,-23.15051,131.73817,https://bushtel.nt.gov.au/profile/44,Not listed,Not confirmed,,,,,,,,,,,,,19.44789554784061,4G/LTE + IoT,"IoT700, LTE700",2025,Telstra,872058,-23.19087,131.92328,,Y,Y,,,,,,,,,,,,,,92.81246569800058,3G/UMTS + 4G/LTE,"UMTS900, LTE700",2025,Optus,872191,-23.5863,132.51367,,Y,,Y,,,,,,,,,,,,Y,Federal Mobile Black Spot Program (MBSP),5.0,843.6547700401574,4G/LTE,LTE850,2025,TPG,4825002,-20.73424,139.49366,,,Y,,,,,,,,,,,19.44789554784061,Telstra,374,Papunya School,18.53314324076493,Combined,Government,Very Remote,School Single Entity,0,-23.20283,131.91031,50113,47892.0,7892.0,50113,Papunya School,18.53314324076493,Combined,Government,Very Remote,School Single Entity,0,-23.20283,131.91031,50113,47892.0,7892.0,50113,-0.9147523070756768,-0.9147523070756768,Yes,Yes,No,No,,70901102,Papunya Outstations,709011,Papunya and Outstations,709,Apatula,7,Northern Territory,2326.1983,Within polygon,Matched,24,37,62,8,11,9,17,17,0,35,225,574,2.0,3.9,40.0,0,3,4,43,9,0,4,29,16.7,13.0,10.9,19,ABS 2021 Census Indigenous Profile,Indigenous Location (ILOC),2021
740,GUDJEKBIN,"GUBJEKBINJ,GUDJERBINJ,KUJAKBI",Family Outstation,WEST ARNHEM,GUNBALANYA,NORTHERN LAND COUNCIL,ARAFURA,TOP END,,Not recorded,-12.25097,133.80109,https://bushtel.nt.gov.au/profile/740,Not listed,Not confirmed,,,,,,,,,,,,,51.53935008034525,4G/LTE + 5G/NR + IoT,"IoT700, LTE700, LTE850, LTE1800, LTE2100, LTE2600, NR850, NR2600",2025,Telstra,822008,-12.05532,134.23091,,Y,Y,Y,Y,Y,Y,,Y,,Y,,,Y,REGIONAL CO-INVESTMENT: RCP - TX Upgrade,1.0,93.5950042519619,3G/UMTS + 4G/LTE,"UMTS900, LTE700",2025,Optus,822106,-12.42654,132.95842,,Y,,Y,,,,,,,,,,,,Y,Federal Mobile Black Spot Program (MBSP),5.0,289.7602137966419,4G/LTE,"LTE850, LTE1800, LTE2100",2025,TPG,836002,-12.55419,131.15106,,,Y,Y,Y,,,,,,,,,51.53935008034525,Telstra,121,Nawarddeken Academy Mamadawerre School,30.12233284681798,Combined,Independent,Very Remote,School Single Entity,0,-12.25745447,133.523957,53057,87767.0,87762.0,53057,Nawarddeken Academy Mamadawerre School,30.12233284681798,Combined,Independent,Very Remote,School Single Entity,0,-12.25745447,133.523957,53057,87767.0,87762.0,53057,-21.41701723352727,-21.41701723352727,Yes,Yes,No,Yes,,70400401,Cobourg Peninsula - Demed Homelands,704004,North-West Arnhem,704,Jabiru - Tiwi,7,Northern Territory,23675.7318,Within polygon,Matched,145,127,279,27,57,40,102,44,3,27,239,1218,2.4,5.6,70.3,4,34,22,190,45,3,48,138,8.3,24.7,22.7,84,ABS 2021 Census Indigenous Profile,Indigenous Location (ILOC),2021
741,GUL GUL,"DANGER POINT,GULGUL",Family Outstation,,Not recorded,Not recorded,ARAFURA,Not recorded,,Not recorded,-11.13042,132.33842,https://bushtel.nt.gov.au/profile/741,Not listed,Not confirmed,,,,,,,,,,,,,25.773053143201096,4G/LTE + IoT,"IoT700, LTE700, LTE850",2025,Telstra,822032,-11.1479,132.57398,,Y,Y,Y,,,,,,,,,,Y,Federal Mobile Black Spot Program (MBSP),1.0,159.14078180260455,3G/UMTS + 4G/LTE,"UMTS900, LTE700",2025,Optus,822106,-12.42654,132.95842,,Y,,Y,,,,,,,,,,,,Y,Federal Mobile Black Spot Program (MBSP),5.0,203.84488107585315,4G/LTE + 5G/NR,"LTE850, LTE1800, LTE2100, NR700",2025,TPG,835001,-12.48268,131.07386,,,Y,Y,Y,Y,,,,,,,,25.773053143201096,Telstra,319,Mamaruni School,26.18872882007677,Combined,Government,Very Remote,School Single Entity,0,-11.14856,132.57775,50098,47955.0,7955.0,50098,Mamaruni School,26.18872882007677,Combined,Government,Very Remote,School Single Entity,0,-11.14856,132.57775,50098,47955.0,7955.0,50098,0.4156756768756722,0.4156756768756722,No,No,No,No,,70400401,Cobourg Peninsula - Demed Homelands,704004,North-West Arnhem,704,Jabiru - Tiwi,7,Northern Territory,23675.7318,Within polygon,Matched,145,127,279,27,57,40,102,44,3,27,239,1218,2.4,5.6,70.3,4,34,22,190,45,3,48,138,8.3,24.7,22.7,84,ABS 2021 Census Indigenous Profile,Indigenous Location (ILOC),2021
24905,GULARDI,No aliases recorded with NTG DIPL,Family Outstation,VICTORIA DALY,TIMBER CREEK,NORTHERN LAND COUNCIL,DALY,BIG RIVERS,14.0,Homelands Service Provider Report 2023,-15.71326,130.48399,https://bushtel.nt.gov.au/profile/24905,Not listed,Not confirmed,,,,,,,,,,,,,6.347190028339041,4G/LTE + IoT,"IoT700, LTE700",2025,Telstra,852004,-15.65639,130.47889,,Y,Y,,,,,,,,,,,,,,69.86159440983249,3G/UMTS,UMTS900,2025,Optus,852099,-15.6176,131.1289,,Y,,,,,,,,,,,,,,Y,Federal Mobile Black Spot Program (MBSP),2.0,352.14012568911744,4G/LTE,"LTE850, LTE1800, LTE2100",2025,TPG,836004,-12.613261,131.151729,,,Y,Y,Y,,,,,,,,,6.347190028339041,Telstra,556,Timber Creek School,7.521541032196746,Combined,Government,Very Remote,School Single Entity,0,-15.6481,130.46513,50121,47932.0,7932.0,50121,Timber Creek School,7.521541032196746,Combined,Government,Very Remote,School Single Entity,0,-15.6481,130.46513,50121,47932.0,7932.0,50121,1.174351003857705,1.174351003857705,No,No,No,No,,70500804,Timber Creek,705008,Victoria River,705,Katherine,7,Northern Territory,159.6701,Within polygon,Matched,90,68,155,15,23,29,50,34,10,29,456,1874,1.6,4.2,35.7,4,19,5,122,49,26,76,41,34.2,63.3,41.7,38,ABS 2021 Census Indigenous Profile,Indigenous Location (ILOC),2021
512,GULMARRI,"GALMARRI,GULAMARRI,GULMARI,GULUMARRI",Family Outstation,EAST ARNHEM,GUMURR MARTHAKAL,NORTHERN LAND COUNCIL,MULKA,EAST ARNHEM,5.0,Homelands Service Provider Report 2023,-11.91701,135.82229,https://bushtel.nt.gov.au/profile/512,Not listed,Not confirmed,,,,,,,,,,,,,30.44602343474224,4G/LTE + 5G/NR + IoT,"IoT700, LTE700, LTE850, LTE2600, NR850, NR2600",2025,Telstra,822005,-12.02483,135.56501,,Y,Y,Y,,,Y,,Y,,Y,,,,,,107.8886543345116,4G/LTE + IoT,"NBIoT700, LTE700, LTE2600",2025,Optus,880003,-12.181375,136.776877,Y,,,Y,,,,,Y,,,,,,,,,,512.5304039970138,4G/LTE,"LTE850, LTE1800, LTE2100",2025,TPG,836002,-12.55419,131.15106,,,Y,Y,Y,,,,,,,,,30.44602343474224,Telstra,270,Gawa Christian School,19.61447279766396,Combined,Independent,Very Remote,School Single Entity,0,-11.759762,135.903958,50163,58020.0,18020.0,50163,Gawa Christian School,19.61447279766396,Combined,Independent,Very Remote,School Single Entity,0,-11.759762,135.903958,50163,58020.0,18020.0,50163,-10.831550637078283,-10.831550637078283,Yes,Yes,No,No,,70600402,Marthakal Homelands exc. Galiwinku,706004,Marthakal Homelands - Galiwinku,706,Nhulunbuy,7,Northern Territory,5177.5161,Within polygon,Matched,204,224,425,32,93,102,113,79,18,23,281,1312,1.8,5.7,64.7,8,68,36,308,27,25,58,245,43.6,18.0,10.2,125,ABS 2021 Census Indigenous Profile,Indigenous Location (ILOC),2021
867,GULNGARRING,No aliases recorded with NTG DIPL,Family Outstation,COOMALIE,COOMALIE RURAL WARD,NORTHERN LAND COUNCIL,DALY,TOP END,,Not recorded,-13.13876,131.09811,https://bushtel.nt.gov.au/profile/867,Not listed,Not confirmed,,,,,,,,,,,,,11.80890639704541,4G/LTE + IoT,"IoT700, LTE700",2025,Telstra,846002,-13.24444,131.10889,,Y,Y,,,,,,,,,,,,,,11.462031515872912,4G/LTE + IoT,"NBIoT700, LTE700",2025,Optus,845003,-13.049667,131.04488,Y,,,Y,,,,,,,,,,,,,,,58.72125814254295,4G/LTE,"LTE850, LTE1800, LTE2100",2025,TPG,836004,-12.613261,131.151729,,,Y,Y,Y,,,,,,,,,11.462031515872912,Optus,477,Adelaide River School,11.00135095112319,Combined,Government,Remote,School Single Entity,0,-13.2371,131.10926,50073,47937.0,7937.0,50073,Adelaide River School,11.00135095112319,Combined,Government,Remote,School Single Entity,0,-13.2371,131.10926,50073,47937.0,7937.0,50073,-0.4606805647497225,-0.4606805647497225,Yes,Yes,No,No,,70300401,Adelaide River - Coomalie,703004,Cox - Finniss - Coomalie,703,Darwin,7,Northern Territory,1496.2848,Within polygon,Matched,70,77,140,14,32,11,33,34,11,32,462,1270,1.1,3.0,5.1,0,22,3,99,41,4,48,49,15.2,47.4,40.2,46,ABS 2021 Census Indigenous Profile,Indigenous Location (ILOC),2021
204,GULUNGURU,"ALROY DOWNS,GULUNURRU,GULUNURU",Family Outstation,BARKLY,KUWARRANGU,NORTHERN LAND COUNCIL,BARKLY,BARKLY,,Not recorded,-19.35439,136.03855,https://bushtel.nt.gov.au/profile/204,Not listed,Not confirmed,,,,,,,,,,,,,45.37691000519556,4G/LTE + IoT,"IoT700, LTE700",2025,Telstra,860001,-19.71028,135.82667,,Y,Y,,,,,,,,,,,,,,45.4035214461777,3G/UMTS,UMTS900,2025,Optus,862041,-19.71095,135.82742,,Y,,,,,,,,,,,,,,,,,392.1623215305098,4G/LTE,LTE850,2025,TPG,4825002,-20.73424,139.49366,,,Y,,,,,,,,,,,45.37691000519556,Telstra,160,Rockhampton Downs School,99.53256762132752,Combined,Government,Very Remote,School Single Entity,0,-18.947861,135.19435,50132,86706.0,16542.0,50132,Rockhampton Downs School,99.53256762132752,Combined,Government,Very Remote,School Single Entity,0,-18.947861,135.19435,50132,86706.0,16542.0,50132,54.155657616131954,54.155657616131954,No,No,Yes,No,,70700301,Barkly Tablelands - Outstations,707003,Barkly,707,Tennant Creek,7,Northern Territory,79907.8275,Within polygon,Matched,45,19,64,7,12,5,13,17,6,28,725,924,1.3,3.4,12.5,3,7,7,44,18,0,23,18,4.3,56.1,53.7,19,ABS 2021 Census Indigenous Profile,Indigenous Location (ILOC),2021
328,GUMARRIRNBANG,"GUMARINBARN,GUMARRINBANG,KUMARRINBAN",Family Outstation,WEST ARNHEM,GUNBALANYA,NORTHERN LAND COUNCIL,ARAFURA,TOP END,31.0,Homelands Service Provider Report 2023,-12.32945,133.99695,https://bushtel.nt.gov.au/profile/328,Not listed,Not confirmed,,,,,,,,,,,,,39.69570285945588,4G/LTE + 5G/NR + IoT,"IoT700, LTE700, LTE850, LTE1800, LTE2100, LTE2600, NR850, NR2600",2025,Telstra,822008,-12.05532,134.23091,,Y,Y,Y,Y,Y,Y,,Y,,Y,,,Y,REGIONAL CO-INVESTMENT: RCP - TX Upgrade,1.0,113.3104605639139,3G/UMTS + 4G/LTE,"UMTS900, LTE700",2025,Optus,822106,-12.42654,132.95842,,Y,,Y,,,,,,,,,,,,Y,Federal Mobile Black Spot Program (MBSP),5.0,310.02436971261403,4G/LTE,"LTE850, LTE1800, LTE2100",2025,TPG,836002,-12.55419,131.15106,,,Y,Y,Y,,,,,,,,,39.69570285945588,Telstra,192,Nawarddeken Academy Manmoyi School,27.0239084940686,Combined,Independent,Very Remote,School Single Entity,0,-12.54418519,134.1134967,53058,87768.0,87763.0,53058,Nawarddeken Academy Manmoyi School,27.0239084940686,Combined,Independent,Very Remote,School Single Entity,0,-12.54418519,134.1134967,53058,87768.0,87763.0,53058,-12.671794365387278,-12.671794365387278,Yes,Yes,No,No,,70400401,Cobourg Peninsula - Demed Homelands,704004,North-West Arnhem,704,Jabiru - Tiwi,7,Northern Territory,23675.7318,Within polygon,Matched,145,127,279,27,57,40,102,44,3,27,239,1218,2.4,5.6,70.3,4,34,22,190,45,3,48,138,8.3,24.7,22.7,84,ABS 2021 Census Indigenous Profile,Indigenous Location (ILOC),2021
308,GUMERAGI,"GAMURIGGI,GUMARAGI,REEF POINT",Family Outstation,WEST ARNHEM,BARRAH,NORTHERN LAND COUNCIL,ARAFURA,TOP END,7.0,Homelands Service Provider Report 2023,-11.1688,132.1647,https://bushtel.nt.gov.au/profile/308,Not listed,Not confirmed,,,,,,,,,,,,,44.71004286454555,4G/LTE + IoT,"IoT700, LTE700, LTE850",2025,Telstra,822032,-11.1479,132.57398,,Y,Y,Y,,,,,,,,,,Y,Federal Mobile Black Spot Program (MBSP),1.0,153.49352102981626,3G/UMTS + 4G/LTE,"UMTS900, LTE700",2025,Optus,822107,-12.481606,131.728776,,Y,,Y,,,,,,,,,,,,Y,Federal Mobile Black Spot Program (MBSP),4.0,188.25097282460405,4G/LTE + 5G/NR,"LTE850, LTE1800, LTE2100, NR700",2025,TPG,835001,-12.48268,131.07386,,,Y,Y,Y,Y,,,,,,,,44.71004286454555,Telstra,164,Mamaruni School,45.11700116037549,Combined,Government,Very Remote,School Single Entity,0,-11.14856,132.57775,50098,47955.0,7955.0,50098,Mamaruni School,45.11700116037549,Combined,Government,Very Remote,School Single Entity,0,-11.14856,132.57775,50098,47955.0,7955.0,50098,0.4069582958299449,0.4069582958299449,No,No,No,No,,70400401,Cobourg Peninsula - Demed Homelands,704004,North-West Arnhem,704,Jabiru - Tiwi,7,Northern Territory,23675.7318,Within polygon,Matched,145,127,279,27,57,40,102,44,3,27,239,1218,2.4,5.6,70.3,4,34,22,190,45,3,48,138,8.3,24.7,22.7,84,ABS 2021 Census Indigenous Profile,Indigenous Location (ILOC),2021
691,GUMULUJI,WALLIS CREEK,Family Outstation,BARKLY,KUWARRANGU,NORTHERN LAND COUNCIL,BARKLY,BARKLY,,Not recorded,-17.93534,137.48038,https://bushtel.nt.gov.au/profile/691,Not listed,Not confirmed,,,,,,,,,,,,,94.4657288271762,4G/LTE + IoT,"IoT700, LTE700",2025,Telstra,862044,-17.21123,137.94643,,Y,Y,,,,,,,,,,,Y,REGIONAL CO-INVESTMENT: Small Cell Satellite,,139.12763412764042,3G/UMTS,UMTS900,2025,Optus,4825035,-18.69084,138.53096,,Y,,,,,,,,,,,,,,Y,Federal Mobile Black Spot Program (MBSP),2.0,376.1254124145438,4G/LTE,LTE850,2025,TPG,4825002,-20.73424,139.49366,,,Y,,,,,,,,,,,94.4657288271762,Telstra,23,Robinson River School,141.0613184711351,Combined,Government,Very Remote,School Single Entity,0,-16.7597,136.981,50118,56541.0,16541.0,50118,Robinson River School,141.0613184711351,Combined,Government,Very Remote,School Single Entity,0,-16.7597,136.981,50118,56541.0,16541.0,50118,46.5955896439589,46.5955896439589,No,No,Yes,Yes,Review,70700301,Barkly Tablelands - Outstations,707003,Barkly,707,Tennant Creek,7,Northern Territory,79907.8275,Within polygon,Matched,45,19,64,7,12,5,13,17,6,28,725,924,1.3,3.4,12.5,3,7,7,44,18,0,23,18,4.3,56.1,53.7,19,ABS 2021 Census Indigenous Profile,Indigenous Location (ILOC),2021
497,GUMURUGURU,"GAMARRAGURRA,GAMARRU GUYURRU,GAMURRU GUYURRA,GARMALATJIRRINA",Family Outstation,EAST ARNHEM,GUMURR GATTJIRRK,NORTHERN LAND COUNCIL,ARAFURA,EAST ARNHEM,,Not recorded,-12.06001,134.76306,https://bushtel.nt.gov.au/profile/497,Not listed,Not confirmed,,,,,,,,,,,,,17.385726161213974,4G/LTE + IoT,"IoT700, LTE700",2025,Telstra,822010,-12.12233,134.90971,,Y,Y,,,,,,,,,,,,,,200.2928328929392,3G/UMTS + 4G/LTE,"UMTS900, LTE700",2025,Optus,822106,-12.42654,132.95842,,Y,,Y,,,,,,,,,,,,Y,Federal Mobile Black Spot Program (MBSP),5.0,396.23117404133785,4G/LTE,"LTE850, LTE1800, LTE2100",2025,TPG,836002,-12.55419,131.15106,,,Y,Y,Y,,,,,,,,,17.385726161213974,Telstra,392,Milingimbi School,17.705120402934668,Combined,Government,Very Remote,School Single Entity,0,-12.1021,134.9201,50062,46732.0,6732.0,50062,Milingimbi School,17.705120402934668,Combined,Government,Very Remote,School Single Entity,0,-12.1021,134.9201,50062,46732.0,6732.0,50062,0.3193942417206941,0.3193942417206941,No,No,No,No,,70400302,Maningrida Outstations,704003,Maningrida and Outstations,704,Jabiru - Tiwi,7,Northern Territory,9758.0375,Within polygon,Matched,170,195,366,23,65,77,131,58,11,26,207,900,2.1,5.9,72.3,4,34,42,283,10,22,35,226,60.6,11.8,4.6,88,ABS 2021 Census Indigenous Profile,Indigenous Location (ILOC),2021
330,GUPANGA,KOPUNGA,Family Outstation,WEST ARNHEM,MANINGRIDA,NORTHERN LAND COUNCIL,ARAFURA,TOP END,,Not recorded,-12.0752,134.5843,https://bushtel.nt.gov.au/profile/330,Not listed,Not confirmed,,,,,,,,,,,,,35.76628230389579,4G/LTE + IoT,"IoT700, LTE700",2025,Telstra,822010,-12.12233,134.90971,,Y,Y,,,,,,,,,,,,,,180.9402008188817,3G/UMTS + 4G/LTE,"UMTS900, LTE700",2025,Optus,822106,-12.42654,132.95842,,Y,,Y,,,,,,,,,,,,Y,Federal Mobile Black Spot Program (MBSP),5.0,376.7554144823671,4G/LTE,"LTE850, LTE1800, LTE2100",2025,TPG,836002,-12.55419,131.15106,,,Y,Y,Y,,,,,,,,,35.76628230389579,Telstra,225,Milingimbi School,36.63361482200801,Combined,Government,Very Remote,School Single Entity,0,-12.1021,134.9201,50062,46732.0,6732.0,50062,Milingimbi School,36.63361482200801,Combined,Government,Very Remote,School Single Entity,0,-12.1021,134.9201,50062,46732.0,6732.0,50062,0.8673325181122209,0.8673325181122209,No,No,No,No,,70400302,Maningrida Outstations,704003,Maningrida and Outstations,704,Jabiru - Tiwi,7,Northern Territory,9758.0375,Within polygon,Matched,170,195,366,23,65,77,131,58,11,26,207,900,2.1,5.9,72.3,4,34,42,283,10,22,35,226,60.6,11.8,4.6,88,ABS 2021 Census Indigenous Profile,Indigenous Location (ILOC),2021
516,GURKAWUY,"GURKHAWUY,GURRKUWUY NO.2,TRIAL BAY",Family Outstation,EAST ARNHEM,GUMURR MIWATJ,NORTHERN LAND COUNCIL,ARNHEM,EAST ARNHEM,9.0,Homelands Service Provider Report 2023,-12.97616,136.50362,https://bushtel.nt.gov.au/profile/516,Not listed,Not confirmed,,,,,,,,,,,,,73.35476043004387,4G/LTE + IoT,"IoT700, LTE700",2025,Telstra,880016,-12.38241,136.79831,,Y,Y,,,,,,,,,,,,,,93.21900706994931,4G/LTE + IoT,"NBIoT700, LTE700, LTE2600",2025,Optus,880003,-12.181375,136.776877,Y,,,Y,,,,,Y,,,,,,,,,,581.7172027385927,4G/LTE,"LTE850, LTE1800, LTE2100",2025,TPG,836004,-12.613261,131.151729,,,Y,Y,Y,,,,,,,,,73.35476043004387,Telstra,53,Baniyala Garrangali School,39.05327635738978,Combined,Government,Very Remote,School Single Entity,0,-13.2004,136.2261,50139,67690.0,27690.0,50139,Baniyala Garrangali School,39.05327635738978,Combined,Government,Very Remote,School Single Entity,0,-13.2004,136.2261,50139,67690.0,27690.0,50139,-34.301484072654084,-34.301484072654084,Yes,Yes,No,Yes,,70600304,Laynhapuy,706003,Laynhapuy - Gumatj Homelands,706,Nhulunbuy,7,Northern Territory,5255.6095,Within polygon,Matched,112,87,204,13,32,38,65,46,16,31,262,1187,1.7,4.6,52.6,4,17,12,161,24,7,30,114,23.1,16.0,12.3,45,ABS 2021 Census Indigenous Profile,Indigenous Location (ILOC),2021
331,GURRGURR,"GURRHGURR,TABLE HILL",Family Outstation,WEST ARNHEM,GUNBALANYA,NORTHERN LAND COUNCIL,ARAFURA,TOP END,,Not recorded,-12.20644,134.00904,https://bushtel.nt.gov.au/profile/331,Not listed,Not confirmed,,,,,,,,,,,,,29.39625040011068,4G/LTE + 5G/NR + IoT,"IoT700, LTE700, LTE850, LTE1800, LTE2100, LTE2600, NR850, NR2600",2025,Telstra,822008,-12.05532,134.23091,,Y,Y,Y,Y,Y,Y,,Y,,Y,,,Y,REGIONAL CO-INVESTMENT: RCP - TX Upgrade,1.0,116.72933832115416,3G/UMTS + 4G/LTE,"UMTS900, LTE700",2025,Optus,822106,-12.42654,132.95842,,Y,,Y,,,,,,,,,,,,Y,Federal Mobile Black Spot Program (MBSP),5.0,312.80058008441586,4G/LTE,"LTE850, LTE1800, LTE2100",2025,TPG,836002,-12.55419,131.15106,,,Y,Y,Y,,,,,,,,,29.39625040011068,Telstra,285,Maningrida College,29.04692444274151,Combined,Government,Very Remote,School Single Entity,0,-12.05041,134.22333,50061,47956.0,7956.0,50061,Maningrida College,29.04692444274151,Combined,Government,Very Remote,School Single Entity,0,-12.05041,134.22333,50061,47956.0,7956.0,50061,-0.3493259573691709,-0.3493259573691709,Yes,Yes,No,No,,70400401,Cobourg Peninsula - Demed Homelands,704004,North-West Arnhem,704,Jabiru - Tiwi,7,Northern Territory,23675.7318,Within polygon,Matched,145,127,279,27,57,40,102,44,3,27,239,1218,2.4,5.6,70.3,4,34,22,190,45,3,48,138,8.3,24.7,22.7,84,ABS 2021 Census Indigenous Profile,Indigenous Location (ILOC),2021
804,GUTJANGAN,BREMER ISLAND NORTH,Family Outstation,EAST ARNHEM,GUMURR MIWATJ,NORTHERN LAND COUNCIL,MULKA,EAST ARNHEM,37.0,Homelands Service Provider Report 2023,-12.0839,136.80857,https://bushtel.nt.gov.au/profile/804,Yes,Confirmed,Primary name,GUTJANGAN,0.0,GUTJANGAN,COMMUNITY,23.0,,,YES,TELSTRA,-12.0839,136.80857,11.382706064327602,4G/LTE + IoT,"IoT700, LTE700",2025,Telstra,880003,-12.1815,136.77699,,Y,Y,,,,,,,,,,,Y,REGIONAL CO-INVESTMENT: RCP - Augmentation,1.0,11.373170363570628,4G/LTE + IoT,"NBIoT700, LTE700, LTE2600",2025,Optus,880003,-12.181375,136.776877,Y,,,Y,,,,,Y,,,,,,,,,,616.8097839908745,4G/LTE,"LTE850, LTE1800, LTE2100",2025,TPG,836002,-12.55419,131.15106,,,Y,Y,Y,,,,,,,,,11.373170363570628,Optus,478,Nhulunbuy Primary School,11.238719933965196,Primary,Government,Very Remote,School Single Entity,0,-12.1821,136.7841,50040,47990.0,7990.0,50040,Nhulunbuy High School,11.7709789311673,Secondary,Government,Very Remote,School Single Entity,0,-12.18676,136.78298,50002,55089.0,15089.0,50002,0.3978085675966731,-0.1344504296054314,Yes,No,No,No,,70600502,Nhulunbuy,706005,Nhulunbuy - Gunyangara,706,Nhulunbuy,7,Northern Territory,82.6171,Within polygon,Matched,196,177,371,27,74,76,132,56,11,27,597,2525,1.1,3.3,12.9,5,38,60,275,127,9,131,140,5.3,48.2,45.6,101,ABS 2021 Census Indigenous Profile,Indigenous Location (ILOC),2021
845,HALFWAY CAMP,No aliases recorded with NTG DIPL,Family Outstation,MACDONNELL,RODINGA,CENTRAL LAND COUNCIL,NAMATJIRA,CENTRAL AUSTRALIA,,Not recorded,-25.69492,134.36263,https://bushtel.nt.gov.au/profile/845,Not listed,Not confirmed,,,,,,,,,,,,,24.39803048136815,4G/LTE + IoT,"IoT700, LTE700",2025,Telstra,872016,-25.58511,134.57334,,Y,Y,,,,,,,,,,,Y,Federal Mobile Black Spot Program (MBSP),1.0,107.6473377166758,3G/UMTS,UMTS900,2025,Optus,872140,-25.8395,133.2997,,Y,,,,,,,,,,,,,,,,,760.8646256323692,4G/LTE,LTE850,2025,TPG,4825002,-20.73424,139.49366,,,Y,,,,,,,,,,,24.39803048136815,Telstra,332,Finke School,25.012403449458123,Combined,Government,Very Remote,School Single Entity,0,-25.5821,134.578486,50090,47909.0,7909.0,50090,Finke School,25.012403449458123,Combined,Government,Very Remote,School Single Entity,0,-25.5821,134.578486,50090,47909.0,7909.0,50090,0.6143729680899739,0.6143729680899739,No,No,No,No,,70900403,Apatula (Finke) Homelands - West,709004,Apatula (Finke) and Homelands,709,Apatula,7,Northern Territory,37488.9696,Within polygon,Matched,0,0,0,0,0,0,0,0,0,0,0,0,0.0,0.0,0.0,0,0,0,0,0,0,0,0,0.0,0.0,0.0,0,ABS 2021 Census Indigenous Profile,Indigenous Location (ILOC),2021
903,HATCHES CREEK,No aliases recorded with NTG DIPL,Family Outstation,BARKLY,ALYAWARR,CENTRAL LAND COUNCIL,BARKLY,BARKLY,1.0,Homelands Service Provider Report 2023,-20.84606,135.21349,https://bushtel.nt.gov.au/profile/903,Not listed,Not confirmed,,,,,,,,,,,,,43.06808290013288,4G/LTE + IoT,"IoT700, LTE700",2025,Telstra,872164,-21.16637,135.44675,,Y,Y,,,,,,,,,,,Y,REGIONAL CO-INVESTMENT: Small Cell Satellite,,101.68903507498234,3G/UMTS,UMTS900,2025,Optus,872134,-20.79537,134.23659,,Y,,,,,,,,,,,,,,,,,445.104787505768,4G/LTE,LTE850,2025,TPG,4825002,-20.73424,139.49366,,,Y,,,,,,,,,,,43.06808290013288,Telstra,173,Epenarra School,42.74868691366575,Combined,Government,Very Remote,School Single Entity,0,-20.46311,135.24972,50089,56549.0,16549.0,50089,Epenarra School,42.74868691366575,Combined,Government,Very Remote,School Single Entity,0,-20.46311,135.24972,50089,56549.0,16549.0,50089,-0.3193959864671285,-0.3193959864671285,Yes,Yes,No,No,,70700304,Julalikari - Outstations,707003,Barkly,707,Tennant Creek,7,Northern Territory,107784.4629,Within polygon,Matched,67,66,137,15,28,18,41,25,8,27,369,1020,1.4,4.2,31.0,4,26,10,90,13,20,34,41,60.0,39.8,15.9,43,ABS 2021 Census Indigenous Profile,Indigenous Location (ILOC),2021
1028,HAWK DREAMING,AWARCANARJU,Family Outstation,WEST ARNHEM,KAKADU,NORTHERN LAND COUNCIL,ARAFURA,TOP END,4.0,Homelands Service Provider Report 2023,-12.37053,132.93914,https://bushtel.nt.gov.au/profile/1028,Not listed,Not confirmed,,,,,,,,,,,,,7.062632736703301,4G/LTE + IoT,"IoT700, LTE700",2025,Telstra,822103,-12.432888,132.9515,,Y,Y,,,,,,,,,,,Y,REGIONAL CO-INVESTMENT: NT RTCP - Greenfield Macro,2.0,6.570586869801186,3G/UMTS + 4G/LTE,"UMTS900, LTE700",2025,Optus,822106,-12.42654,132.95842,,Y,,Y,,,,,,,,,,,,Y,Federal Mobile Black Spot Program (MBSP),5.0,195.21167095718377,4G/LTE,"LTE850, LTE1800, LTE2100",2025,TPG,836002,-12.55419,131.15106,,,Y,Y,Y,,,,,,,,,6.570586869801186,Optus,552,Gunbalanya School,13.930422396689751,Combined,Government,Remote,School Single Entity,0,-12.32135,133.05709,50058,47960.0,7960.0,50058,Gunbalanya School,13.930422396689751,Combined,Government,Remote,School Single Entity,0,-12.32135,133.05709,50058,47960.0,7960.0,50058,7.359835526888565,7.359835526888565,No,No,No,No,,70400202,Kakadu - Marrakai - Surrounds,704002,Kakadu - Marrakai - Jabiru,704,Jabiru - Tiwi,7,Northern Territory,25261.6924,Within polygon,Matched,104,101,206,14,30,35,53,66,11,33,496,1649,1.3,3.2,17.8,3,24,10,165,82,13,94,62,14.0,56.4,48.5,44,ABS 2021 Census Indigenous Profile,Indigenous Location (ILOC),2021
973,HINGSTONS PLACE,CROW DOWNS,Family Outstation,BARKLY,PATTA,CENTRAL LAND COUNCIL,BARKLY,BARKLY,6.0,Homelands Service Provider Report 2023,-19.61773,134.19703,https://bushtel.nt.gov.au/profile/973,Yes,Confirmed,Primary name,HINGSTONS PLACE,0.0,HINGSTONS PLACE,COMMUNITY,7.0,,,YES,OPTUS/TELSTRA,-19.61773,134.19703,3.317505404053405,4G/LTE + IoT,"IoT700, LTE700, LTE2100, LTE2600",2025,Telstra,860022,-19.64756,134.19761,,Y,Y,,,Y,Y,,,,,,,,,,3.3371793573999846,4G/LTE + IoT,"NBIoT700, LTE700, LTE2600",2025,Optus,860007,-19.64497,134.183655,Y,,,Y,,,,,Y,,,,,,,,,,566.5536095092391,4G/LTE,LTE850,2025,TPG,4825002,-20.73424,139.49366,,,Y,,,,,,,,,,,3.317505404053405,Telstra,591,Tennant Creek Primary School,3.69045651800531,Primary,Government,Very Remote,School Single Entity,0,-19.6501,134.18925,50046,56574.0,16574.0,50046,Tennant Creek High School,2.936898920389964,Secondary,Government,Very Remote,School Single Entity,0,-19.644142,134.196942,50007,47918.0,7918.0,50007,-0.3806064836634411,0.3729511139519048,No,Yes,No,No,,70700304,Julalikari - Outstations,707003,Barkly,707,Tennant Creek,7,Northern Territory,107784.4629,Within polygon,Matched,67,66,137,15,28,18,41,25,8,27,369,1020,1.4,4.2,31.0,4,26,10,90,13,20,34,41,60.0,39.8,15.9,43,ABS 2021 Census Indigenous Profile,Indigenous Location (ILOC),2021
13339033,HONEYMOON BORE,No aliases recorded with NTG DIPL,Family Outstation,BARKLY,ALYAWARR,CENTRAL LAND COUNCIL,BARKLY,BARKLY,2.0,Homelands Service Provider Report 2023,-21.66791,135.24665,https://bushtel.nt.gov.au/profile/13339033,Not listed,Not confirmed,,,,,,,,,,,,,2.595463021522937,4G/LTE + IoT,"IoT700, LTE700, LTE2600",2025,Telstra,872117,-21.654547,135.226058,,Y,Y,,,,Y,,,,,,,Y,REGIONAL CO-INVESTMENT: RCP - Augmentation,1.0,141.14358884790084,3G/UMTS,UMTS900,2025,Optus,872132,-21.53135,133.88937,,Y,,,,,,,,,,,,,,,,,452.3386580439689,4G/LTE,LTE850,2025,TPG,4825002,-20.73424,139.49366,,,Y,,,,,,,,,,,2.595463021522937,Telstra,602,Ampilatwatja School,2.7583120938304235,Combined,Government,Very Remote,School Single Entity,0,-21.65369,135.22478,50077,47903.0,7903.0,50077,Ampilatwatja School,2.7583120938304235,Combined,Government,Very Remote,School Single Entity,0,-21.65369,135.22478,50077,47903.0,7903.0,50077,0.1628490723074867,0.1628490723074867,No,No,No,No,,70900201,Ampilatwatja and Outstations,709002,Ampilatwatja and Outstations,709,Apatula,7,Northern Territory,15124.1872,Within polygon,Matched,208,217,425,44,92,84,113,66,20,23,396,1485,2.1,6.1,69.2,9,69,34,286,39,6,47,219,13.6,15.3,13.2,136,ABS 2021 Census Indigenous Profile,Indigenous Location (ILOC),2021
334,HUMPTY DOO,"KOOLPINYAH,LIMILNGAN,WARIUK ASSOC.",Family Outstation,LITCHFIELD,CENTRAL WARD,NORTHERN LAND COUNCIL,GOYDER,"DARWIN, PALMERSTON, LITCHFIELD",4.0,Homelands Service Provider Report 2023,-12.63105,131.26078,https://bushtel.nt.gov.au/profile/334,Not listed,Not confirmed,,,,,,,,,,,,,5.362296016542608,4G/LTE + IoT,"IoT700, LTE700, LTE2600",2025,Telstra,822060,-12.58457,131.24761,,Y,Y,,,,Y,,,,,,,,,,5.539648328909662,4G/LTE + IoT,"NBIoT700, LTE700, LTE1800",2025,Optus,822057,-12.583952,131.244139,Y,,,Y,,Y,,,,,,,,,,,,,11.99707069682974,4G/LTE,"LTE850, LTE1800, LTE2100",2025,TPG,836004,-12.613261,131.151729,,,Y,Y,Y,,,,,,,,,5.362296016542608,Telstra,564,Middle Point School,8.48076619391712,Primary,Government,Outer Regional,School Single Entity,0,-12.57599,131.31486,50101,47957.0,7957.0,50101,Taminmin College,18.24265268166923,Secondary,Government,Outer Regional,School Single Entity,0,-12.58037,131.10089,50006,47964.0,7964.0,50006,12.880356665126625,3.118470177374512,No,No,No,No,,70300705,Humpty Doo - Elizabeth Valley,703007,Litchfield,703,Darwin,7,Northern Territory,617.2892,Within polygon,Matched,334,340,672,58,163,105,160,139,44,26,1022,2692,1.1,3.4,12.9,15,115,72,456,307,23,332,117,6.7,72.4,67.5,221,ABS 2021 Census Indigenous Profile,Indigenous Location (ILOC),2021
800,HUNTERS CAMP,KURRAJONG FLATS,Family Outstation,WEST ARNHEM,KAKADU,NORTHERN LAND COUNCIL,ARAFURA,TOP END,8.0,Homelands Service Provider Report 2023,-12.65001,132.8291,https://bushtel.nt.gov.au/profile/800,Yes,Confirmed,Primary name,HUNTERS CAMP,0.0109064249860127,HUNTERS CAMP,COMMUNITY,5.0,,,YES,OPTUS/TELSTRA,-12.65,132.829,2.236848331860001,4G/LTE + 5G/NR + IoT,"IoT700, LTE700, LTE850, LTE2600, NR850, NR2600",2025,Telstra,886001,-12.66944,132.83444,,Y,Y,Y,,,Y,,Y,,Y,,,,,,2.2433049243024543,4G/LTE + IoT,"NBIoT700, LTE700, LTE2600",2025,Optus,886001,-12.669492,132.834471,Y,,,Y,,,,,Y,,,,,,,,,,182.04656822281936,4G/LTE,"LTE850, LTE1800, LTE2100",2025,TPG,836004,-12.613261,131.151729,,,Y,Y,Y,,,,,,,,,2.236848331860001,Telstra,608,Jabiru Area School,2.943298394935625,Combined,Government,Remote,School Single Entity,0,-12.67577,132.83534,50053,47971.0,7971.0,50053,Jabiru Area School,2.943298394935625,Combined,Government,Remote,School Single Entity,0,-12.67577,132.83534,50053,47971.0,7971.0,50053,0.7064500630756245,0.7064500630756245,No,No,No,No,,70400202,Kakadu - Marrakai - Surrounds,704002,Kakadu - Marrakai - Jabiru,704,Jabiru - Tiwi,7,Northern Territory,25261.6924,Within polygon,Matched,104,101,206,14,30,35,53,66,11,33,496,1649,1.3,3.2,17.8,3,24,10,165,82,13,94,62,14.0,56.4,48.5,44,ABS 2021 Census Indigenous Profile,Indigenous Location (ILOC),2021
813,IJARRA,"CROCODILE CREEK,IJARRI",Family Outstation,ROPER GULF,SOUTH WEST GULF,NORTHERN LAND COUNCIL,BARKLY,BIG RIVERS,,Not recorded,-16.2152,136.00501,https://bushtel.nt.gov.au/profile/813,Not listed,Not confirmed,,,,,,,,,,,,,26.14106050763084,4G/LTE + IoT,"IoT700, LTE700, LTE2600",2025,Telstra,852058,-16.43509,136.09167,,Y,Y,,,,Y,,,,,,,,,,59.93805685965333,3G/UMTS,UMTS900,2025,Optus,852089,-16.6834,135.7265,,Y,,,,,,,,,,,,,,Y,Federal Mobile Black Spot Program (MBSP),2.0,622.7156958443102,4G/LTE,LTE850,2025,TPG,4825002,-20.73424,139.49366,,,Y,,,,,,,,,,,26.14106050763084,Telstra,315,Borroloola School,36.63001031994859,Combined,Government,Very Remote,School Single Entity,0,-16.0582,136.30649,50056,47921.0,7921.0,50056,Borroloola School,36.63001031994859,Combined,Government,Very Remote,School Single Entity,0,-16.0582,136.30649,50056,47921.0,7921.0,50056,10.488949812317747,10.488949812317747,No,No,No,No,,70500401,Mabunji - Mungoorbada Outstations,705004,Gulf,705,Katherine,7,Northern Territory,55041.1368,Within polygon,Matched,62,43,104,7,17,23,30,21,8,30,407,916,1.9,3.6,48.1,4,12,3,79,23,9,28,52,22.2,34.6,26.9,24,ABS 2021 Census Indigenous Profile,Indigenous Location (ILOC),2021
1005,ILEPARRATYE,"ILLAPAREYE,WOODS CAMP",Family Outstation,CENTRAL DESERT,ANMATJERE,CENTRAL LAND COUNCIL,BARKLY,CENTRAL AUSTRALIA,9.0,Homelands Service Provider Report 2023,-22.02145,133.42931,https://bushtel.nt.gov.au/profile/1005,Not listed,Not confirmed,,,,,,,,,,,,,20.11970871386225,4G/LTE + IoT,"IoT700, LTE700",2025,Telstra,872001,-22.20222,133.42083,,Y,Y,,,,,,,,,,,,,,12.4661532022576,3G/UMTS + 4G/LTE,"UMTS900, LTE700",2025,Optus,872135,-22.13295,133.4167,,Y,,Y,,,,,,,,,,,,,,,643.979566566667,4G/LTE,LTE850,2025,TPG,4825002,-20.73424,139.49366,,,Y,,,,,,,,,,,12.4661532022576,Optus,462,Ti Tree School,11.880876505168478,Combined,Government,Very Remote,School Single Entity,0,-22.12793,133.41976,50120,47895.0,7895.0,50120,Ti Tree School,11.880876505168478,Combined,Government,Very Remote,School Single Entity,0,-22.12793,133.41976,50120,47895.0,7895.0,50120,-0.585276697089121,-0.585276697089121,Yes,Yes,No,No,,70900301,Anmatjere - Surrounds,709003,Anmatjere,709,Apatula,7,Northern Territory,49609.3293,Within polygon,Matched,59,43,104,14,10,13,33,25,7,31,226,675,1.5,4.1,40.9,4,12,6,78,0,10,15,58,80.0,19.5,3.9,24,ABS 2021 Census Indigenous Profile,Indigenous Location (ILOC),2021
24990,ILJITJARRI,KURRKU,Family Outstation,MACDONNELL,LJIRAPINTA,CENTRAL LAND COUNCIL,GWOJA,CENTRAL AUSTRALIA,5.0,Homelands Service Provider Report 2023,-24.53401,132.49215,https://bushtel.nt.gov.au/profile/24990,Not listed,Not confirmed,,,,,,,,,,,,,66.62579217254485,4G/LTE + IoT,"IoT700, LTE700",2025,Telstra,872138,-25.12908,132.569341,,Y,Y,,,,,,,,,,,Y,Federal Mobile Black Spot Program (MBSP),1.0,58.76216126979543,3G/UMTS + 4G/LTE,"UMTS900, LTE700",2025,Optus,872189,-24.056241,132.739943,,Y,,Y,,,,,,,,,,,,Y,Federal Mobile Black Spot Program (MBSP),4.0,833.3555675322788,4G/LTE,LTE850,2025,TPG,4825002,-20.73424,139.49366,,,Y,,,,,,,,,,,58.76216126979543,Optus,90,Areyonga School,55.91191656752674,Combined,Government,Very Remote,School Single Entity,0,-24.0737,132.27011,50078,47881.0,7881.0,50078,Areyonga School,55.91191656752674,Combined,Government,Very Remote,School Single Entity,0,-24.0737,132.27011,50078,47881.0,7881.0,50078,-2.850244702268689,-2.850244702268689,Yes,Yes,Yes,Yes,Review,70900802,Kaltukatjara Outstations,709008,Kaltukatjara and Outstations,709,Apatula,7,Northern Territory,87474.9608,Within polygon,Matched,28,34,60,8,7,8,17,16,3,29,295,966,1.7,3.7,40.0,0,5,6,46,14,5,12,35,14.3,29.8,25.5,15,ABS 2021 Census Indigenous Profile,Indigenous Location (ILOC),2021
45,ILKARRALALAMA,ILKARILALAMA,Family Outstation,MACDONNELL,LJIRAPINTA,CENTRAL LAND COUNCIL,GWOJA,CENTRAL AUSTRALIA,2.0,Homelands Service Provider Report 2023,-23.96461,132.46504,https://bushtel.nt.gov.au/profile/45,Not listed,Not confirmed,,,,,,,,,,,,,31.780062108417603,4G/LTE + IoT,"IoT700, LTE700, LTE2600",2025,Telstra,872034,-23.94213,132.77681,,Y,Y,,,,Y,,,,,,,,,,29.72372886285701,3G/UMTS + 4G/LTE,"UMTS900, LTE700",2025,Optus,872189,-24.056241,132.739943,,Y,,Y,,,,,,,,,,,,Y,Federal Mobile Black Spot Program (MBSP),4.0,806.981533014823,4G/LTE,LTE850,2025,TPG,4825002,-20.73424,139.49366,,,Y,,,,,,,,,,,29.72372886285701,Optus,278,Areyonga School,23.218941452894832,Combined,Government,Very Remote,School Single Entity,0,-24.0737,132.27011,50078,47881.0,7881.0,50078,Areyonga School,23.218941452894832,Combined,Government,Very Remote,School Single Entity,0,-24.0737,132.27011,50078,47881.0,7881.0,50078,-6.5047874099621765,-6.5047874099621765,Yes,Yes,No,No,,70901403,Tjuwanpa Outstations,709014,West MacDonnell Ranges,709,Apatula,7,Northern Territory,15970.5215,Within polygon,Matched,90,98,188,21,38,31,60,36,8,27,352,1166,1.5,4.3,51.2,0,21,12,134,28,19,47,85,43.5,34.6,19.5,59,ABS 2021 Census Indigenous Profile,Indigenous Location (ILOC),2021
737,ILLEUWURRU,ILLURAHARRA,Family Outstation,BARKLY,ALYAWARR,CENTRAL LAND COUNCIL,BARKLY,BARKLY,,Not recorded,-21.60913,134.39411,https://bushtel.nt.gov.au/profile/737,Not listed,Not confirmed,,,,,,,,,,,,,42.60993922074384,4G/LTE + IoT,"IoT700, LTE700",2025,Telstra,872198,-21.507794,133.996754,,Y,Y,,,,,,,,,,,Y,Federal Mobile Black Spot Program (MBSP),5.0,52.90574704723417,3G/UMTS,UMTS900,2025,Optus,872132,-21.53135,133.88937,,Y,,,,,,,,,,,,,,,,,537.6156228077718,4G/LTE,LTE850,2025,TPG,4825002,-20.73424,139.49366,,,Y,,,,,,,,,,,42.60993922074384,Telstra,174,Neutral Junction School,42.580969492624526,Combined,Government,Very Remote,School Single Entity,0,-21.515756,133.994783,50108,47907.0,7907.0,50108,Neutral Junction School,42.580969492624526,Combined,Government,Very Remote,School Single Entity,0,-21.515756,133.994783,50108,47907.0,7907.0,50108,-0.0289697281193141,-0.0289697281193141,Yes,Yes,No,No,,70901202,Illeuwurru - Inkawenyerre,709012,Urapuntja,709,Apatula,7,Northern Territory,1750.001,Within polygon,Matched,13,15,25,0,8,5,9,3,0,31,354,710,1.4,3.1,33.3,0,4,0,22,0,0,0,22,0.0,0.0,0.0,8,ABS 2021 Census Indigenous Profile,Indigenous Location (ILOC),2021
709,ILPERLE,"DEAD HORSE SOAK,ILPARLE,JINKA",Family Outstation,CENTRAL DESERT,AKITYARRE,CENTRAL LAND COUNCIL,NAMATJIRA,CENTRAL AUSTRALIA,3.0,Homelands Service Provider Report 2023,-22.92737,135.71575,https://bushtel.nt.gov.au/profile/709,Not listed,Not confirmed,,,,,,,,,,,,,79.83896227015737,4G/LTE + IoT,"IoT700, LTE700",2025,Telstra,872152,-22.97496,134.93773,,Y,Y,,,,,,,,,,,Y,REGIONAL CO-INVESTMENT: NT ISCA,1.0,120.4565337505628,3G/UMTS + 4G/LTE,"UMTS900, LTE700",2025,Optus,872188,-23.45604,134.68709,,Y,,Y,,,,,,,,,,,,Y,Federal Mobile Black Spot Program (MBSP),4.0,459.8947601677692,4G/LTE,LTE850,2025,TPG,4825002,-20.73424,139.49366,,,Y,,,,,,,,,,,79.83896227015737,Telstra,35,Bonya School,49.07429636839322,Combined,Government,Very Remote,School Single Entity,0,-22.77886,136.16675,50081,66018.0,26018.0,50081,Bonya School,49.07429636839322,Combined,Government,Very Remote,School Single Entity,0,-22.77886,136.16675,50081,66018.0,26018.0,50081,-30.764665901764147,-30.764665901764147,Yes,Yes,No,Yes,,70900502,Atitjere - Akarnenehe Outstations,709005,Atitjere - Akarnenehe - Engawala,709,Apatula,7,Northern Territory,67455.8399,Within polygon,Matched,68,60,126,10,26,26,32,21,4,24,277,762,1.3,3.8,29.6,0,23,5,89,14,10,22,63,37.5,26.4,16.5,36,ABS 2021 Census Indigenous Profile,Indigenous Location (ILOC),2021
49,ILPILI,"ILBPILLA,ILLPILLA,ILLPILLI,ILPILLY",Family Outstation,MACDONNELL,LURITJA PINTUBI,CENTRAL LAND COUNCIL,GWOJA,CENTRAL AUSTRALIA,,Not recorded,-23.32393,130.36045,https://bushtel.nt.gov.au/profile/49,Not listed,Not confirmed,,,,,,,,,,,,,77.29006996091054,4G/LTE + IoT,"IoT700, LTE700",2025,Telstra,872175,-22.65143,130.55136,,Y,Y,,,,,,,,,,,Y,Northern Territory Co-investment Northern Territory ISCA,,156.02917525752667,3G/UMTS + 4G/LTE,"UMTS900, LTE700",2025,Optus,872146,-24.251,131.5116,,Y,,Y,,,,,,,,,,,,Y,Federal Mobile Black Spot Program (MBSP),2.0,984.2320885487096,4G/LTE,LTE850,2025,TPG,4825002,-20.73424,139.49366,,,Y,,,,,,,,,,,77.29006996091054,Telstra,46,Nyirripi School,77.48799041161303,Combined,Government,Very Remote,School Single Entity,0,-22.64994,130.55281,50112,56573.0,16573.0,50112,Nyirripi School,77.48799041161303,Combined,Government,Very Remote,School Single Entity,0,-22.64994,130.55281,50112,56573.0,16573.0,50112,0.1979204507024832,0.1979204507024832,No,No,Yes,Yes,Review,70901302,Walungurru Outstations,709013,Walungurru and Outstations,709,Apatula,7,Northern Territory,28754.6795,Within polygon,Matched,0,0,0,0,0,0,0,0,0,0,0,0,0.0,0.0,0.0,0,0,0,0,0,0,0,0,0.0,0.0,0.0,0,ABS 2021 Census Indigenous Profile,Indigenous Location (ILOC),2021
1018,ILPURLA,No aliases recorded with NTG DIPL,Family Outstation,MACDONNELL,LJIRAPINTA,CENTRAL LAND COUNCIL,GWOJA,CENTRAL AUSTRALIA,6.0,Homelands Service Provider Report 2023,-24.31521,132.71446,https://bushtel.nt.gov.au/profile/1018,Not listed,Not confirmed,,,,,,,,,,,,,41.96440431665819,4G/LTE + IoT,"IoT700, LTE700, LTE2600",2025,Telstra,872034,-23.94213,132.77681,,Y,Y,,,,Y,,,,,,,,,,28.911859599345128,3G/UMTS + 4G/LTE,"UMTS900, LTE700",2025,Optus,872189,-24.056241,132.739943,,Y,,Y,,,,,,,,,,,,Y,Federal Mobile Black Spot Program (MBSP),4.0,801.919776025395,4G/LTE,LTE850,2025,TPG,4825002,-20.73424,139.49366,,,Y,,,,,,,,,,,28.911859599345128,Optus,292,Ntaria School,41.89898161409724,Combined,Government,Very Remote,School Single Entity,0,-23.94262,132.776051,50111,56572.0,16572.0,50111,Ntaria School,41.89898161409724,Combined,Government,Very Remote,School Single Entity,0,-23.94262,132.776051,50111,56572.0,16572.0,50111,12.98712201475211,12.98712201475211,No,No,No,No,,70900802,Kaltukatjara Outstations,709008,Kaltukatjara and Outstations,709,Apatula,7,Northern Territory,87474.9608,Within polygon,Matched,28,34,60,8,7,8,17,16,3,29,295,966,1.7,3.7,40.0,0,5,6,46,14,5,12,35,14.3,29.8,25.5,15,ABS 2021 Census Indigenous Profile,Indigenous Location (ILOC),2021
904,ILUWURRU,ALEXANDRIA,Family Outstation,BARKLY,KUWARRANGU,NORTHERN LAND COUNCIL,BARKLY,BARKLY,,Not recorded,-19.03222,136.65003,https://bushtel.nt.gov.au/profile/904,Not listed,Not confirmed,,,,,,,,,,,,,106.58342647458312,4G/LTE + IoT,"IoT700, LTE700",2025,Telstra,872171,-19.99025,136.617304,,Y,Y,,,,,,,,,,,Y,REGIONAL CO-INVESTMENT: Small Cell Satellite,,114.63891357305292,3G/UMTS,UMTS900,2025,Optus,862041,-19.71095,135.82742,,Y,,,,,,,,,,,,,,,,,352.4526147965715,4G/LTE,LTE850,2025,TPG,4825002,-20.73424,139.49366,,,Y,,,,,,,,,,,106.58342647458312,Telstra,14,Rockhampton Downs School,153.34172923523693,Combined,Government,Very Remote,School Single Entity,0,-18.947861,135.19435,50132,86706.0,16542.0,50132,Rockhampton Downs School,153.34172923523693,Combined,Government,Very Remote,School Single Entity,0,-18.947861,135.19435,50132,86706.0,16542.0,50132,46.758302760653805,46.758302760653805,No,No,Yes,Yes,Review,70700301,Barkly Tablelands - Outstations,707003,Barkly,707,Tennant Creek,7,Northern Territory,79907.8275,Within polygon,Matched,45,19,64,7,12,5,13,17,6,28,725,924,1.3,3.4,12.5,3,7,7,44,18,0,23,18,4.3,56.1,53.7,19,ABS 2021 Census Indigenous Profile,Indigenous Location (ILOC),2021
20926,IMPADNA,No aliases recorded with NTG DIPL,Family Outstation,MACDONNELL,IYARRKA,CENTRAL LAND COUNCIL,NAMATJIRA,CENTRAL AUSTRALIA,,Not recorded,-25.15452,133.56947,https://bushtel.nt.gov.au/profile/20926,Not listed,Not confirmed,,,,,,,,,,,,,37.32100641894471,4G/LTE + IoT,"IoT700, LTE700",2025,Telstra,872013,-25.19556,133.20139,,Y,Y,,,,,,,,,,,,,,37.408432246487855,3G/UMTS,UMTS900,2025,Optus,872136,-25.19756,133.20079,,Y,,,,,,,,,,,,,,,,,780.5427834066334,4G/LTE,LTE850,2025,TPG,4825002,-20.73424,139.49366,,,Y,,,,,,,,,,,37.32100641894471,Telstra,207,Titjikala School,73.85955683308802,Combined,Government,Remote,School Single Entity,0,-24.67244,134.07331,50123,56575.0,16575.0,50123,Titjikala School,73.85955683308802,Combined,Government,Remote,School Single Entity,0,-24.67244,134.07331,50123,56575.0,16575.0,50123,36.53855041414331,36.53855041414331,No,No,Yes,No,,70900403,Apatula (Finke) Homelands - West,709004,Apatula (Finke) and Homelands,709,Apatula,7,Northern Territory,37488.9696,Within polygon,Matched,0,0,0,0,0,0,0,0,0,0,0,0,0.0,0.0,0.0,0,0,0,0,0,0,0,0,0.0,0.0,0.0,0,ABS 2021 Census Indigenous Profile,Indigenous Location (ILOC),2021
961,IMPERRENTH,ELKEDRA,Family Outstation,BARKLY,ALYAWARR,CENTRAL LAND COUNCIL,BARKLY,BARKLY,,Not recorded,-21.21086,134.96858,https://bushtel.nt.gov.au/profile/961,Not listed,Not confirmed,,,,,,,,,,,,,49.821815443840826,4G/LTE + IoT,"IoT700, LTE700",2025,Telstra,872164,-21.16637,135.44675,,Y,Y,,,,,,,,,,,Y,REGIONAL CO-INVESTMENT: Small Cell Satellite,,88.92863204894985,3G/UMTS,UMTS900,2025,Optus,872134,-20.79537,134.23659,,Y,,,,,,,,,,,,,,,,,472.7950279459184,4G/LTE,LTE850,2025,TPG,4825002,-20.73424,139.49366,,,Y,,,,,,,,,,,49.821815443840826,Telstra,132,Murray Downs School,35.28033654116722,Combined,Government,Very Remote,School Single Entity,0,-21.0477,134.67685,50106,56568.0,16568.0,50106,Murray Downs School,35.28033654116722,Combined,Government,Very Remote,School Single Entity,0,-21.0477,134.67685,50106,56568.0,16568.0,50106,-14.541478902673605,-14.541478902673605,Yes,Yes,No,No,,70700304,Julalikari - Outstations,707003,Barkly,707,Tennant Creek,7,Northern Territory,107784.4629,Within polygon,Matched,67,66,137,15,28,18,41,25,8,27,369,1020,1.4,4.2,31.0,4,26,10,90,13,20,34,41,60.0,39.8,15.9,43,ABS 2021 Census Indigenous Profile,Indigenous Location (ILOC),2021
52,IMPORTNA,"IMPOTNA,NAMATJIRA'S CAMP,NAMATYIRAS COTTAGE",Family Outstation,MACDONNELL,LJIRAPINTA,CENTRAL LAND COUNCIL,GWOJA,CENTRAL AUSTRALIA,4.0,Homelands Service Provider Report 2023,-23.94048,132.74341,https://bushtel.nt.gov.au/profile/52,Yes,Confirmed,Primary name,IMPORTNA,0.0,IMPORTNA,COMMUNITY,5.0,,,YES,TELSTRA,-23.94048,132.74341,3.399331355197559,4G/LTE + IoT,"IoT700, LTE700, LTE2600",2025,Telstra,872034,-23.94213,132.77681,,Y,Y,,,,Y,,,,,,,,,,12.876870840891316,3G/UMTS + 4G/LTE,"UMTS900, LTE700",2025,Optus,872189,-24.056241,132.739943,,Y,,Y,,,,,,,,,,,,Y,Federal Mobile Black Spot Program (MBSP),4.0,780.2870935331848,4G/LTE,LTE850,2025,TPG,4825002,-20.73424,139.49366,,,Y,,,,,,,,,,,3.399331355197559,Telstra,589,Ntaria School,3.3257583397335915,Combined,Government,Very Remote,School Single Entity,0,-23.94262,132.776051,50111,56572.0,16572.0,50111,Ntaria School,3.3257583397335915,Combined,Government,Very Remote,School Single Entity,0,-23.94262,132.776051,50111,56572.0,16572.0,50111,-0.0735730154639675,-0.0735730154639675,Yes,Yes,No,No,,70901403,Tjuwanpa Outstations,709014,West MacDonnell Ranges,709,Apatula,7,Northern Territory,15970.5215,Within polygon,Matched,90,98,188,21,38,31,60,36,8,27,352,1166,1.5,4.3,51.2,0,21,12,134,28,19,47,85,43.5,34.6,19.5,59,ABS 2021 Census Indigenous Profile,Indigenous Location (ILOC),2021
932,INBINA ATWATYE,TYWENPE (B),Family Outstation,MACDONNELL,RODINGA,CENTRAL LAND COUNCIL,NAMATJIRA,CENTRAL AUSTRALIA,11.0,Homelands Service Provider Report 2023,-23.74118,133.71324,https://bushtel.nt.gov.au/profile/932,Yes,Confirmed,Primary name,INBINA ATWATYE,0.0315808907806196,INBINA ATWATYE,COMMUNITY,10.0,,,YES,TELSTRA,-23.741,133.713,10.428830288575067,4G/LTE + IoT,"IoT700, LTE700, LTE2600",2025,Telstra,873001,-23.74989,133.81526,,Y,Y,,,,Y,,,,,,,,,,13.884127981434403,4G/LTE + 5G/NR + IoT,"NBIoT700, LTE700, LTE900, LTE1800, LTE2100, LTE2600, NR700, NR900, NR2100",2025,Optus,870064,-23.69695,133.84078,Y,,,Y,Y,Y,Y,,Y,Y,Y,Y,,,,,,,682.3428666034126,4G/LTE,LTE850,2025,TPG,4825002,-20.73424,139.49366,,,Y,,,,,,,,,,,10.428830288575067,Telstra,491,Living Waters Lutheran School,12.980008329460349,Primary,Independent,Remote,School Single Entity,0,-23.69766,133.83155,50151,46877.0,6877.0,50151,Araluen Christian College,14.639065315541224,Combined,Independent,Remote,School Single Entity,0,-23.70771,133.85232,40343,55336.0,15336.0,40343,4.210235026966156,2.551178040885281,No,No,No,No,,70900103,South MacDonnell Ranges,709001,Amoonguna - Santa Teresa - Titjikala,709,Apatula,7,Northern Territory,31517.5382,Within polygon,Matched,651,171,821,14,29,137,420,188,34,35,360,645,1.0,2.5,10.9,6,16,14,773,55,7,64,688,12.3,8.4,7.4,43,ABS 2021 Census Indigenous Profile,Indigenous Location (ILOC),2021
15,INDARINGINYA,"ANDARININYA,ANTARRENGE,ANTARRENGENY,ANTARRINGINYA",Family Outstation,BARKLY,ALYAWARR,CENTRAL LAND COUNCIL,BARKLY,BARKLY,41.0,Homelands Service Provider Report 2023,-21.67707,134.71992,https://bushtel.nt.gov.au/profile/15,Not listed,Not confirmed,,,,,,,,,,,,,45.92225187197493,4G/LTE + 5G/NR + IoT,"IoT700, LTE700, LTE850, NR850",2025,Telstra,872116,-22.086785,134.7758417,,Y,Y,Y,,,,,Y,,,,,,,,87.38055164583281,3G/UMTS,UMTS900,2025,Optus,872132,-21.53135,133.88937,,Y,,,,,,,,,,,,,,,,,505.830548669482,4G/LTE,LTE850,2025,TPG,4825002,-20.73424,139.49366,,,Y,,,,,,,,,,,45.92225187197493,Telstra,154,Arlparra School,46.00503515229681,Combined,Government,Very Remote,School Single Entity,0,-22.087628,134.775047,40836,68613.0,28613.0,40836,Arlparra School,46.00503515229681,Combined,Government,Very Remote,School Single Entity,0,-22.087628,134.775047,40836,68613.0,28613.0,40836,0.0827832803218839,0.0827832803218839,No,No,No,No,,70901202,Illeuwurru - Inkawenyerre,709012,Urapuntja,709,Apatula,7,Northern Territory,1750.001,Within polygon,Matched,13,15,25,0,8,5,9,3,0,31,354,710,1.4,3.1,33.3,0,4,0,22,0,0,0,22,0.0,0.0,0.0,8,ABS 2021 Census Indigenous Profile,Indigenous Location (ILOC),2021
54,ININTI,"RED BANK BORE,REDBANK",Family Outstation,MACDONNELL,LURITJA PINTUBI,CENTRAL LAND COUNCIL,GWOJA,CENTRAL AUSTRALIA,,Not recorded,-23.16827,129.15249,https://bushtel.nt.gov.au/profile/54,Not listed,Not confirmed,,,,,,,,,,,,,26.647900987909345,4G/LTE + IoT,"IoT700, LTE700",2025,Telstra,872046,-23.27311,129.386987,,Y,Y,,,,,,,,,,,Y,REGIONAL CO-INVESTMENT: NT ISCA,1.0,268.65827251440066,3G/UMTS + 4G/LTE,"UMTS900, LTE700",2025,Optus,872146,-24.251,131.5116,,Y,,Y,,,,,,,,,,,,Y,Federal Mobile Black Spot Program (MBSP),2.0,1100.016610416178,4G/LTE,LTE850,2025,TPG,4825002,-20.73424,139.49366,,,Y,,,,,,,,,,,26.647900987909345,Telstra,312,Walungurru School,26.91160496834412,Combined,Government,Very Remote,School Single Entity,0,-23.27712,129.38771,50128,56577.0,16577.0,50128,Walungurru School,26.91160496834412,Combined,Government,Very Remote,School Single Entity,0,-23.27712,129.38771,50128,56577.0,16577.0,50128,0.2637039804347729,0.2637039804347729,No,No,No,No,,70901302,Walungurru Outstations,709013,Walungurru and Outstations,709,Apatula,7,Northern Territory,28754.6795,Within polygon,Matched,0,0,0,0,0,0,0,0,0,0,0,0,0.0,0.0,0.0,0,0,0,0,0,0,0,0,0.0,0.0,0.0,0,ABS 2021 Census Indigenous Profile,Indigenous Location (ILOC),2021
336,INJILATPARRI,"INJALAPARRA,INJALATPARRI,SOUTH GOULBURN",Family Outstation,WEST ARNHEM,BARRAH,NORTHERN LAND COUNCIL,ARAFURA,TOP END,,Not recorded,-11.61113,133.41363,https://bushtel.nt.gov.au/profile/336,Not listed,Not confirmed,,,,,,,,,,,,,5.174634632133405,4G/LTE + IoT,"IoT700, LTE700, LTE2600",2025,Telstra,822006,-11.64806,133.38472,,Y,Y,,,,Y,,,,,,,,,,103.30499626863416,3G/UMTS + 4G/LTE,"UMTS900, LTE700",2025,Optus,822106,-12.42654,132.95842,,Y,,Y,,,,,,,,,,,,Y,Federal Mobile Black Spot Program (MBSP),5.0,267.4265463900612,4G/LTE,"LTE850, LTE1800, LTE2100",2025,TPG,836002,-12.55419,131.15106,,,Y,Y,Y,,,,,,,,,5.174634632133405,Telstra,568,Warruwi School,4.817393191907561,Combined,Government,Very Remote,School Single Entity,0,-11.64742,133.38947,50129,47966.0,7966.0,50129,Warruwi School,4.817393191907561,Combined,Government,Very Remote,School Single Entity,0,-11.64742,133.38947,50129,47966.0,7966.0,50129,-0.3572414402258443,-0.3572414402258443,Yes,Yes,No,No,,70400401,Cobourg Peninsula - Demed Homelands,704004,North-West Arnhem,704,Jabiru - Tiwi,7,Northern Territory,23675.7318,Within polygon,Matched,145,127,279,27,57,40,102,44,3,27,239,1218,2.4,5.6,70.3,4,34,22,190,45,3,48,138,8.3,24.7,22.7,84,ABS 2021 Census Indigenous Profile,Indigenous Location (ILOC),2021
55,INJIRRAMURRI,"YINJIRMARDI,YINTJIRRIMARDI",Family Outstation,CENTRAL DESERT,SOUTHERN TANAMI,CENTRAL LAND COUNCIL,GWOJA,CENTRAL AUSTRALIA,,Not recorded,-22.46523,131.12911,https://bushtel.nt.gov.au/profile/55,Not listed,Not confirmed,,,,,,,,,,,,,62.83664173156264,4G/LTE + IoT,"IoT700, LTE700",2025,Telstra,872175,-22.65143,130.55136,,Y,Y,,,,,,,,,,,Y,Northern Territory Co-investment Northern Territory ISCA,,188.7181029291606,3G/UMTS + 4G/LTE,"UMTS900, LTE700",2025,Optus,872191,-23.5863,132.51367,,Y,,Y,,,,,,,,,,,,Y,Federal Mobile Black Spot Program (MBSP),5.0,885.7959853028012,4G/LTE,LTE850,2025,TPG,4825002,-20.73424,139.49366,,,Y,,,,,,,,,,,62.83664173156264,Telstra,72,Nyirripi School,62.64186336950767,Combined,Government,Very Remote,School Single Entity,0,-22.64994,130.55281,50112,56573.0,16573.0,50112,Nyirripi School,62.64186336950767,Combined,Government,Very Remote,School Single Entity,0,-22.64994,130.55281,50112,56573.0,16573.0,50112,-0.1947783620549756,-0.1947783620549756,Yes,Yes,Yes,Yes,Review,70901701,Yuendumu and Outstations,709017,Yuendumu and Outstations,709,Apatula,7,Northern Territory,22120.9495,Within polygon,Matched,312,303,617,62,138,99,171,110,33,25,254,1012,1.6,4.7,43.2,12,102,36,418,73,29,95,307,28.1,22.7,16.4,200,ABS 2021 Census Indigenous Profile,Indigenous Location (ILOC),2021
8,INJULKAMA,AMBURLA,Family Outstation,MACDONNELL,RODINGA,CENTRAL LAND COUNCIL,NAMATJIRA,CENTRAL AUSTRALIA,,Not recorded,-23.07626,133.10673,https://bushtel.nt.gov.au/profile/8,Not listed,Not confirmed,,,,,,,,,,,,,54.05330054481338,4G/LTE,LTE2600,2025,Telstra,872124,-22.64241,133.34469,,,,,,,Y,,,,,,,,,,53.87081603083922,3G/UMTS,UMTS900,2025,Optus,870011,-22.64468,133.34561,,Y,,,,,,,,,,,,,,,,,708.4087981704962,4G/LTE,LTE850,2025,TPG,4825002,-20.73424,139.49366,,,Y,,,,,,,,,,,53.87081603083922,Optus,110,Laramba School,70.2527680682789,Combined,Government,Very Remote,School Single Entity,0,-22.533,132.75683,50096,56560.0,16560.0,50096,Laramba School,70.2527680682789,Combined,Government,Very Remote,School Single Entity,0,-22.533,132.75683,50096,56560.0,16560.0,50096,16.381952037439675,16.381952037439675,No,No,Yes,Yes,Review,70901402,Ingkerreke Outstations,709014,West MacDonnell Ranges,709,Apatula,7,Northern Territory,9777.1413,Within polygon,Matched,106,82,189,20,24,23,62,45,11,32,341,762,1.2,2.9,16.1,6,15,3,141,14,4,14,92,23.5,12.3,9.4,44,ABS 2021 Census Indigenous Profile,Indigenous Location (ILOC),2021
726,INKAWENYERRE,"ANGAWANGERE,MORTONS,ROCKET RANGE",Family Outstation,BARKLY,ALYAWARR,CENTRAL LAND COUNCIL,BARKLY,BARKLY,43.0,Homelands Service Provider Report 2023,-21.82016,134.84707,https://bushtel.nt.gov.au/profile/726,Not listed,Not confirmed,,,,,,,,,,,,,30.54390382271285,4G/LTE + 5G/NR + IoT,"IoT700, LTE700, LTE850, NR850",2025,Telstra,872116,-22.086785,134.7758417,,Y,Y,Y,,,,,Y,,,,,,,,104.04144474103528,3G/UMTS,UMTS900,2025,Optus,872132,-21.53135,133.88937,,Y,,,,,,,,,,,,,,,,,496.34283034243634,4G/LTE,LTE850,2025,TPG,4825002,-20.73424,139.49366,,,Y,,,,,,,,,,,30.54390382271285,Telstra,269,Arlparra School,30.654648984651445,Combined,Government,Very Remote,School Single Entity,0,-22.087628,134.775047,40836,68613.0,28613.0,40836,Arlparra School,30.654648984651445,Combined,Government,Very Remote,School Single Entity,0,-22.087628,134.775047,40836,68613.0,28613.0,40836,0.1107451619385955,0.1107451619385955,No,No,No,No,,70901202,Illeuwurru - Inkawenyerre,709012,Urapuntja,709,Apatula,7,Northern Territory,1750.001,Within polygon,Matched,13,15,25,0,8,5,9,3,0,31,354,710,1.4,3.1,33.3,0,4,0,22,0,0,0,22,0.0,0.0,0.0,8,ABS 2021 Census Indigenous Profile,Indigenous Location (ILOC),2021
82,INKWELAYE,"INGKWELAYE,KURRAJONG BORE,NGKULAYA",Family Outstation,BARKLY,ALYAWARR,CENTRAL LAND COUNCIL,BARKLY,BARKLY,31.0,Homelands Service Provider Report 2023,-22.07951,134.83153,https://bushtel.nt.gov.au/profile/82,Yes,Confirmed,Primary name,INKWELAYE,0.0,INKWELAYE,COMMUNITY,30.0,,,YES,TELSTRA,-22.07951,134.83153,5.794737778592501,4G/LTE + 5G/NR + IoT,"IoT700, LTE700, LTE850, NR850",2025,Telstra,872116,-22.086785,134.7758417,,Y,Y,Y,,,,,Y,,,,,,,,114.78727193335192,3G/UMTS,UMTS900,2025,Optus,872132,-21.53135,133.88937,,Y,,,,,,,,,,,,,,,,,505.2594022267823,4G/LTE,LTE850,2025,TPG,4825002,-20.73424,139.49366,,,Y,,,,,,,,,,,5.794737778592501,Telstra,560,Arlparra School,5.889451007073547,Combined,Government,Very Remote,School Single Entity,0,-22.087628,134.775047,40836,68613.0,28613.0,40836,Arlparra School,5.889451007073547,Combined,Government,Very Remote,School Single Entity,0,-22.087628,134.775047,40836,68613.0,28613.0,40836,0.0947132284810461,0.0947132284810461,No,No,No,No,,70901204,Utopia - Arawerr - Arlparra,709012,Urapuntja,709,Apatula,7,Northern Territory,2624.214,Within polygon,Matched,159,209,372,30,92,60,108,59,22,25,373,1297,2.3,5.1,59.1,12,60,27,249,31,19,47,159,37.0,18.5,11.7,122,ABS 2021 Census Indigenous Profile,Indigenous Location (ILOC),2021
56,INTJARTNAMA,"COOK'S OUTSTATION,INTJARRTNAMA",Family Outstation,MACDONNELL,LJIRAPINTA,CENTRAL LAND COUNCIL,GWOJA,CENTRAL AUSTRALIA,16.0,Homelands Service Provider Report 2023,-24.06292,132.92056,https://bushtel.nt.gov.au/profile/56,Not listed,Not confirmed,,,,,,,,,,,,,18.28773907339768,4G/LTE + 5G/NR + IoT,"IoT700, LTE700, LTE850, NR850",2025,Telstra,872102,-24.12447,133.087629,,Y,Y,Y,,,,,Y,,,,,Y,Federal Mobile Black Spot Program (MBSP),1.0,18.35391898194328,3G/UMTS + 4G/LTE,"UMTS900, LTE700",2025,Optus,872189,-24.056241,132.739943,,Y,,Y,,,,,,,,,,,,Y,Federal Mobile Black Spot Program (MBSP),4.0,770.3086167153875,4G/LTE,LTE850,2025,TPG,4825002,-20.73424,139.49366,,,Y,,,,,,,,,,,18.28773907339768,Telstra,384,Wallace Rockhole School,18.013984488877636,Combined,Government,Very Remote,School Single Entity,0,-24.1233,133.085237,50127,56576.0,16576.0,50127,Wallace Rockhole School,18.013984488877636,Combined,Government,Very Remote,School Single Entity,0,-24.1233,133.085237,50127,56576.0,16576.0,50127,-0.2737545845200451,-0.2737545845200451,Yes,Yes,No,No,,70901403,Tjuwanpa Outstations,709014,West MacDonnell Ranges,709,Apatula,7,Northern Territory,15970.5215,Within polygon,Matched,90,98,188,21,38,31,60,36,8,27,352,1166,1.5,4.3,51.2,0,21,12,134,28,19,47,85,43.5,34.6,19.5,59,ABS 2021 Census Indigenous Profile,Indigenous Location (ILOC),2021
59,INYILINGI,"ANILTJIY,INYALINGA,INYILINGIE,INYILINGKI",Family Outstation,MACDONNELL,LURITJA PINTUBI,CENTRAL LAND COUNCIL,GWOJA,CENTRAL AUSTRALIA,,Not recorded,-23.24973,131.42488,https://bushtel.nt.gov.au/profile/59,Not listed,Not confirmed,,,,,,,,,,,,,15.076435225737226,4G/LTE + IoT,"IoT700, LTE700",2025,Telstra,872082,-23.25451,131.2774,,Y,Y,,,,,,,,,,,Y,Federal Mobile Black Spot Program (MBSP),1.0,111.68558312251189,3G/UMTS + 4G/LTE,"UMTS900, LTE700",2025,Optus,872146,-24.251,131.5116,,Y,,Y,,,,,,,,,,,,Y,Federal Mobile Black Spot Program (MBSP),2.0,877.5019086093473,4G/LTE,LTE850,2025,TPG,4825002,-20.73424,139.49366,,,Y,,,,,,,,,,,15.076435225737226,Telstra,424,Watiyawanu School,15.4721480376022,Combined,Government,Very Remote,School Single Entity,0,-23.266169,131.274489,50130,47906.0,7906.0,50130,Watiyawanu School,15.4721480376022,Combined,Government,Very Remote,School Single Entity,0,-23.266169,131.274489,50130,47906.0,7906.0,50130,0.3957128118649731,0.3957128118649731,No,No,No,No,,70900602,Mount Liebig and Outstations,709006,Haasts Bluff - Mount Liebig (Watiyawanu),709,Apatula,7,Northern Territory,699.4702,Within polygon,Matched,113,118,234,21,60,35,57,48,5,24,229,1359,2.0,6.2,60.0,4,44,13,152,30,3,32,113,6.3,20.8,19.5,81,ABS 2021 Census Indigenous Profile,Indigenous Location (ILOC),2021
771,IPALALA,No aliases recorded with NTG DIPL,Family Outstation,MACDONNELL,LJIRAPINTA,CENTRAL LAND COUNCIL,GWOJA,CENTRAL AUSTRALIA,3.0,Homelands Service Provider Report 2023,-23.92556,132.67808,https://bushtel.nt.gov.au/profile/771,Yes,Confirmed,Primary name,IPALALA,0.0,IPALALA,COMMUNITY,6.0,,,YES,TELSTRA,-23.92556,132.67808,10.202073923855512,4G/LTE + IoT,"IoT700, LTE700, LTE2600",2025,Telstra,872034,-23.94213,132.77681,,Y,Y,,,,Y,,,,,,,,,,15.831883600053358,3G/UMTS + 4G/LTE,"UMTS900, LTE700",2025,Optus,872189,-24.056241,132.739943,,Y,,Y,,,,,,,,,,,,Y,Federal Mobile Black Spot Program (MBSP),4.0,785.551066086386,4G/LTE,LTE850,2025,TPG,4825002,-20.73424,139.49366,,,Y,,,,,,,,,,,10.202073923855512,Telstra,495,Ntaria School,10.1362487102009,Combined,Government,Very Remote,School Single Entity,0,-23.94262,132.776051,50111,56572.0,16572.0,50111,Ntaria School,10.1362487102009,Combined,Government,Very Remote,School Single Entity,0,-23.94262,132.776051,50111,56572.0,16572.0,50111,-0.0658252136546106,-0.0658252136546106,Yes,Yes,No,No,,70901403,Tjuwanpa Outstations,709014,West MacDonnell Ranges,709,Apatula,7,Northern Territory,15970.5215,Within polygon,Matched,90,98,188,21,38,31,60,36,8,27,352,1166,1.5,4.3,51.2,0,21,12,134,28,19,47,85,43.5,34.6,19.5,59,ABS 2021 Census Indigenous Profile,Indigenous Location (ILOC),2021
60,IPOLERA,No aliases recorded with NTG DIPL,Family Outstation,MACDONNELL,LJIRAPINTA,CENTRAL LAND COUNCIL,GWOJA,CENTRAL AUSTRALIA,,Not recorded,-23.98862,132.37407,https://bushtel.nt.gov.au/profile/60,Not listed,Not confirmed,,,,,,,,,,,,,41.24724527873819,4G/LTE + IoT,"IoT700, LTE700, LTE2600",2025,Telstra,872034,-23.94213,132.77681,,Y,Y,,,,Y,,,,,,,,,,37.91263339506298,3G/UMTS + 4G/LTE,"UMTS900, LTE700",2025,Optus,872189,-24.056241,132.739943,,Y,,Y,,,,,,,,,,,,Y,Federal Mobile Black Spot Program (MBSP),4.0,816.4868780233612,4G/LTE,LTE850,2025,TPG,4825002,-20.73424,139.49366,,,Y,,,,,,,,,,,37.91263339506298,Optus,202,Areyonga School,14.17636945152356,Combined,Government,Very Remote,School Single Entity,0,-24.0737,132.27011,50078,47881.0,7881.0,50078,Areyonga School,14.17636945152356,Combined,Government,Very Remote,School Single Entity,0,-24.0737,132.27011,50078,47881.0,7881.0,50078,-23.736263943539424,-23.736263943539424,Yes,Yes,No,No,,70901403,Tjuwanpa Outstations,709014,West MacDonnell Ranges,709,Apatula,7,Northern Territory,15970.5215,Within polygon,Matched,90,98,188,21,38,31,60,36,8,27,352,1166,1.5,4.3,51.2,0,21,12,134,28,19,47,85,43.5,34.6,19.5,59,ABS 2021 Census Indigenous Profile,Indigenous Location (ILOC),2021
978,IRGUL POINT,URGUL,Family Outstation,WEST ARNHEM,BARRAH,NORTHERN LAND COUNCIL,ARAFURA,TOP END,14.0,Homelands Service Provider Report 2023,-11.34201,132.52876,https://bushtel.nt.gov.au/profile/978,Not listed,Not confirmed,,,,,,,,,,,,,22.14032823943028,4G/LTE + IoT,"IoT700, LTE700, LTE850",2025,Telstra,822032,-11.1479,132.57398,,Y,Y,Y,,,,,,,,,,Y,Federal Mobile Black Spot Program (MBSP),1.0,129.33942462633587,3G/UMTS + 4G/LTE,"UMTS900, LTE700",2025,Optus,822106,-12.42654,132.95842,,Y,,Y,,,,,,,,,,,,Y,Federal Mobile Black Spot Program (MBSP),5.0,201.56717967438564,4G/LTE,"LTE850, LTE1800, LTE2100",2025,TPG,836002,-12.55419,131.15106,,,Y,Y,Y,,,,,,,,,22.14032823943028,Telstra,351,Mamaruni School,22.164292617367348,Combined,Government,Very Remote,School Single Entity,0,-11.14856,132.57775,50098,47955.0,7955.0,50098,Mamaruni School,22.164292617367348,Combined,Government,Very Remote,School Single Entity,0,-11.14856,132.57775,50098,47955.0,7955.0,50098,0.0239643779370695,0.0239643779370695,No,No,No,No,,70400401,Cobourg Peninsula - Demed Homelands,704004,North-West Arnhem,704,Jabiru - Tiwi,7,Northern Territory,23675.7318,Within polygon,Matched,145,127,279,27,57,40,102,44,3,27,239,1218,2.4,5.6,70.3,4,34,22,190,45,3,48,138,8.3,24.7,22.7,84,ABS 2021 Census Indigenous Profile,Indigenous Location (ILOC),2021
826,IRON STONE,"IRONSTONE,WAGAIT,WHITE EAGLE",Family Outstation,UN-INCORPORATED (COX-DALY),Not recorded,NORTHERN LAND COUNCIL,DALY,TOP END,,Not recorded,-12.89499,130.43571,https://bushtel.nt.gov.au/profile/826,Not listed,Not confirmed,,,,,,,,,,,,,17.258959095826555,4G/LTE + IoT,"IoT700, LTE700, LTE2600",2025,Telstra,840003,-12.7588,130.35935,,Y,Y,,,,Y,,,,,,,,,,37.893081387484834,4G/LTE + IoT,"NBIoT700, LTE700, LTE900",2025,Optus,822093,-13.12293,130.69571,Y,,,Y,Y,,,,,,,,,,,Y,Federal Mobile Black Spot Program (MBSP),2.0,65.05714170296778,4G/LTE + 5G/NR,"LTE850, LTE1800, LTE2100, NR700",2025,TPG,800002,-12.4651,130.8425,,,Y,Y,Y,Y,,,,,,,,17.258959095826555,Telstra,396,Dundee Beach School,17.148746153955543,Combined,Government,Remote,School Single Entity,0,-12.7514,130.378,50087,56547.0,16547.0,50087,Dundee Beach School,17.148746153955543,Combined,Government,Remote,School Single Entity,0,-12.7514,130.378,50087,56547.0,16547.0,50087,-0.110212941871012,-0.110212941871012,Yes,Yes,No,No,,70300404,Cox - Finniss,703004,Cox - Finniss - Coomalie,703,Darwin,7,Northern Territory,6274.7088,Within polygon,Matched,59,72,132,3,21,10,26,48,27,48,414,974,1.0,2.6,13.6,0,9,11,108,33,10,43,64,23.3,40.6,31.1,24,ABS 2021 Census Indigenous Profile,Indigenous Location (ILOC),2021
703,IRRERLIRRE,"MACDONALD DOWNS,MOUNT SWAN,NO 5",Family Outstation,CENTRAL DESERT,AKITYARRE,CENTRAL LAND COUNCIL,NAMATJIRA,CENTRAL AUSTRALIA,40.0,Homelands Service Provider Report 2023,-22.8462,135.1345,https://bushtel.nt.gov.au/profile/703,Not listed,Not confirmed,,,,,,,,,,,,,24.72178778367029,4G/LTE + IoT,"IoT700, LTE700",2025,Telstra,872152,-22.97496,134.93773,,Y,Y,,,,,,,,,,,Y,REGIONAL CO-INVESTMENT: NT ISCA,1.0,81.79727936255921,3G/UMTS + 4G/LTE,"UMTS900, LTE700",2025,Optus,872188,-23.45604,134.68709,,Y,,Y,,,,,,,,,,,,Y,Federal Mobile Black Spot Program (MBSP),4.0,507.6195064235969,4G/LTE,LTE850,2025,TPG,4825002,-20.73424,139.49366,,,Y,,,,,,,,,,,24.72178778367029,Telstra,328,Harts Range School,25.730501905086484,Combined,Government,Very Remote,School Single Entity,0,-22.9844,134.933,50093,56551.0,16551.0,50093,Harts Range School,25.730501905086484,Combined,Government,Very Remote,School Single Entity,0,-22.9844,134.933,50093,56551.0,16551.0,50093,1.008714121416194,1.008714121416194,No,No,No,No,,70900502,Atitjere - Akarnenehe Outstations,709005,Atitjere - Akarnenehe - Engawala,709,Apatula,7,Northern Territory,67455.8399,Within polygon,Matched,68,60,126,10,26,26,32,21,4,24,277,762,1.3,3.8,29.6,0,23,5,89,14,10,22,63,37.5,26.4,16.5,36,ABS 2021 Census Indigenous Profile,Indigenous Location (ILOC),2021
921,IRRILTYERE (A),No aliases recorded with NTG DIPL,Family Outstation,MACDONNELL,RODINGA,CENTRAL LAND COUNCIL,NAMATJIRA,CENTRAL AUSTRALIA,9.0,Homelands Service Provider Report 2023,-23.75129,133.69467,https://bushtel.nt.gov.au/profile/921,Yes,Confirmed,Primary name,IRRILTYERE (A),0.0,IRRILTYERE (A),COMMUNITY,7.0,,,YES,OPTUS/TELSTRA,-23.75129,133.69467,12.274356347103952,4G/LTE + IoT,"IoT700, LTE700, LTE2600",2025,Telstra,873001,-23.74989,133.81526,,Y,Y,,,,Y,,,,,,,,,,16.054235747317396,4G/LTE + 5G/NR + IoT,"NBIoT700, LTE700, LTE900, LTE1800, LTE2100, LTE2600, NR700, NR900, NR2100",2025,Optus,870064,-23.69695,133.84078,Y,,,Y,Y,Y,Y,,Y,Y,Y,Y,,,,,,,684.5398587472066,4G/LTE,LTE850,2025,TPG,4825002,-20.73424,139.49366,,,Y,,,,,,,,,,,12.274356347103952,Telstra,466,Living Waters Lutheran School,15.156573470931,Primary,Independent,Remote,School Single Entity,0,-23.69766,133.83155,50151,46877.0,6877.0,50151,Araluen Christian College,16.763530057420166,Combined,Independent,Remote,School Single Entity,0,-23.70771,133.85232,40343,55336.0,15336.0,40343,4.489173710316214,2.882217123827049,No,No,No,No,,70900103,South MacDonnell Ranges,709001,Amoonguna - Santa Teresa - Titjikala,709,Apatula,7,Northern Territory,31517.5382,Within polygon,Matched,651,171,821,14,29,137,420,188,34,35,360,645,1.0,2.5,10.9,6,16,14,773,55,7,64,688,12.3,8.4,7.4,43,ABS 2021 Census Indigenous Profile,Indigenous Location (ILOC),2021
922,IRRILTYERE (B),No aliases recorded with NTG DIPL,Family Outstation,MACDONNELL,RODINGA,CENTRAL LAND COUNCIL,NAMATJIRA,CENTRAL AUSTRALIA,10.0,Homelands Service Provider Report 2023,-23.76105,133.68564,https://bushtel.nt.gov.au/profile/922,Yes,Confirmed,Primary name,IRRILTYERE (B),0.0,IRRILTYERE (B),COMMUNITY,8.0,,,YES,OPTUS/TELSTRA,-23.76105,133.68564,13.250164547221852,4G/LTE + IoT,"IoT700, LTE700, LTE2600",2025,Telstra,873001,-23.74989,133.81526,,Y,Y,,,,Y,,,,,,,,,,17.326359639331486,4G/LTE + 5G/NR + IoT,"NBIoT700, LTE700, LTE900, LTE1800, LTE2100, LTE2600, NR700, NR900, NR2100",2025,Optus,870064,-23.69695,133.84078,Y,,,Y,Y,Y,Y,,Y,Y,Y,Y,,,,,,,685.8629737753109,4G/LTE,LTE850,2025,TPG,4825002,-20.73424,139.49366,,,Y,,,,,,,,,,,13.250164547221852,Telstra,449,Living Waters Lutheran School,16.44047428260725,Primary,Independent,Remote,School Single Entity,0,-23.69766,133.83155,50151,46877.0,6877.0,50151,Araluen Christian College,17.973247149362212,Combined,Independent,Remote,School Single Entity,0,-23.70771,133.85232,40343,55336.0,15336.0,40343,4.7230826021403605,3.1903097353854,No,No,No,No,,70900103,South MacDonnell Ranges,709001,Amoonguna - Santa Teresa - Titjikala,709,Apatula,7,Northern Territory,31517.5382,Within polygon,Matched,651,171,821,14,29,137,420,188,34,35,360,645,1.0,2.5,10.9,6,16,14,773,55,7,64,688,12.3,8.4,7.4,43,ABS 2021 Census Indigenous Profile,Indigenous Location (ILOC),2021
853,IRRMARNE,"ERMARNE,OORRATIPPA",Family Outstation,BARKLY,ALPURRURULAM,CENTRAL LAND COUNCIL,BARKLY,BARKLY,,Not recorded,-21.65405,136.39475,https://bushtel.nt.gov.au/profile/853,Not listed,Not confirmed,,,,,,,,,,,,,112.12350238382582,4G/LTE + IoT,"IoT700, LTE700",2025,Telstra,872164,-21.16637,135.44675,,Y,Y,,,,,,,,,,,Y,REGIONAL CO-INVESTMENT: Small Cell Satellite,,176.8633670546759,3G/UMTS + 4G/LTE,"UMTS900, LTE700",2025,Optus,872161,-22.2742,137.97409,,Y,,Y,,,,,,,,,,,,Y,Federal Mobile Black Spot Program (MBSP),4.0,337.15387199781094,4G/LTE,LTE850,2025,TPG,4825002,-20.73424,139.49366,,,Y,,,,,,,,,,,112.12350238382582,Telstra,8,Ampilatwatja School,120.91382587053788,Combined,Government,Very Remote,School Single Entity,0,-21.65369,135.22478,50077,47903.0,7903.0,50077,Ampilatwatja School,120.91382587053788,Combined,Government,Very Remote,School Single Entity,0,-21.65369,135.22478,50077,47903.0,7903.0,50077,8.790323486712069,8.790323486712069,No,No,Yes,Yes,Review,70900201,Ampilatwatja and Outstations,709002,Ampilatwatja and Outstations,709,Apatula,7,Northern Territory,15124.1872,Within polygon,Matched,208,217,425,44,92,84,113,66,20,23,396,1485,2.1,6.1,69.2,9,69,34,286,39,6,47,219,13.6,15.3,13.2,136,ABS 2021 Census Indigenous Profile,Indigenous Location (ILOC),2021
24989,IRROWA,No aliases recorded with NTG DIPL,Family Outstation,MACDONNELL,IYARRKA,CENTRAL LAND COUNCIL,GWOJA,CENTRAL AUSTRALIA,9.0,Homelands Service Provider Report 2023,-24.62515,132.33103,https://bushtel.nt.gov.au/profile/24989,Not listed,Not confirmed,,,,,,,,,,,,,59.44465259220482,4G/LTE + IoT,"IoT700, LTE700",2025,Telstra,872181,-24.389032,131.803913,,Y,Y,,,,,,,,,,,Y,REGIONAL CO-INVESTMENT: Small Cell Satellite,,57.381690465987226,3G/UMTS + 4G/LTE,"UMTS900, LTE700",2025,Optus,872144,-24.4053,131.8179,,Y,,Y,,,,,,,,,,,,Y,Federal Mobile Black Spot Program (MBSP),2.0,852.5194929262454,4G/LTE,LTE850,2025,TPG,4825002,-20.73424,139.49366,,,Y,,,,,,,,,,,57.381690465987226,Optus,95,Nyangatjatjara College - Imanpa Primary Campus,61.10211295832941,Primary,Independent,Very Remote,School Sub-Campus,0,-25.1289463566993,132.572889164417,53361,56553.0,14570.0,50160,Nyangatjatjara College - Imanpa Secondary Campus,61.06992395548359,Secondary,Independent,Very Remote,School Sub-Campus,0,-25.129449,132.570809,40901,77300.0,14570.0,50160,3.688233489496362,3.720422492342181,No,No,Yes,Yes,Review,70900802,Kaltukatjara Outstations,709008,Kaltukatjara and Outstations,709,Apatula,7,Northern Territory,87474.9608,Within polygon,Matched,28,34,60,8,7,8,17,16,3,29,295,966,1.7,3.7,40.0,0,5,6,46,14,5,12,35,14.3,29.8,25.5,15,ABS 2021 Census Indigenous Profile,Indigenous Location (ILOC),2021
935,ITCHY KOO PARK,TYWENPE (E),Family Outstation,MACDONNELL,RODINGA,CENTRAL LAND COUNCIL,NAMATJIRA,CENTRAL AUSTRALIA,52.0,Homelands Service Provider Report 2023,-23.76667,133.65816,https://bushtel.nt.gov.au/profile/935,Yes,Confirmed,Primary name,ITCHY KOO PARK,0.0,ITCHY KOO PARK,COMMUNITY,36.0,,,YES,OPTUS/TELSTRA,-23.76667,133.65816,16.096832237249302,4G/LTE + IoT,"IoT700, LTE700, LTE2600",2025,Telstra,873001,-23.74989,133.81526,,Y,Y,,,,Y,,,,,,,,,,20.1411076726228,4G/LTE + 5G/NR + IoT,"NBIoT700, LTE700, LTE900, LTE1800, LTE2100, LTE2600, NR700, NR900, NR2100",2025,Optus,870064,-23.69695,133.84078,Y,,,Y,Y,Y,Y,,Y,Y,Y,Y,,,,,,,688.6226322325487,4G/LTE,LTE850,2025,TPG,4825002,-20.73424,139.49366,,,Y,,,,,,,,,,,16.096832237249302,Telstra,409,Living Waters Lutheran School,19.2456870988436,Primary,Independent,Remote,School Single Entity,0,-23.69766,133.83155,50151,46877.0,6877.0,50151,Araluen Christian College,20.82223211951305,Combined,Independent,Remote,School Single Entity,0,-23.70771,133.85232,40343,55336.0,15336.0,40343,4.725399882263748,3.1488548615942946,No,No,No,No,,70900103,South MacDonnell Ranges,709001,Amoonguna - Santa Teresa - Titjikala,709,Apatula,7,Northern Territory,31517.5382,Within polygon,Matched,651,171,821,14,29,137,420,188,34,35,360,645,1.0,2.5,10.9,6,16,14,773,55,7,64,688,12.3,8.4,7.4,43,ABS 2021 Census Indigenous Profile,Indigenous Location (ILOC),2021
923,ITEYEPINTYE,No aliases recorded with NTG DIPL,Family Outstation,MACDONNELL,RODINGA,CENTRAL LAND COUNCIL,NAMATJIRA,CENTRAL AUSTRALIA,25.0,Homelands Service Provider Report 2023,-23.76466,133.59994,https://bushtel.nt.gov.au/profile/923,Yes,Confirmed,Primary name,ITEYEPINTYE,0.0,ITEYEPINTYE,COMMUNITY,21.0,,,YES,TELSTRA,-23.76466,133.59994,14.04863149709667,4G/LTE + IoT,"IoT700, LTE700",2025,Telstra,872167,-23.7218,133.4701,,Y,Y,,,,,,,,,,,Y,REGIONAL CO-INVESTMENT: Small Cell Satellite,,25.645918713343608,4G/LTE + 5G/NR + IoT,"NBIoT700, LTE700, LTE900, LTE1800, LTE2100, LTE2600, NR700, NR900, NR2100",2025,Optus,870064,-23.69695,133.84078,Y,,,Y,Y,Y,Y,,Y,Y,Y,Y,,,,,,,693.7465395297313,4G/LTE,LTE850,2025,TPG,4825002,-20.73424,139.49366,,,Y,,,,,,,,,,,14.04863149709667,Telstra,439,Living Waters Lutheran School,24.72534228370291,Primary,Independent,Remote,School Single Entity,0,-23.69766,133.83155,50151,46877.0,6877.0,50151,Araluen Christian College,26.458475759632847,Combined,Independent,Remote,School Single Entity,0,-23.70771,133.85232,40343,55336.0,15336.0,40343,12.409844262536176,10.67671078660624,No,No,No,No,,70900103,South MacDonnell Ranges,709001,Amoonguna - Santa Teresa - Titjikala,709,Apatula,7,Northern Territory,31517.5382,Within polygon,Matched,651,171,821,14,29,137,420,188,34,35,360,645,1.0,2.5,10.9,6,16,14,773,55,7,64,688,12.3,8.4,7.4,43,ABS 2021 Census Indigenous Profile,Indigenous Location (ILOC),2021
924,ITPERLYENGE,No aliases recorded with NTG DIPL,Family Outstation,MACDONNELL,RODINGA,CENTRAL LAND COUNCIL,NAMATJIRA,CENTRAL AUSTRALIA,23.0,Homelands Service Provider Report 2023,-23.76361,133.61103,https://bushtel.nt.gov.au/profile/924,Yes,Confirmed,Primary name,ITPERLYENGE,0.0,ITPERLYENGE,COMMUNITY,11.0,,,YES,TELSTRA,-23.76361,133.61103,15.078974659407208,4G/LTE + IoT,"IoT700, LTE700",2025,Telstra,872167,-23.7218,133.4701,,Y,Y,,,,,,,,,,,Y,REGIONAL CO-INVESTMENT: Small Cell Satellite,,24.53357492794806,4G/LTE + 5G/NR + IoT,"NBIoT700, LTE700, LTE900, LTE1800, LTE2100, LTE2600, NR700, NR900, NR2100",2025,Optus,870064,-23.69695,133.84078,Y,,,Y,Y,Y,Y,,Y,Y,Y,Y,,,,,,,692.6947316735386,4G/LTE,LTE850,2025,TPG,4825002,-20.73424,139.49366,,,Y,,,,,,,,,,,15.078974659407208,Telstra,423,Living Waters Lutheran School,23.61493937267136,Primary,Independent,Remote,School Single Entity,0,-23.69766,133.83155,50151,46877.0,6877.0,50151,Araluen Christian College,25.33508294625512,Combined,Independent,Remote,School Single Entity,0,-23.70771,133.85232,40343,55336.0,15336.0,40343,10.256108286847908,8.535964713264153,No,No,No,No,,70900103,South MacDonnell Ranges,709001,Amoonguna - Santa Teresa - Titjikala,709,Apatula,7,Northern Territory,31517.5382,Within polygon,Matched,651,171,821,14,29,137,420,188,34,35,360,645,1.0,2.5,10.9,6,16,14,773,55,7,64,688,12.3,8.4,7.4,43,ABS 2021 Census Indigenous Profile,Indigenous Location (ILOC),2021
727,IYLENTYE,"IYIYINTJA,MOSQUITO BORE,PMARA LLINTJA",Family Outstation,BARKLY,ALYAWARR,CENTRAL LAND COUNCIL,BARKLY,BARKLY,33.0,Homelands Service Provider Report 2023,-21.98676,134.72667,https://bushtel.nt.gov.au/profile/727,Not listed,Not confirmed,,,,,,,,,,,,,12.222600062013454,4G/LTE + 5G/NR + IoT,"IoT700, LTE700, LTE850, NR850",2025,Telstra,872116,-22.086785,134.7758417,,Y,Y,Y,,,,,Y,,,,,,,,100.20651273768706,3G/UMTS,UMTS900,2025,Optus,872132,-21.53135,133.88937,,Y,,,,,,,,,,,,,,,,,512.8925935946176,4G/LTE,LTE850,2025,TPG,4825002,-20.73424,139.49366,,,Y,,,,,,,,,,,12.222600062013454,Telstra,468,Arlparra School,12.274451836956173,Combined,Government,Very Remote,School Single Entity,0,-22.087628,134.775047,40836,68613.0,28613.0,40836,Arlparra School,12.274451836956173,Combined,Government,Very Remote,School Single Entity,0,-22.087628,134.775047,40836,68613.0,28613.0,40836,0.0518517749427172,0.0518517749427172,No,No,No,No,,70901204,Utopia - Arawerr - Arlparra,709012,Urapuntja,709,Apatula,7,Northern Territory,2624.214,Within polygon,Matched,159,209,372,30,92,60,108,59,22,25,373,1297,2.3,5.1,59.1,12,60,27,249,31,19,47,159,37.0,18.5,11.7,122,ABS 2021 Census Indigenous Profile,Indigenous Location (ILOC),2021
704,JANGIRULU,"JANGIRURLU,JANGULURI JANGIRURLY,POWELL CREEK",Family Outstation,BARKLY,KUWARRANGU,NORTHERN LAND COUNCIL,BARKLY,BARKLY,,Not recorded,-18.12561,133.61111,https://bushtel.nt.gov.au/profile/704,Not listed,Not confirmed,,,,,,,,,,,,,63.840253744671614,4G/LTE + IoT,"IoT700, LTE700",2025,Telstra,862001,-17.555,133.54444,,Y,Y,,,,,,,,,,,,,,28.961049599229696,3G/UMTS,UMTS900,2025,Optus,862040,-18.318584,133.795264,,Y,,,,,,,,,,,,,,,,,667.2100415768089,4G/LTE,"LTE850, LTE1800, LTE2100",2025,TPG,836004,-12.613261,131.151729,,,Y,Y,Y,,,,,,,,,28.961049599229696,Optus,291,Elliott School,63.860783580834365,Combined,Government,Very Remote,School Single Entity,0,-17.5553,133.54,50088,46826.0,6826.0,50088,Elliott School,63.860783580834365,Combined,Government,Very Remote,School Single Entity,0,-17.5553,133.54,50088,46826.0,6826.0,50088,34.89973398160467,34.89973398160467,No,No,Yes,No,,70700302,Elliott Surrounds - Outstations,707003,Barkly,707,Tennant Creek,7,Northern Territory,115005.6995,Within polygon,Matched,47,43,91,10,21,14,30,17,0,25,350,1542,1.1,3.6,16.0,0,17,9,61,21,0,27,38,8.0,40.3,37.1,31,ABS 2021 Census Indigenous Profile,Indigenous Location (ILOC),2021
234,JARRA JARRA,No aliases recorded with NTG DIPL,Family Outstation,BARKLY,ALYAWARR,CENTRAL LAND COUNCIL,BARKLY,BARKLY,,Not recorded,-20.84765,133.22064,https://bushtel.nt.gov.au/profile/234,Not listed,Not confirmed,,,,,,,,,,,,,76.72037992775675,4G/LTE + IoT,"IoT700, LTE700",2025,Telstra,872176,-21.24644,132.61735,,Y,Y,,,,,,,,,,,Y,Northern Territory Co-investment Northern Territory ISCA,,102.8907324116573,3G/UMTS,UMTS900,2025,Optus,872132,-21.53135,133.88937,,Y,,,,,,,,,,,,,,,,,652.1878205509032,4G/LTE,LTE850,2025,TPG,4825002,-20.73424,139.49366,,,Y,,,,,,,,,,,76.72037992775675,Telstra,47,Willowra School,76.70217482704997,Combined,Government,Very Remote,School Single Entity,0,-21.244506,132.616106,50131,47899.0,7899.0,50131,Willowra School,76.70217482704997,Combined,Government,Very Remote,School Single Entity,0,-21.244506,132.616106,50131,47899.0,7899.0,50131,-0.0182051007067798,-0.0182051007067798,Yes,Yes,Yes,Yes,Review,70700304,Julalikari - Outstations,707003,Barkly,707,Tennant Creek,7,Northern Territory,107784.4629,Within polygon,Matched,67,66,137,15,28,18,41,25,8,27,369,1020,1.4,4.2,31.0,4,26,10,90,13,20,34,41,60.0,39.8,15.9,43,ABS 2021 Census Indigenous Profile,Indigenous Location (ILOC),2021
966,JARRAMAGORNDARRA,JARRAMONGORNDARRA,Family Outstation,WEST ARNHEM,MANINGRIDA,NORTHERN LAND COUNCIL,ARAFURA,TOP END,,Not recorded,-12.29072,134.65311,https://bushtel.nt.gov.au/profile/966,Not listed,Not confirmed,,,,,,,,,,,,,29.981888645601263,4G/LTE + 5G/NR + IoT,"IoT700, LTE700, LTE850, LTE2600, NR850, NR2600",2025,Telstra,822003,-12.32833,134.92639,,Y,Y,Y,,,Y,,Y,,Y,,,Y,REGIONAL CO-INVESTMENT: RCP - TX Upgrade,1.0,184.69260987085025,3G/UMTS + 4G/LTE,"UMTS900, LTE700",2025,Optus,822106,-12.42654,132.95842,,Y,,Y,,,,,,,,,,,,Y,Federal Mobile Black Spot Program (MBSP),5.0,381.4175349415855,4G/LTE,"LTE850, LTE1800, LTE2100",2025,TPG,836002,-12.55419,131.15106,,,Y,Y,Y,,,,,,,,,29.981888645601263,Telstra,275,Ramingining School,29.93142677565987,Combined,Government,Very Remote,School Single Entity,0,-12.32641,134.92619,50065,47963.0,7963.0,50065,Ramingining School,29.93142677565987,Combined,Government,Very Remote,School Single Entity,0,-12.32641,134.92619,50065,47963.0,7963.0,50065,-0.0504618699413939,-0.0504618699413939,Yes,Yes,No,No,,70400302,Maningrida Outstations,704003,Maningrida and Outstations,704,Jabiru - Tiwi,7,Northern Territory,9758.0375,Within polygon,Matched,170,195,366,23,65,77,131,58,11,26,207,900,2.1,5.9,72.3,4,34,42,283,10,22,35,226,60.6,11.8,4.6,88,ABS 2021 Census Indigenous Profile,Indigenous Location (ILOC),2021
824,JEMELKE,BARROW CREEK,Family Outstation,BARKLY,ALYAWARR,CENTRAL LAND COUNCIL,BARKLY,BARKLY,10.0,Homelands Service Provider Report 2023,-21.53389,133.87473,https://bushtel.nt.gov.au/profile/824,Yes,Confirmed,Primary name,JEMELKE,0.0,JEMELKE,COMMUNITY,8.0,,,YES,OPTUS/TELSTRA,-21.53389,133.87473,1.6024758228152574,4G/LTE + 5G/NR + IoT,"IoT700, LTE700, LTE850, NR850",2025,Telstra,872120,-21.531213,133.889953,,Y,Y,Y,,,,,Y,,,,,,,,1.5403970586497329,3G/UMTS,UMTS900,2025,Optus,872132,-21.53135,133.88937,,Y,,,,,,,,,,,,,,,,,589.4805591213375,4G/LTE,LTE850,2025,TPG,4825002,-20.73424,139.49366,,,Y,,,,,,,,,,,1.5403970586497329,Optus,616,Neutral Junction School,12.580946295658022,Combined,Government,Very Remote,School Single Entity,0,-21.515756,133.994783,50108,47907.0,7907.0,50108,Neutral Junction School,12.580946295658022,Combined,Government,Very Remote,School Single Entity,0,-21.515756,133.994783,50108,47907.0,7907.0,50108,11.040549237008287,11.040549237008287,No,No,No,No,,70700304,Julalikari - Outstations,707003,Barkly,707,Tennant Creek,7,Northern Territory,107784.4629,Within polygon,Matched,67,66,137,15,28,18,41,25,8,27,369,1020,1.4,4.2,31.0,4,26,10,90,13,20,34,41,60.0,39.8,15.9,43,ABS 2021 Census Indigenous Profile,Indigenous Location (ILOC),2021
338,JI-BALBAL,"BAMBOO CREEK,JIBALBAL",Family Outstation,WEST ARNHEM,MANINGRIDA,NORTHERN LAND COUNCIL,ARAFURA,TOP END,12.0,Homelands Service Provider Report 2023,-12.29755,134.61989,https://bushtel.nt.gov.au/profile/338,Not listed,Not confirmed,,,,,,,,,,,,,33.47277184959164,4G/LTE + 5G/NR + IoT,"IoT700, LTE700, LTE850, LTE2600, NR850, NR2600",2025,Telstra,822003,-12.32833,134.92639,,Y,Y,Y,,,Y,,Y,,Y,,,Y,REGIONAL CO-INVESTMENT: RCP - TX Upgrade,1.0,181.03255210676377,3G/UMTS + 4G/LTE,"UMTS900, LTE700",2025,Optus,822106,-12.42654,132.95842,,Y,,Y,,,,,,,,,,,,Y,Federal Mobile Black Spot Program (MBSP),5.0,377.7579105733077,4G/LTE,"LTE850, LTE1800, LTE2100",2025,TPG,836002,-12.55419,131.15106,,,Y,Y,Y,,,,,,,,,33.47277184959164,Telstra,239,Ramingining School,33.4301102379656,Combined,Government,Very Remote,School Single Entity,0,-12.32641,134.92619,50065,47963.0,7963.0,50065,Ramingining School,33.4301102379656,Combined,Government,Very Remote,School Single Entity,0,-12.32641,134.92619,50065,47963.0,7963.0,50065,-0.0426616116260376,-0.0426616116260376,Yes,Yes,No,No,,70400302,Maningrida Outstations,704003,Maningrida and Outstations,704,Jabiru - Tiwi,7,Northern Territory,9758.0375,Within polygon,Matched,170,195,366,23,65,77,131,58,11,26,207,900,2.1,5.9,72.3,4,34,42,283,10,22,35,226,60.6,11.8,4.6,88,ABS 2021 Census Indigenous Profile,Indigenous Location (ILOC),2021
311,JI-BENA,DJEBENNA,Family Outstation,WEST ARNHEM,MANINGRIDA,NORTHERN LAND COUNCIL,ARAFURA,TOP END,29.0,Homelands Service Provider Report 2023,-12.14418,134.5264,https://bushtel.nt.gov.au/profile/311,Not listed,Not confirmed,,,,,,,,,,,,,33.612192917406944,4G/LTE + 5G/NR + IoT,"IoT700, LTE700, LTE850, LTE1800, LTE2100, LTE2600, NR850, NR2600",2025,Telstra,822008,-12.05532,134.23091,,Y,Y,Y,Y,Y,Y,,Y,,Y,,,Y,REGIONAL CO-INVESTMENT: RCP - TX Upgrade,1.0,173.2276410354952,3G/UMTS + 4G/LTE,"UMTS900, LTE700",2025,Optus,822106,-12.42654,132.95842,,Y,,Y,,,,,,,,,,,,Y,Federal Mobile Black Spot Program (MBSP),5.0,369.4575906285692,4G/LTE,"LTE850, LTE1800, LTE2100",2025,TPG,836002,-12.55419,131.15106,,,Y,Y,Y,,,,,,,,,33.612192917406944,Telstra,237,Maningrida College,34.561827493506726,Combined,Government,Very Remote,School Single Entity,0,-12.05041,134.22333,50061,47956.0,7956.0,50061,Maningrida College,34.561827493506726,Combined,Government,Very Remote,School Single Entity,0,-12.05041,134.22333,50061,47956.0,7956.0,50061,0.9496345760997826,0.9496345760997826,No,No,No,No,,70400302,Maningrida Outstations,704003,Maningrida and Outstations,704,Jabiru - Tiwi,7,Northern Territory,9758.0375,Within polygon,Matched,170,195,366,23,65,77,131,58,11,26,207,900,2.1,5.9,72.3,4,34,42,283,10,22,35,226,60.6,11.8,4.6,88,ABS 2021 Census Indigenous Profile,Indigenous Location (ILOC),2021
793,JI-MALAWA,"DJIMALAWA,JI-MALOWA,JIMALAWA",Family Outstation,WEST ARNHEM,MANINGRIDA,NORTHERN LAND COUNCIL,ARAFURA,TOP END,50.0,Homelands Service Provider Report 2023,-12.12168,134.67334,https://bushtel.nt.gov.au/profile/793,Not listed,Not confirmed,,,,,,,,,,,,,25.697236892941348,4G/LTE + IoT,"IoT700, LTE700",2025,Telstra,822010,-12.12233,134.90971,,Y,Y,,,,,,,,,,,,,,189.3897306596021,3G/UMTS + 4G/LTE,"UMTS900, LTE700",2025,Optus,822106,-12.42654,132.95842,,Y,,Y,,,,,,,,,,,,Y,Federal Mobile Black Spot Program (MBSP),5.0,385.6214794775638,4G/LTE,"LTE850, LTE1800, LTE2100",2025,TPG,836002,-12.55419,131.15106,,,Y,Y,Y,,,,,,,,,25.697236892941348,Telstra,320,Milingimbi School,26.915908384407818,Combined,Government,Very Remote,School Single Entity,0,-12.1021,134.9201,50062,46732.0,6732.0,50062,Milingimbi School,26.915908384407818,Combined,Government,Very Remote,School Single Entity,0,-12.1021,134.9201,50062,46732.0,6732.0,50062,1.2186714914664698,1.2186714914664698,No,No,No,No,,70400302,Maningrida Outstations,704003,Maningrida and Outstations,704,Jabiru - Tiwi,7,Northern Territory,9758.0375,Within polygon,Matched,170,195,366,23,65,77,131,58,11,26,207,900,2.1,5.9,72.3,4,34,42,283,10,22,35,226,60.6,11.8,4.6,88,ABS 2021 Census Indigenous Profile,Indigenous Location (ILOC),2021
340,JI-MARDA,"DJIMARDA,JIMARDA",Family Outstation,WEST ARNHEM,MANINGRIDA,NORTHERN LAND COUNCIL,ARAFURA,TOP END,55.0,Homelands Service Provider Report 2023,-12.05613,134.61501,https://bushtel.nt.gov.au/profile/340,Not listed,Not confirmed,,,,,,,,,,,,,32.87711551116008,4G/LTE + IoT,"IoT700, LTE700",2025,Telstra,822010,-12.12233,134.90971,,Y,Y,,,,,,,,,,,,,,184.66758595008488,3G/UMTS + 4G/LTE,"UMTS900, LTE700",2025,Optus,822106,-12.42654,132.95842,,Y,,Y,,,,,,,,,,,,Y,Federal Mobile Black Spot Program (MBSP),5.0,380.37473568191206,4G/LTE,"LTE850, LTE1800, LTE2100",2025,TPG,836002,-12.55419,131.15106,,,Y,Y,Y,,,,,,,,,32.87711551116008,Telstra,247,Milingimbi School,33.564913330316145,Combined,Government,Very Remote,School Single Entity,0,-12.1021,134.9201,50062,46732.0,6732.0,50062,Milingimbi School,33.564913330316145,Combined,Government,Very Remote,School Single Entity,0,-12.1021,134.9201,50062,46732.0,6732.0,50062,0.6877978191560672,0.6877978191560672,No,No,No,No,,70400302,Maningrida Outstations,704003,Maningrida and Outstations,704,Jabiru - Tiwi,7,Northern Territory,9758.0375,Within polygon,Matched,170,195,366,23,65,77,131,58,11,26,207,900,2.1,5.9,72.3,4,34,42,283,10,22,35,226,60.6,11.8,4.6,88,ABS 2021 Census Indigenous Profile,Indigenous Location (ILOC),2021
261,JILUNDARINA,"JURLINDARRI,SEIGAL CREEK,SIEGAL CREEK,SIEGEL CREEK",Family Outstation,BARKLY,KUWARRANGU,NORTHERN LAND COUNCIL,BARKLY,BARKLY,,Not recorded,-17.60557,137.57665,https://bushtel.nt.gov.au/profile/261,Not listed,Not confirmed,,,,,,,,,,,,,58.83905118041167,4G/LTE + IoT,"IoT700, LTE700",2025,Telstra,862044,-17.21123,137.94643,,Y,Y,,,,,,,,,,,Y,REGIONAL CO-INVESTMENT: Small Cell Satellite,,157.25869294573113,3G/UMTS,UMTS900,2025,Optus,4825035,-18.69084,138.53096,,Y,,,,,,,,,,,,,,Y,Federal Mobile Black Spot Program (MBSP),2.0,401.93757638216624,4G/LTE,LTE850,2025,TPG,4825002,-20.73424,139.49366,,,Y,,,,,,,,,,,58.83905118041167,Telstra,89,Robinson River School,113.36026814206484,Combined,Government,Very Remote,School Single Entity,0,-16.7597,136.981,50118,56541.0,16541.0,50118,Robinson River School,113.36026814206484,Combined,Government,Very Remote,School Single Entity,0,-16.7597,136.981,50118,56541.0,16541.0,50118,54.52121696165318,54.52121696165318,No,No,Yes,Yes,Review,70700301,Barkly Tablelands - Outstations,707003,Barkly,707,Tennant Creek,7,Northern Territory,79907.8275,Within polygon,Matched,45,19,64,7,12,5,13,17,6,28,725,924,1.3,3.4,12.5,3,7,7,44,18,0,23,18,4.3,56.1,53.7,19,ABS 2021 Census Indigenous Profile,Indigenous Location (ILOC),2021
989,JIMILAYA,BLACK CRAGGY ISLAND,Family Outstation,ROPER GULF,SOUTH WEST GULF,NORTHERN LAND COUNCIL,BARKLY,BIG RIVERS,,Not recorded,-15.6082,136.67192,https://bushtel.nt.gov.au/profile/989,Not listed,Not confirmed,,,,,,,,,,,,,63.12195548195752,4G/LTE + IoT,"IoT700, LTE700, LTE1800, LTE2100, LTE2600",2025,Telstra,854001,-16.05361,136.30611,,Y,Y,,Y,Y,Y,,,,,,,,,,156.49392438480857,3G/UMTS,UMTS900,2025,Optus,852089,-16.6834,135.7265,,Y,,,,,,,,,,,,,,Y,Federal Mobile Black Spot Program (MBSP),2.0,643.1811055614309,4G/LTE,LTE850,2025,TPG,4825002,-20.73424,139.49366,,,Y,,,,,,,,,,,63.12195548195752,Telstra,70,Borroloola School,63.4978974129547,Combined,Government,Very Remote,School Single Entity,0,-16.0582,136.30649,50056,47921.0,7921.0,50056,Borroloola School,63.4978974129547,Combined,Government,Very Remote,School Single Entity,0,-16.0582,136.30649,50056,47921.0,7921.0,50056,0.375941930997179,0.375941930997179,No,No,Yes,Yes,Review,70500401,Mabunji - Mungoorbada Outstations,705004,Gulf,705,Katherine,7,Northern Territory,55041.1368,Within polygon,Matched,62,43,104,7,17,23,30,21,8,30,407,916,1.9,3.6,48.1,4,12,3,79,23,9,28,52,22.2,34.6,26.9,24,ABS 2021 Census Indigenous Profile,Indigenous Location (ILOC),2021
235,JINGALOO,BEETALOO,Family Outstation,BARKLY,KUWARRANGU,NORTHERN LAND COUNCIL,BARKLY,BARKLY,,Not recorded,-17.11311,133.61433,https://bushtel.nt.gov.au/profile/235,Not listed,Not confirmed,,,,,,,,,,,,,22.14494508088652,4G/LTE,LTE700,2025,Telstra,852084,-17.06557,133.412,,,Y,,,,,,,,,,,,,,49.733012324305214,3G/UMTS,UMTS900,2025,Optus,862042,-17.55584,133.54782,,Y,,,,,,,,,,,,,,,,,566.0084267176837,4G/LTE,"LTE850, LTE1800, LTE2100",2025,TPG,836004,-12.613261,131.151729,,,Y,Y,Y,,,,,,,,,22.14494508088652,Telstra,350,Newcastle Waters School,36.092155552616056,Combined,Government,Very Remote,School Single Entity,0,-17.37253,133.41007,50109,47916.0,7916.0,50109,Newcastle Waters School,36.092155552616056,Combined,Government,Very Remote,School Single Entity,0,-17.37253,133.41007,50109,47916.0,7916.0,50109,13.947210471729536,13.947210471729536,No,No,No,No,,70700302,Elliott Surrounds - Outstations,707003,Barkly,707,Tennant Creek,7,Northern Territory,115005.6995,Within polygon,Matched,47,43,91,10,21,14,30,17,0,25,350,1542,1.1,3.6,16.0,0,17,9,61,21,0,27,38,8.0,40.3,37.1,31,ABS 2021 Census Indigenous Profile,Indigenous Location (ILOC),2021
646,JIWARANPA,"JIWAN,JWARNPA,KAMARA,KAMIRA,TALBOT WELL",Family Outstation,CENTRAL DESERT,NORTHERN TANAMI,CENTRAL LAND COUNCIL,GWOJA,CENTRAL AUSTRALIA,,Not recorded,-19.55541,129.92674,https://bushtel.nt.gov.au/profile/646,Not listed,Not confirmed,,,,,,,,,,,,,107.7333622363613,4G/LTE + IoT,"IoT700, LTE700, LTE2600",2025,Telstra,872170,-20.52398,129.95232,,Y,Y,,,,Y,,,,,,,,,,237.4503079243092,3G/UMTS + 4G/LTE,"UMTS900, LTE700",2025,Optus,6770029,-19.55522,127.66057,,Y,,Y,,,,,,,,,,,,Y,Federal Mobile Black Spot Program (MBSP),2.0,782.9328080200003,4G/LTE,"LTE850, LTE1800, LTE2100",2025,TPG,836004,-12.613261,131.151729,,,Y,Y,Y,,,,,,,,,107.7333622363613,Telstra,13,Lajamanu School,154.72149794591746,Combined,Government,Very Remote,School Single Entity,0,-18.3353,130.633981,50060,44761.0,4761.0,50060,Lajamanu School,154.72149794591746,Combined,Government,Very Remote,School Single Entity,0,-18.3353,130.633981,50060,44761.0,4761.0,50060,46.98813570955616,46.98813570955616,No,No,Yes,Yes,Review,70901002,Tanami Outstations,709010,Nyirripi and Tanami Outstations,709,Apatula,7,Northern Territory,142011.3404,Within polygon,Matched,13,16,30,0,0,3,15,5,3,41,1312,2250,1.4,5.0,50.0,0,0,0,30,20,0,20,3,0.0,70.4,70.4,0,ABS 2021 Census Indigenous Profile,Indigenous Location (ILOC),2021
598,JODETLUK,"GORGE CAMP,KATHERINE TOWN CAMP,MAUDE CREEK CAMP",Family Outstation,ROPER GULF,NYIRRANGGULUNG,NORTHERN LAND COUNCIL,KATHERINE,BIG RIVERS,21.0,Homelands Service Provider Report 2023,-14.36,132.43333,https://bushtel.nt.gov.au/profile/598,Not listed,Not confirmed,,,,,,,,,,,,,4.192105769066512,4G/LTE + IoT,"IoT700, LTE700, LTE850",2025,Telstra,850008,-14.32556,132.4175,,Y,Y,Y,,,,,,,,,,,,,17.686207222243993,4G/LTE + 5G/NR + IoT,"NBIoT700, LTE700, LTE900, LTE1800, LTE2100, LTE2600, NR700, NR900, NR2100",2025,Optus,850003,-14.44632,132.2954,Y,,,Y,Y,Y,Y,,Y,Y,Y,Y,,,,,,,238.593567783357,4G/LTE,"LTE850, LTE1800, LTE2100",2025,TPG,836004,-12.613261,131.151729,,,Y,Y,Y,,,,,,,,,4.192105769066512,Telstra,578,Casuarina Street Primary School,18.874977500348905,Primary,Government,Remote,School Single Entity,0,-14.466,132.29644,50017,56543.0,16543.0,50017,Katherine High School,19.85643812157741,Secondary,Government,Remote,School Single Entity,0,-14.46347,132.28306,50001,46717.0,6717.0,50001,15.664332352510897,14.682871731282392,No,No,No,No,,70500502,Katherine exc. Town Camps,705005,Katherine Town,705,Katherine,7,Northern Territory,7411.5099,Within polygon,Matched,907,1026,1927,202,470,304,469,395,96,24,520,1422,1.1,3.2,12.9,38,315,177,1260,547,74,621,469,12.1,49.4,43.5,672,ABS 2021 Census Indigenous Profile,Indigenous Location (ILOC),2021
710,JOMET (URPALARWN),"BIRDUM,GORRIE,JOMET,NO 1 BORE,URPALARWN,WUBALAWAN",Family Outstation,ROPER GULF,NEVER NEVER,NORTHERN LAND COUNCIL,ARNHEM,BIG RIVERS,,Not recorded,-15.42069,133.11146,https://bushtel.nt.gov.au/profile/710,Not listed,Not confirmed,,,,,,,,,,,,,15.965717402958882,4G/LTE + IoT,"IoT700, LTE700",2025,Telstra,852045,-15.5443,133.187263,,Y,Y,,,,,,,,,,,Y,Northern Territory Co-investment Northern Territory ISCA,,20.352420690017585,3G/UMTS + 4G/LTE,"UMTS900, LTE700",2025,Optus,852103,-15.5742,133.2149,,Y,,Y,,,,,,,,,,,,Y,Federal Mobile Black Spot Program (MBSP),4.0,377.01555427045736,4G/LTE,"LTE850, LTE1800, LTE2100",2025,TPG,836004,-12.613261,131.151729,,,Y,Y,Y,,,,,,,,,15.965717402958882,Telstra,413,Mataranka School,55.688348367722426,Combined,Government,Very Remote,School Single Entity,0,-14.921873,133.065136,50099,56536.0,16536.0,50099,Mataranka School,55.688348367722426,Combined,Government,Very Remote,School Single Entity,0,-14.921873,133.065136,50099,56536.0,16536.0,50099,39.722630964763546,39.722630964763546,No,No,Yes,No,,70500303,Elsey Roper - Surrounds,705003,Elsey - Roper,705,Katherine,7,Northern Territory,92882.2781,Within polygon,Matched,41,29,68,3,8,15,16,17,3,28,417,1125,1.3,2.6,16.0,0,5,8,52,24,10,31,24,20.0,56.6,45.3,11,ABS 2021 Census Indigenous Profile,Indigenous Location (ILOC),2021
602,JOWAR,"JOYAR,JUYAR,ROPER BAR",Family Outstation,ROPER GULF,YUGUL MANGI,NORTHERN LAND COUNCIL,ARNHEM,BIG RIVERS,,Not recorded,-14.72747,134.42881,https://bushtel.nt.gov.au/profile/602,Not listed,Not confirmed,,,,,,,,,,,,,32.69616971776676,4G/LTE + IoT,"IoT700, LTE700, LTE2600",2025,Telstra,852002,-14.73361,134.73278,,Y,Y,,,,Y,,,,,,,,,,132.30864325258895,3G/UMTS + 4G/LTE,"UMTS900, LTE700",2025,Optus,852113,-14.9541,133.2204,,Y,,Y,,,,,,,,,,,,Y,Federal Mobile Black Spot Program (MBSP),5.0,424.98919842194346,4G/LTE,"LTE850, LTE1800, LTE2100",2025,TPG,836004,-12.613261,131.151729,,,Y,Y,Y,,,,,,,,,32.69616971776676,Telstra,250,Urapunga School,14.6921871329242,Combined,Government,Very Remote,School Single Entity,0,-14.710481,134.564289,50125,47933.0,7933.0,50125,Urapunga School,14.6921871329242,Combined,Government,Very Remote,School Single Entity,0,-14.710481,134.564289,50125,47933.0,7933.0,50125,-18.003982584842557,-18.003982584842557,Yes,Yes,No,No,,70500405,Yugul Mangi Outstations,705004,Gulf,705,Katherine,7,Northern Territory,32782.3489,Within polygon,Matched,12,17,24,0,0,3,11,9,0,38,177,687,1.9,4.5,66.7,0,0,0,24,0,4,3,17,40.0,20.0,12.0,0,ABS 2021 Census Indigenous Profile,Indigenous Location (ILOC),2021
695,JUNGARRAYI WARRNU,"JUNGARRAYIWARNU,NEW HAVEN YARIBILANGU,YARIPILANGU",Family Outstation,CENTRAL DESERT,SOUTHERN TANAMI,CENTRAL LAND COUNCIL,GWOJA,CENTRAL AUSTRALIA,,Not recorded,-22.68594,131.43088,https://bushtel.nt.gov.au/profile/695,Not listed,Not confirmed,,,,,,,,,,,,,61.333659350024405,4G/LTE + IoT,"IoT700, LTE700, LTE2600",2025,Telstra,872025,-22.25156,131.79875,,Y,Y,,,,Y,,,,,,,,,,149.26842895383527,3G/UMTS + 4G/LTE,"UMTS900, LTE700",2025,Optus,872191,-23.5863,132.51367,,Y,,Y,,,,,,,,,,,,Y,Federal Mobile Black Spot Program (MBSP),5.0,860.6061827622844,4G/LTE,LTE850,2025,TPG,4825002,-20.73424,139.49366,,,Y,,,,,,,,,,,61.333659350024405,Telstra,77,Yuendumu School,60.85745387333066,Combined,Government,Very Remote,School Single Entity,0,-22.25565,131.796889,50068,46730.0,6730.0,50068,Yuendumu School,60.85745387333066,Combined,Government,Very Remote,School Single Entity,0,-22.25565,131.796889,50068,46730.0,6730.0,50068,-0.4762054766937424,-0.4762054766937424,Yes,Yes,Yes,Yes,Review,70901002,Tanami Outstations,709010,Nyirripi and Tanami Outstations,709,Apatula,7,Northern Territory,142011.3404,Within polygon,Matched,13,16,30,0,0,3,15,5,3,41,1312,2250,1.4,5.0,50.0,0,0,0,30,20,0,20,3,0.0,70.4,70.4,0,ABS 2021 Census Indigenous Profile,Indigenous Location (ILOC),2021
734,JUNKAJI,"GREENWOOD,JUNGKAGU,JUNGKAJI",Family Outstation,BARKLY,PATTA,CENTRAL LAND COUNCIL,BARKLY,BARKLY,,Not recorded,-20.44656,134.14149,https://bushtel.nt.gov.au/profile/734,Not listed,Not confirmed,,,,,,,,,,,,,23.22481988283974,4G/LTE + IoT,"IoT700, LTE700",2025,Telstra,872143,-20.64109,134.2227,,Y,Y,,,,,,,,,,,,,,18.02853379766504,3G/UMTS + 4G/LTE,"UMTS900, LTE700",2025,Optus,872187,-20.5558,134.2694,,Y,,Y,,,,,,,,,,,,Y,Federal Mobile Black Spot Program (MBSP),4.0,558.0085871841287,4G/LTE,LTE850,2025,TPG,4825002,-20.73424,139.49366,,,Y,,,,,,,,,,,18.02853379766504,Optus,385,Alekarenge School,67.7805855348041,Combined,Government,Very Remote,School Single Entity,0,-21.003806,134.405661,50054,47898.0,7898.0,50054,Alekarenge School,67.7805855348041,Combined,Government,Very Remote,School Single Entity,0,-21.003806,134.405661,50054,47898.0,7898.0,50054,49.75205173713907,49.75205173713907,No,No,Yes,No,,70700304,Julalikari - Outstations,707003,Barkly,707,Tennant Creek,7,Northern Territory,107784.4629,Within polygon,Matched,67,66,137,15,28,18,41,25,8,27,369,1020,1.4,4.2,31.0,4,26,10,90,13,20,34,41,60.0,39.8,15.9,43,ABS 2021 Census Indigenous Profile,Indigenous Location (ILOC),2021
794,KABALYARRA,No aliases recorded with NTG DIPL,Family Outstation,WEST ARNHEM,MANINGRIDA,NORTHERN LAND COUNCIL,ARAFURA,TOP END,15.0,Homelands Service Provider Report 2023,-12.06946,134.21279,https://bushtel.nt.gov.au/profile/794,Not listed,Not confirmed,,,,,,,,,,,,,2.520807976045089,4G/LTE + 5G/NR + IoT,"IoT700, LTE700, LTE850, LTE1800, LTE2100, LTE2600, NR850, NR2600",2025,Telstra,822008,-12.05532,134.23091,,Y,Y,Y,Y,Y,Y,,Y,,Y,,,Y,REGIONAL CO-INVESTMENT: RCP - TX Upgrade,1.0,141.9700052037492,3G/UMTS + 4G/LTE,"UMTS900, LTE700",2025,Optus,822106,-12.42654,132.95842,,Y,,Y,,,,,,,,,,,,Y,Federal Mobile Black Spot Program (MBSP),5.0,336.9554256932544,4G/LTE,"LTE850, LTE1800, LTE2100",2025,TPG,836002,-12.55419,131.15106,,,Y,Y,Y,,,,,,,,,2.520807976045089,Telstra,604,Maningrida College,2.4084570350776024,Combined,Government,Very Remote,School Single Entity,0,-12.05041,134.22333,50061,47956.0,7956.0,50061,Maningrida College,2.4084570350776024,Combined,Government,Very Remote,School Single Entity,0,-12.05041,134.22333,50061,47956.0,7956.0,50061,-0.1123509409674867,-0.1123509409674867,Yes,Yes,No,No,,70400302,Maningrida Outstations,704003,Maningrida and Outstations,704,Jabiru - Tiwi,7,Northern Territory,9758.0375,Within polygon,Matched,170,195,366,23,65,77,131,58,11,26,207,900,2.1,5.9,72.3,4,34,42,283,10,22,35,226,60.6,11.8,4.6,88,ABS 2021 Census Indigenous Profile,Indigenous Location (ILOC),2021
1007,KABULWARNAMYO,NORHNI,Family Outstation,WEST ARNHEM,GUNBALANYA,NORTHERN LAND COUNCIL,ARAFURA,TOP END,4.0,Homelands Service Provider Report 2023,-12.76486,133.84472,https://bushtel.nt.gov.au/profile/1007,Not listed,Not confirmed,,,,,,,,,,,,,89.35127988411796,4G/LTE + 5G/NR + IoT,"IoT700, LTE700, LTE850, LTE1800, LTE2100, LTE2600, NR850, NR2600",2025,Telstra,822008,-12.05532,134.23091,,Y,Y,Y,Y,Y,Y,,Y,,Y,,,Y,REGIONAL CO-INVESTMENT: RCP - TX Upgrade,1.0,103.27560016246224,3G/UMTS + 4G/LTE,"UMTS900, LTE700",2025,Optus,822106,-12.42654,132.95842,,Y,,Y,,,,,,,,,,,,Y,Federal Mobile Black Spot Program (MBSP),5.0,292.6183540816777,4G/LTE,"LTE850, LTE1800, LTE2100",2025,TPG,836004,-12.613261,131.151729,,,Y,Y,Y,,,,,,,,,89.35127988411796,Telstra,28,Nawarddeken Academy Kabulwarnamyo School,0.039923108749942,Combined,Independent,Very Remote,School Single Entity,0,-12.764671,133.845033,52747,85760.0,85759.0,52747,Nawarddeken Academy Kunmayali School,0.0370770244380601,Secondary,Independent,Very Remote,School Single Entity,0,-12.764670372009276,133.84500122070312,53492,89486.0,89485.0,53492,-89.3142028596799,-89.31135677536801,Yes,Yes,No,Yes,,70400401,Cobourg Peninsula - Demed Homelands,704004,North-West Arnhem,704,Jabiru - Tiwi,7,Northern Territory,23675.7318,Within polygon,Matched,145,127,279,27,57,40,102,44,3,27,239,1218,2.4,5.6,70.3,4,34,22,190,45,3,48,138,8.3,24.7,22.7,84,ABS 2021 Census Indigenous Profile,Indigenous Location (ILOC),2021
326,KAKODBABULDI,"GUGODBABULDI,KUKOTBUBULDI",Family Outstation,WEST ARNHEM,MANINGRIDA,NORTHERN LAND COUNCIL,ARAFURA,TOP END,20.0,Homelands Service Provider Report 2023,-12.40779,134.15779,https://bushtel.nt.gov.au/profile/326,Not listed,Not confirmed,,,,,,,,,,,,,39.990307329271616,4G/LTE + 5G/NR + IoT,"IoT700, LTE700, LTE850, LTE1800, LTE2100, LTE2600, NR850, NR2600",2025,Telstra,822008,-12.05532,134.23091,,Y,Y,Y,Y,Y,Y,,Y,,Y,,,Y,REGIONAL CO-INVESTMENT: RCP - TX Upgrade,1.0,130.2609542934079,3G/UMTS + 4G/LTE,"UMTS900, LTE700",2025,Optus,822106,-12.42654,132.95842,,Y,,Y,,,,,,,,,,,,Y,Federal Mobile Black Spot Program (MBSP),5.0,326.8363424563876,4G/LTE,"LTE850, LTE1800, LTE2100",2025,TPG,836002,-12.55419,131.15106,,,Y,Y,Y,,,,,,,,,39.990307329271616,Telstra,190,Nawarddeken Academy Manmoyi School,15.91060683708009,Combined,Independent,Very Remote,School Single Entity,0,-12.54418519,134.1134967,53058,87768.0,87763.0,53058,Nawarddeken Academy Manmoyi School,15.91060683708009,Combined,Independent,Very Remote,School Single Entity,0,-12.54418519,134.1134967,53058,87768.0,87763.0,53058,-24.079700492191527,-24.079700492191527,Yes,Yes,No,No,,70400302,Maningrida Outstations,704003,Maningrida and Outstations,704,Jabiru - Tiwi,7,Northern Territory,9758.0375,Within polygon,Matched,170,195,366,23,65,77,131,58,11,26,207,900,2.1,5.9,72.3,4,34,42,283,10,22,35,226,60.6,11.8,4.6,88,ABS 2021 Census Indigenous Profile,Indigenous Location (ILOC),2021
736,KALINJARRI,"GORRIE BORE,GORRY'S BORE,KALINJARRA,KALINYMARRA",Family Outstation,BARKLY,PATTA,CENTRAL LAND COUNCIL,BARKLY,BARKLY,,Not recorded,-20.39752,134.36571,https://bushtel.nt.gov.au/profile/736,Not listed,Not confirmed,,,,,,,,,,,,,30.90849628066202,4G/LTE + IoT,"IoT700, LTE700",2025,Telstra,872143,-20.64109,134.2227,,Y,Y,,,,,,,,,,,,,,20.258582446626,3G/UMTS + 4G/LTE,"UMTS900, LTE700",2025,Optus,872187,-20.5558,134.2694,,Y,,Y,,,,,,,,,,,,Y,Federal Mobile Black Spot Program (MBSP),4.0,535.1514585098898,4G/LTE,LTE850,2025,TPG,4825002,-20.73424,139.49366,,,Y,,,,,,,,,,,20.258582446626,Optus,365,Alekarenge School,67.54397251934473,Combined,Government,Very Remote,School Single Entity,0,-21.003806,134.405661,50054,47898.0,7898.0,50054,Alekarenge School,67.54397251934473,Combined,Government,Very Remote,School Single Entity,0,-21.003806,134.405661,50054,47898.0,7898.0,50054,47.285390072718734,47.285390072718734,No,No,Yes,No,,70700304,Julalikari - Outstations,707003,Barkly,707,Tennant Creek,7,Northern Territory,107784.4629,Within polygon,Matched,67,66,137,15,28,18,41,25,8,27,369,1020,1.4,4.2,31.0,4,26,10,90,13,20,34,41,60.0,39.8,15.9,43,ABS 2021 Census Indigenous Profile,Indigenous Location (ILOC),2021
947,KALPITAPTA,KALPITAPITA,Family Outstation,BARKLY,ALYAWARR,CENTRAL LAND COUNCIL,BARKLY,BARKLY,,Not recorded,-20.89936,135.35397,https://bushtel.nt.gov.au/profile/947,Not listed,Not confirmed,,,,,,,,,,,,,31.21268313463716,4G/LTE + IoT,"IoT700, LTE700",2025,Telstra,872164,-21.16637,135.44675,,Y,Y,,,,,,,,,,,Y,REGIONAL CO-INVESTMENT: Small Cell Satellite,,116.68700865148858,3G/UMTS,UMTS900,2025,Optus,872134,-20.79537,134.23659,,Y,,,,,,,,,,,,,,,,,430.6441557840316,4G/LTE,LTE850,2025,TPG,4825002,-20.73424,139.49366,,,Y,,,,,,,,,,,31.21268313463716,Telstra,259,Canteen Creek School,37.09295774896588,Combined,Government,Very Remote,School Single Entity,0,-20.644769,135.584506,50084,56532.0,16532.0,50084,Canteen Creek School,37.09295774896588,Combined,Government,Very Remote,School Single Entity,0,-20.644769,135.584506,50084,56532.0,16532.0,50084,5.88027461432872,5.88027461432872,No,No,No,No,,70700304,Julalikari - Outstations,707003,Barkly,707,Tennant Creek,7,Northern Territory,107784.4629,Within polygon,Matched,67,66,137,15,28,18,41,25,8,27,369,1020,1.4,4.2,31.0,4,26,10,90,13,20,34,41,60.0,39.8,15.9,43,ABS 2021 Census Indigenous Profile,Indigenous Location (ILOC),2021
941,KALUMBULANI,"CAMFIELD,KULUMANBULANI",Family Outstation,VICTORIA DALY,WALANGERI,NORTHERN LAND COUNCIL,GWOJA,BIG RIVERS,,Not recorded,-16.8772,131.21949,https://bushtel.nt.gov.au/profile/941,Not listed,Not confirmed,,,,,,,,,,,,,59.597309958308585,4G/LTE + IoT,"IoT700, LTE700",2025,Telstra,852091,-16.44813,130.88422,,Y,Y,,,,,,,,,,,Y,REGIONAL CO-INVESTMENT: NT ISCA,1.0,71.81296380448579,3G/UMTS,UMTS900,2025,Optus,852100,-16.543287,131.796673,,Y,,,,,,,,,,,,,,,,,474.1849955977924,4G/LTE,"LTE850, LTE1800, LTE2100",2025,TPG,836004,-12.613261,131.151729,,,Y,Y,Y,,,,,,,,,59.597309958308585,Telstra,86,Nitjpurru School,6.984631310060427,Combined,Government,Very Remote,School Single Entity,0,-16.81439,131.22025,50115,47961.0,7961.0,50115,Nitjpurru School,6.984631310060427,Combined,Government,Very Remote,School Single Entity,0,-16.81439,131.22025,50115,47961.0,7961.0,50115,-52.61267864824816,-52.61267864824816,Yes,Yes,No,Yes,,70500901,Pigeon Hole,705009,Walangeri,705,Katherine,7,Northern Territory,37.3093,Within polygon,Matched,50,58,106,13,23,22,24,17,9,23,263,966,1.7,5.1,64.7,0,14,10,70,9,16,30,40,62.1,41.4,15.7,36,ABS 2021 Census Indigenous Profile,Indigenous Location (ILOC),2021
236,KALUMPURLPA,"AKULUMPULPA,BLUE BUSH BORE,KALAMPURLPA,KALUMPARLPA,KALUMPULPA,KULUMPURLPA",Family Outstation,BARKLY,PATTA,CENTRAL LAND COUNCIL,BARKLY,BARKLY,,Not recorded,-19.00387,133.91809,https://bushtel.nt.gov.au/profile/236,Not listed,Not confirmed,,,,,,,,,,,,,77.07057208417635,4G/LTE + 5G/NR + IoT,"IoT700, LTE700, LTE850, LTE2600, NR850, NR2600",2025,Telstra,860002,-19.63417,134.22361,,Y,Y,Y,,,Y,,Y,,Y,,,,,,56.97013576540511,3G/UMTS,UMTS900,2025,Optus,852095,-19.4368,134.20825,,Y,,,,,,,,,,,,,,,,,613.9418718839072,4G/LTE,LTE850,2025,TPG,4825002,-20.73424,139.49366,,,Y,,,,,,,,,,,56.97013576540511,Optus,97,Tennant Creek Primary School,77.28547828650537,Primary,Government,Very Remote,School Single Entity,0,-19.6501,134.18925,50046,56574.0,16574.0,50046,Tennant Creek High School,76.97326495335294,Secondary,Government,Very Remote,School Single Entity,0,-19.644142,134.196942,50007,47918.0,7918.0,50007,20.003129187947827,20.315342521100256,No,No,Yes,Yes,Review,70700302,Elliott Surrounds - Outstations,707003,Barkly,707,Tennant Creek,7,Northern Territory,115005.6995,Within polygon,Matched,47,43,91,10,21,14,30,17,0,25,350,1542,1.1,3.6,16.0,0,17,9,61,21,0,27,38,8.0,40.3,37.1,31,ABS 2021 Census Indigenous Profile,Indigenous Location (ILOC),2021
237,KANGAROO ISLAND,"LOOGANWARRA,YAMEERI",Family Outstation,ROPER GULF,SOUTH WEST GULF,NORTHERN LAND COUNCIL,BARKLY,BIG RIVERS,10.0,Homelands Service Provider Report 2023,-15.88848,136.53951,https://bushtel.nt.gov.au/profile/237,Not listed,Not confirmed,,,,,,,,,,,,,30.97919130729265,4G/LTE + IoT,"IoT700, LTE700, LTE1800, LTE2100, LTE2600",2025,Telstra,854001,-16.05361,136.30611,,Y,Y,,Y,Y,Y,,,,,,,,,,123.8659804390355,3G/UMTS,UMTS900,2025,Optus,852089,-16.6834,135.7265,,Y,,,,,,,,,,,,,,Y,Federal Mobile Black Spot Program (MBSP),2.0,622.4993308619214,4G/LTE,LTE850,2025,TPG,4825002,-20.73424,139.49366,,,Y,,,,,,,,,,,30.97919130729265,Telstra,262,Borroloola School,31.25178428268728,Combined,Government,Very Remote,School Single Entity,0,-16.0582,136.30649,50056,47921.0,7921.0,50056,Borroloola School,31.25178428268728,Combined,Government,Very Remote,School Single Entity,0,-16.0582,136.30649,50056,47921.0,7921.0,50056,0.2725929753946303,0.2725929753946303,No,No,No,No,,70500401,Mabunji - Mungoorbada Outstations,705004,Gulf,705,Katherine,7,Northern Territory,55041.1368,Within polygon,Matched,62,43,104,7,17,23,30,21,8,30,407,916,1.9,3.6,48.1,4,12,3,79,23,9,28,52,22.2,34.6,26.9,24,ABS 2021 Census Indigenous Profile,Indigenous Location (ILOC),2021
980,KAPALGA,NARAMU,Family Outstation,WEST ARNHEM,KAKADU,NORTHERN LAND COUNCIL,ARAFURA,TOP END,10.0,Homelands Service Provider Report 2023,-12.69876,132.37113,https://bushtel.nt.gov.au/profile/980,Not listed,Not confirmed,,,,,,,,,,,,,6.78615942101287,4G/LTE,LTE850,2025,Telstra,886006,-12.70936,132.43274,,,,Y,,,,,,,,,,Y,REGIONAL CO-INVESTMENT: Kakadu Connect - Brownfield,,50.369126713541576,4G/LTE + IoT,"NBIoT700, LTE700, LTE2600",2025,Optus,886001,-12.669492,132.834471,Y,,,Y,,,,,Y,,,,,,,,,,132.6379572012485,4G/LTE,"LTE850, LTE1800, LTE2100",2025,TPG,836004,-12.613261,131.151729,,,Y,Y,Y,,,,,,,,,6.78615942101287,Telstra,545,Jabiru Area School,50.42237232581424,Combined,Government,Remote,School Single Entity,0,-12.67577,132.83534,50053,47971.0,7971.0,50053,Jabiru Area School,50.42237232581424,Combined,Government,Remote,School Single Entity,0,-12.67577,132.83534,50053,47971.0,7971.0,50053,43.636212904801376,43.636212904801376,No,No,Yes,No,,70400202,Kakadu - Marrakai - Surrounds,704002,Kakadu - Marrakai - Jabiru,704,Jabiru - Tiwi,7,Northern Territory,25261.6924,Within polygon,Matched,104,101,206,14,30,35,53,66,11,33,496,1649,1.3,3.2,17.8,3,24,10,165,82,13,94,62,14.0,56.4,48.5,44,ABS 2021 Census Indigenous Profile,Indigenous Location (ILOC),2021
67,KAPORILYA,"KAPORILJA,KAPORILYA SPRINGS,KAPRILYA",Family Outstation,MACDONNELL,LJIRAPINTA,CENTRAL LAND COUNCIL,GWOJA,CENTRAL AUSTRALIA,9.0,Homelands Service Provider Report 2023,-23.93974,132.72029,https://bushtel.nt.gov.au/profile/67,Yes,Confirmed,Primary name,KAPORILYA,0.0412850532080526,KAPORILYA,COMMUNITY,5.0,,,YES,TELSTRA,-23.94,132.72,5.75017769826178,4G/LTE + IoT,"IoT700, LTE700, LTE2600",2025,Telstra,872034,-23.94213,132.77681,,Y,Y,,,,Y,,,,,,,,,,13.107271065955036,3G/UMTS + 4G/LTE,"UMTS900, LTE700",2025,Optus,872189,-24.056241,132.739943,,Y,,Y,,,,,,,,,,,,Y,Federal Mobile Black Spot Program (MBSP),4.0,782.36630680636,4G/LTE,LTE850,2025,TPG,4825002,-20.73424,139.49366,,,Y,,,,,,,,,,,5.75017769826178,Telstra,561,Ntaria School,5.6759279123864514,Combined,Government,Very Remote,School Single Entity,0,-23.94262,132.776051,50111,56572.0,16572.0,50111,Ntaria School,5.6759279123864514,Combined,Government,Very Remote,School Single Entity,0,-23.94262,132.776051,50111,56572.0,16572.0,50111,-0.0742497858753283,-0.0742497858753283,Yes,Yes,No,No,,70901403,Tjuwanpa Outstations,709014,West MacDonnell Ranges,709,Apatula,7,Northern Territory,15970.5215,Within polygon,Matched,90,98,188,21,38,31,60,36,8,27,352,1166,1.5,4.3,51.2,0,21,12,134,28,19,47,85,43.5,34.6,19.5,59,ABS 2021 Census Indigenous Profile,Indigenous Location (ILOC),2021
116,KARRINYARRA,"CENTRAL MOUNT WEDGE,KARRIYARRA,MOUNT WEDGE,MOUNT WEDGE STATION",Family Outstation,CENTRAL DESERT,SOUTHERN TANAMI,CENTRAL LAND COUNCIL,GWOJA,CENTRAL AUSTRALIA,,Not recorded,-22.66329,131.87876,https://bushtel.nt.gov.au/profile/116,Not listed,Not confirmed,,,,,,,,,,,,,46.51478085139618,4G/LTE + IoT,"IoT700, LTE700, LTE2600",2025,Telstra,872025,-22.25156,131.79875,,Y,Y,,,,Y,,,,,,,,,,121.44570026686594,3G/UMTS + 4G/LTE,"UMTS900, LTE700",2025,Optus,872191,-23.5863,132.51367,,Y,,Y,,,,,,,,,,,,Y,Federal Mobile Black Spot Program (MBSP),5.0,815.3277375755337,4G/LTE,LTE850,2025,TPG,4825002,-20.73424,139.49366,,,Y,,,,,,,,,,,46.51478085139618,Telstra,150,Yuendumu School,46.10171798449886,Combined,Government,Very Remote,School Single Entity,0,-22.25565,131.796889,50068,46730.0,6730.0,50068,Yuendumu School,46.10171798449886,Combined,Government,Very Remote,School Single Entity,0,-22.25565,131.796889,50068,46730.0,6730.0,50068,-0.4130628668973202,-0.4130628668973202,Yes,Yes,No,No,,70901002,Tanami Outstations,709010,Nyirripi and Tanami Outstations,709,Apatula,7,Northern Territory,142011.3404,Within polygon,Matched,13,16,30,0,0,3,15,5,3,41,1312,2250,1.4,5.0,50.0,0,0,0,30,20,0,20,3,0.0,70.4,70.4,0,ABS 2021 Census Indigenous Profile,Indigenous Location (ILOC),2021
870,KATJUTARI,No aliases recorded with NTG DIPL,Family Outstation,MACDONNELL,LJIRAPINTA,CENTRAL LAND COUNCIL,GWOJA,CENTRAL AUSTRALIA,4.0,Homelands Service Provider Report 2023,-23.74085,132.00474,https://bushtel.nt.gov.au/profile/870,Not listed,Not confirmed,,,,,,,,,,,,,61.71692264009609,4G/LTE + IoT,"IoT700, LTE700",2025,Telstra,872058,-23.19087,131.92328,,Y,Y,,,,,,,,,,,,,,54.60686230308329,3G/UMTS + 4G/LTE,"UMTS900, LTE700",2025,Optus,872191,-23.5863,132.51367,,Y,,Y,,,,,,,,,,,,Y,Federal Mobile Black Spot Program (MBSP),5.0,839.9813155347957,4G/LTE,LTE850,2025,TPG,4825002,-20.73424,139.49366,,,Y,,,,,,,,,,,54.60686230308329,Optus,107,Haasts Bluff School,35.003949841123735,Combined,Government,Very Remote,School Single Entity,0,-23.44753,131.88003,50092,47887.0,7887.0,50092,Haasts Bluff School,35.003949841123735,Combined,Government,Very Remote,School Single Entity,0,-23.44753,131.88003,50092,47887.0,7887.0,50092,-19.602912461959555,-19.602912461959555,Yes,Yes,No,Yes,,70901403,Tjuwanpa Outstations,709014,West MacDonnell Ranges,709,Apatula,7,Northern Territory,15970.5215,Within polygon,Matched,90,98,188,21,38,31,60,36,8,27,352,1166,1.5,4.3,51.2,0,21,12,134,28,19,47,85,43.5,34.6,19.5,59,ABS 2021 Census Indigenous Profile,Indigenous Location (ILOC),2021
883,KELERRK,No aliases recorded with NTG DIPL,Family Outstation,WEST DALY,THAMARRURR/PINDI PINDI,NORTHERN LAND COUNCIL,DALY,TOP END,,Not recorded,-13.95783,130.32647,https://bushtel.nt.gov.au/profile/883,Not listed,Not confirmed,,,,,,,,,,,,,23.64703269460552,4G/LTE,LTE700,2025,Telstra,822126,-14.17049,130.32755,,,Y,,,,,,,,,,,Y,REGIONAL CO-INVESTMENT: NT RSCP - Small Cell Satellite,,95.00988796915236,3G/UMTS + 4G/LTE,"UMTS900, LTE700",2025,Optus,822110,-13.247436,130.814953,,Y,,Y,,,,,,,,,,,,Y,Federal Mobile Black Spot Program (MBSP),5.0,174.15140110941402,4G/LTE,"LTE850, LTE1800, LTE2100",2025,TPG,836004,-12.613261,131.151729,,,Y,Y,Y,,,,,,,,,23.64703269460552,Telstra,338,Nganambala School,23.60377094504363,Combined,Government,Very Remote,School Single Entity,0,-14.1701,130.32521,50362,69230.0,29230.0,50362,Nganambala School,23.60377094504363,Combined,Government,Very Remote,School Single Entity,0,-14.1701,130.32521,50362,69230.0,29230.0,50362,-0.0432617495618856,-0.0432617495618856,Yes,Yes,No,No,,70400101,Douglas-Daly,704001,Douglas-Daly,704,Jabiru - Tiwi,7,Northern Territory,34368.2996,Within polygon,Matched,87,77,169,14,32,24,65,18,15,30,340,919,1.6,3.3,25.0,0,24,3,119,32,4,34,78,9.4,27.1,24.6,46,ABS 2021 Census Indigenous Profile,Indigenous Location (ILOC),2021
1017,KEWULYI,ROPER VALLEY HOMESTEAD,Family Outstation,ROPER GULF,NEVER NEVER,NORTHERN LAND COUNCIL,ARNHEM,BIG RIVERS,16.0,Homelands Service Provider Report 2023,-14.92699,134.00927,https://bushtel.nt.gov.au/profile/1017,Not listed,Not confirmed,,,,,,,,,,,,,33.5781311626359,4G/LTE + 5G/NR + IoT,"IoT700, LTE700, LTE850, NR850",2025,Telstra,852090,-15.22066,134.08211,,Y,Y,Y,,,,,Y,,,,,,,,84.80658948192836,3G/UMTS + 4G/LTE,"UMTS900, LTE700",2025,Optus,852113,-14.9541,133.2204,,Y,,Y,,,,,,,,,,,,Y,Federal Mobile Black Spot Program (MBSP),5.0,401.7655729040853,4G/LTE,"LTE850, LTE1800, LTE2100",2025,TPG,836004,-12.613261,131.151729,,,Y,Y,Y,,,,,,,,,33.5781311626359,Telstra,238,Minyerri School,33.65678210188056,Combined,Government,Very Remote,School Single Entity,0,-15.221225,134.08281,50104,56565.0,16565.0,50104,Minyerri School,33.65678210188056,Combined,Government,Very Remote,School Single Entity,0,-15.221225,134.08281,50104,56565.0,16565.0,50104,0.0786509392446603,0.0786509392446603,No,No,No,No,,70500405,Yugul Mangi Outstations,705004,Gulf,705,Katherine,7,Northern Territory,32782.3489,Within polygon,Matched,12,17,24,0,0,3,11,9,0,38,177,687,1.9,4.5,66.7,0,0,0,24,0,4,3,17,40.0,20.0,12.0,0,ABS 2021 Census Indigenous Profile,Indigenous Location (ILOC),2021
722,KIANA,No aliases recorded with NTG DIPL,Family Outstation,ROPER GULF,SOUTH WEST GULF,NORTHERN LAND COUNCIL,BARKLY,BIG RIVERS,15.0,Homelands Service Provider Report 2023,-17.24236,136.18411,https://bushtel.nt.gov.au/profile/722,Not listed,Not confirmed,,,,,,,,,,,,,78.88504990833562,4G/LTE + IoT,"IoT700, LTE700",2025,Telstra,852089,-16.6839,135.7267,,Y,Y,,,,,,,,,,,,,,78.94197578043881,3G/UMTS,UMTS900,2025,Optus,852089,-16.6834,135.7265,,Y,,,,,,,,,,,,,,Y,Federal Mobile Black Spot Program (MBSP),2.0,521.3419560476651,4G/LTE,LTE850,2025,TPG,4825002,-20.73424,139.49366,,,Y,,,,,,,,,,,78.88504990833562,Telstra,40,Kiana School,0.0917623829897229,Combined,Government,Very Remote,School Single Entity,0,-17.24244,136.18325,40341,56558.0,16558.0,40341,Kiana School,0.0917623829897229,Combined,Government,Very Remote,School Single Entity,0,-17.24244,136.18325,40341,56558.0,16558.0,40341,-78.79328752534589,-78.79328752534589,Yes,Yes,No,Yes,,70500401,Mabunji - Mungoorbada Outstations,705004,Gulf,705,Katherine,7,Northern Territory,55041.1368,Within polygon,Matched,62,43,104,7,17,23,30,21,8,30,407,916,1.9,3.6,48.1,4,12,3,79,23,9,28,52,22.2,34.6,26.9,24,ABS 2021 Census Indigenous Profile,Indigenous Location (ILOC),2021
345,KOLORBIDAHDAH,KORLOBIRRAHDA,Family Outstation,WEST ARNHEM,MANINGRIDA,NORTHERN LAND COUNCIL,ARAFURA,TOP END,14.0,Homelands Service Provider Report 2023,-12.61309,134.32539,https://bushtel.nt.gov.au/profile/345,Not listed,Not confirmed,,,,,,,,,,,,,62.86471114670222,4G/LTE + 5G/NR + IoT,"IoT700, LTE700, LTE850, LTE1800, LTE2100, LTE2600, NR850, NR2600",2025,Telstra,822008,-12.05532,134.23091,,Y,Y,Y,Y,Y,Y,,Y,,Y,,,Y,REGIONAL CO-INVESTMENT: RCP - TX Upgrade,1.0,149.82858667909298,3G/UMTS + 4G/LTE,"UMTS900, LTE700",2025,Optus,822106,-12.42654,132.95842,,Y,,Y,,,,,,,,,,,,Y,Federal Mobile Black Spot Program (MBSP),5.0,344.376812529955,4G/LTE,"LTE850, LTE1800, LTE2100",2025,TPG,836004,-12.613261,131.151729,,,Y,Y,Y,,,,,,,,,62.86471114670222,Telstra,71,Nawarddeken Academy Manmoyi School,24.238788864103963,Combined,Independent,Very Remote,School Single Entity,0,-12.54418519,134.1134967,53058,87768.0,87763.0,53058,Nawarddeken Academy Manmoyi School,24.238788864103963,Combined,Independent,Very Remote,School Single Entity,0,-12.54418519,134.1134967,53058,87768.0,87763.0,53058,-38.62592228259825,-38.62592228259825,Yes,Yes,No,Yes,,70400302,Maningrida Outstations,704003,Maningrida and Outstations,704,Jabiru - Tiwi,7,Northern Territory,9758.0375,Within polygon,Matched,170,195,366,23,65,77,131,58,11,26,207,900,2.1,5.9,72.3,4,34,42,283,10,22,35,226,60.6,11.8,4.6,88,ABS 2021 Census Indigenous Profile,Indigenous Location (ILOC),2021
912,KUBUYIRR,No aliases recorded with NTG DIPL,Family Outstation,WEST DALY,THAMARRURR/PINDI PINDI,NORTHERN LAND COUNCIL,DALY,TOP END,,Not recorded,-14.12168,129.78499,https://bushtel.nt.gov.au/profile/912,Not listed,Not confirmed,,,,,,,,,,,,,27.567339163384933,4G/LTE + IoT,"IoT700, LTE700",2025,Telstra,822043,-14.351052,129.882057,,Y,Y,,,,,,,,,,,,,,143.7343579655855,3G/UMTS + 4G/LTE,"UMTS900, LTE700",2025,Optus,822091,-13.164608,130.679087,,Y,,Y,,,,,,,,,,,,Y,Federal Mobile Black Spot Program (MBSP),2.0,216.85519890901912,4G/LTE + 5G/NR,"LTE850, LTE1800, LTE2100, NR700",2025,TPG,800002,-12.4651,130.8425,,,Y,Y,Y,Y,,,,,,,,27.567339163384933,Telstra,300,Nganmarriyanga School,27.74493448443009,Combined,Government,Very Remote,School Single Entity,0,-14.3528,129.882,50110,56571.0,16571.0,50110,Nganmarriyanga School,27.74493448443009,Combined,Government,Very Remote,School Single Entity,0,-14.3528,129.882,50110,56571.0,16571.0,50110,0.1775953210451568,0.1775953210451568,No,No,No,No,,70400501,Thamarrurr exc. Wadeye,704005,Thamarrurr inc. Wadeye,704,Jabiru - Tiwi,7,Northern Territory,3352.8699,Within polygon,Matched,96,89,188,14,38,56,57,23,5,21,233,860,1.9,4.9,35.3,4,25,11,140,21,30,53,85,60.8,37.2,14.6,52,ABS 2021 Census Indigenous Profile,Indigenous Location (ILOC),2021
936,KUDANTIGA,KURANTIKA,Family Outstation,WEST DALY,THAMARRURR/PINDI PINDI,NORTHERN LAND COUNCIL,DALY,TOP END,9.0,Homelands Service Provider Report 2023,-14.42918,129.42918,https://bushtel.nt.gov.au/profile/936,Not listed,Not confirmed,,,,,,,,,,,,,23.16676149460561,4G/LTE + 5G/NR + IoT,"IoT700, LTE700, LTE850, LTE2600, NR850, NR2600",2025,Telstra,822038,-14.24033,129.52,,Y,Y,Y,,,Y,,Y,,Y,,,,,,152.3157163567677,3G/UMTS + 4G/LTE,"UMTS900, LTE700",2025,Optus,852121,-15.762983,129.106028,,Y,,Y,,,,,,,,,,,,Y,Federal Mobile Black Spot Program (MBSP),5.0,266.563182677538,4G/LTE + 5G/NR,"LTE850, LTE1800, LTE2100, NR700",2025,TPG,800002,-12.4651,130.8425,,,Y,Y,Y,Y,,,,,,,,23.16676149460561,Telstra,343,Our Lady of the Sacred Heart Thamarrurr Catholic College,23.182514170563447,Combined,Catholic,Remote,School Single Entity,0,-14.2404,129.5205,50144,53310.0,13310.0,50144,Our Lady of the Sacred Heart Thamarrurr Catholic College,23.182514170563447,Combined,Catholic,Remote,School Single Entity,0,-14.2404,129.5205,50144,53310.0,13310.0,50144,0.0157526759578381,0.0157526759578381,No,No,No,No,,70400501,Thamarrurr exc. Wadeye,704005,Thamarrurr inc. Wadeye,704,Jabiru - Tiwi,7,Northern Territory,3352.8699,Within polygon,Matched,96,89,188,14,38,56,57,23,5,21,233,860,1.9,4.9,35.3,4,25,11,140,21,30,53,85,60.8,37.2,14.6,52,ABS 2021 Census Indigenous Profile,Indigenous Location (ILOC),2021
747,KULANG,KULAIL,Family Outstation,MACDONNELL,IYARRKA,CENTRAL LAND COUNCIL,GWOJA,CENTRAL AUSTRALIA,,Not recorded,-24.71557,129.00638,https://bushtel.nt.gov.au/profile/747,Not listed,Not confirmed,,,,,,,,,,,,,18.968274193799616,4G/LTE + IoT,"IoT700, LTE700",2025,Telstra,872125,-24.87253,129.079969,,Y,Y,,,,,,,,,,,,,,205.4999862915365,4G/LTE + 5G/NR + IoT,"NBIoT700, LTE700, LTE900, LTE2100, LTE2600, NR700, NR900, NR2100",2025,Optus,872155,-25.191336,130.976089,Y,,,Y,Y,,Y,,Y,Y,Y,Y,,,,,,,998.1717845215192,4G/LTE,"LTE850, LTE1800",2025,TPG,6430002,-30.7382,121.47878,,,Y,Y,,,,,,,,,,18.968274193799616,Telstra,378,Nyangatjatjara College - Kaltukatjara Campus (Docker River) Primary Campus,19.11042483468815,Primary,Independent,Very Remote,School Sub-Campus,0,-24.8729892831282,129.082349495758,40902,77301.0,14570.0,50160,Nyangatjatjara College - Kaltukatjara Campus (Docker River) Secondary Campus,19.7227163834463,Secondary,Independent,Very Remote,School Sub-Campus,0,-24.8812918779094,129.076019609991,53390,89017.0,14570.0,50160,0.7544421896466851,0.1421506408885342,No,No,No,No,,70900802,Kaltukatjara Outstations,709008,Kaltukatjara and Outstations,709,Apatula,7,Northern Territory,87474.9608,Within polygon,Matched,28,34,60,8,7,8,17,16,3,29,295,966,1.7,3.7,40.0,0,5,6,46,14,5,12,35,14.3,29.8,25.5,15,ABS 2021 Census Indigenous Profile,Indigenous Location (ILOC),2021
76,KULPITHARRA,"KULPITARA,KULPITARRA",Family Outstation,MACDONNELL,LJIRAPINTA,CENTRAL LAND COUNCIL,GWOJA,CENTRAL AUSTRALIA,2.0,Homelands Service Provider Report 2023,-23.73974,132.00279,https://bushtel.nt.gov.au/profile/76,Not listed,Not confirmed,,,,,,,,,,,,,61.56811180698248,4G/LTE + IoT,"IoT700, LTE700",2025,Telstra,872058,-23.19087,131.92328,,Y,Y,,,,,,,,,,,,,,54.75703133565354,3G/UMTS + 4G/LTE,"UMTS900, LTE700",2025,Optus,872191,-23.5863,132.51367,,Y,,Y,,,,,,,,,,,,Y,Federal Mobile Black Spot Program (MBSP),5.0,840.1191423472225,4G/LTE,LTE850,2025,TPG,4825002,-20.73424,139.49366,,,Y,,,,,,,,,,,54.75703133565354,Optus,106,Haasts Bluff School,34.81710860071829,Combined,Government,Very Remote,School Single Entity,0,-23.44753,131.88003,50092,47887.0,7887.0,50092,Haasts Bluff School,34.81710860071829,Combined,Government,Very Remote,School Single Entity,0,-23.44753,131.88003,50092,47887.0,7887.0,50092,-19.939922734935244,-19.939922734935244,Yes,Yes,No,Yes,,70901403,Tjuwanpa Outstations,709014,West MacDonnell Ranges,709,Apatula,7,Northern Territory,15970.5215,Within polygon,Matched,90,98,188,21,38,31,60,36,8,27,352,1166,1.5,4.3,51.2,0,21,12,134,28,19,47,85,43.5,34.6,19.5,59,ABS 2021 Census Indigenous Profile,Indigenous Location (ILOC),2021
351,KULTCHILL,"KULTHIL,KUTCHILL",Family Outstation,WEST DALY,THAMARRURR/PINDI PINDI,NORTHERN LAND COUNCIL,DALY,TOP END,,Not recorded,-14.42586,129.57391,https://bushtel.nt.gov.au/profile/351,Not listed,Not confirmed,,,,,,,,,,,,,21.431983736231786,4G/LTE + 5G/NR + IoT,"IoT700, LTE700, LTE850, LTE2600, NR850, NR2600",2025,Telstra,822038,-14.24033,129.52,,Y,Y,Y,,,Y,,Y,,Y,,,,,,156.9369876387285,3G/UMTS + 4G/LTE,"UMTS900, LTE700",2025,Optus,852121,-15.762983,129.106028,,Y,,Y,,,,,,,,,,,,Y,Federal Mobile Black Spot Program (MBSP),5.0,257.5964090572596,4G/LTE + 5G/NR,"LTE850, LTE1800, LTE2100, NR700",2025,TPG,800002,-12.4651,130.8425,,,Y,Y,Y,Y,,,,,,,,21.431983736231786,Telstra,357,Our Lady of the Sacred Heart Thamarrurr Catholic College,21.409951284885445,Combined,Catholic,Remote,School Single Entity,0,-14.2404,129.5205,50144,53310.0,13310.0,50144,Our Lady of the Sacred Heart Thamarrurr Catholic College,21.409951284885445,Combined,Catholic,Remote,School Single Entity,0,-14.2404,129.5205,50144,53310.0,13310.0,50144,-0.022032451346341,-0.022032451346341,Yes,Yes,No,No,,70400501,Thamarrurr exc. Wadeye,704005,Thamarrurr inc. Wadeye,704,Jabiru - Tiwi,7,Northern Territory,3352.8699,Within polygon,Matched,96,89,188,14,38,56,57,23,5,21,233,860,1.9,4.9,35.3,4,25,11,140,21,30,53,85,60.8,37.2,14.6,52,ABS 2021 Census Indigenous Profile,Indigenous Location (ILOC),2021
1000,KUMUNU,KUNUMU,Family Outstation,BARKLY,PATTA,CENTRAL LAND COUNCIL,BARKLY,BARKLY,,Not recorded,-18.76418,133.63946,https://bushtel.nt.gov.au/profile/1000,Not listed,Not confirmed,,,,,,,,,,,,,113.97910784524396,4G/LTE + 5G/NR + IoT,"IoT700, LTE700, LTE850, LTE2600, NR850, NR2600",2025,Telstra,860009,-19.65103,134.18377,,Y,Y,Y,,,Y,,Y,,Y,,,,,,52.19965628278567,3G/UMTS,UMTS900,2025,Optus,862040,-18.318584,133.795264,,Y,,,,,,,,,,,,,,,,,650.5864943119742,4G/LTE,LTE850,2025,TPG,4825002,-20.73424,139.49366,,,Y,,,,,,,,,,,52.19965628278567,Optus,117,Tennant Creek Primary School,114.17958695943426,Primary,Government,Very Remote,School Single Entity,0,-19.6501,134.18925,50046,56574.0,16574.0,50046,Tennant Creek High School,114.0215992614382,Secondary,Government,Very Remote,School Single Entity,0,-19.644142,134.196942,50007,47918.0,7918.0,50007,61.82194297865253,61.97993067664859,No,No,Yes,Yes,Review,70700302,Elliott Surrounds - Outstations,707003,Barkly,707,Tennant Creek,7,Northern Territory,115005.6995,Within polygon,Matched,47,43,91,10,21,14,30,17,0,25,350,1542,1.1,3.6,16.0,0,17,9,61,21,0,27,38,8.0,40.3,37.1,31,ABS 2021 Census Indigenous Profile,Indigenous Location (ILOC),2021
967,KUMURRULU,KUMURULU,Family Outstation,WEST ARNHEM,GUNBALANYA,NORTHERN LAND COUNCIL,ARAFURA,TOP END,15.0,Homelands Service Provider Report 2023,-12.27171,134.07048,https://bushtel.nt.gov.au/profile/967,Not listed,Not confirmed,,,,,,,,,,,,,29.71629834688397,4G/LTE + 5G/NR + IoT,"IoT700, LTE700, LTE850, LTE1800, LTE2100, LTE2600, NR850, NR2600",2025,Telstra,822008,-12.05532,134.23091,,Y,Y,Y,Y,Y,Y,,Y,,Y,,,Y,REGIONAL CO-INVESTMENT: RCP - TX Upgrade,1.0,122.01511757756488,3G/UMTS + 4G/LTE,"UMTS900, LTE700",2025,Optus,822106,-12.42654,132.95842,,Y,,Y,,,,,,,,,,,,Y,Federal Mobile Black Spot Program (MBSP),5.0,318.5868607239007,4G/LTE,"LTE850, LTE1800, LTE2100",2025,TPG,836002,-12.55419,131.15106,,,Y,Y,Y,,,,,,,,,29.71629834688397,Telstra,279,Maningrida College,29.69137178317272,Combined,Government,Very Remote,School Single Entity,0,-12.05041,134.22333,50061,47956.0,7956.0,50061,Maningrida College,29.69137178317272,Combined,Government,Very Remote,School Single Entity,0,-12.05041,134.22333,50061,47956.0,7956.0,50061,-0.0249265637112579,-0.0249265637112579,Yes,Yes,No,No,,70400401,Cobourg Peninsula - Demed Homelands,704004,North-West Arnhem,704,Jabiru - Tiwi,7,Northern Territory,23675.7318,Within polygon,Matched,145,127,279,27,57,40,102,44,3,27,239,1218,2.4,5.6,70.3,4,34,22,190,45,3,48,138,8.3,24.7,22.7,84,ABS 2021 Census Indigenous Profile,Indigenous Location (ILOC),2021
77,KUNAPULA,No aliases recorded with NTG DIPL,Family Outstation,MACDONNELL,IYARRKA,CENTRAL LAND COUNCIL,GWOJA,CENTRAL AUSTRALIA,,Not recorded,-25.15697,129.23411,https://bushtel.nt.gov.au/profile/77,Not listed,Not confirmed,,,,,,,,,,,,,35.23624928723896,4G/LTE + IoT,"IoT700, LTE700",2025,Telstra,872125,-24.87253,129.079969,,Y,Y,,,,,,,,,,,,,,175.34214894736695,4G/LTE + 5G/NR + IoT,"NBIoT700, LTE700, LTE900, LTE2100, LTE2600, NR700, NR900, NR2100",2025,Optus,872155,-25.191336,130.976089,Y,,,Y,Y,,Y,,Y,Y,Y,Y,,,,,,,982.0508156557628,4G/LTE,"LTE850, LTE1800",2025,TPG,6430002,-30.7382,121.47878,,,Y,Y,,,,,,,,,,35.23624928723896,Telstra,230,Nyangatjatjara College - Kaltukatjara Campus (Docker River) Primary Campus,35.08519223946678,Primary,Independent,Very Remote,School Sub-Campus,0,-24.8729892831282,129.082349495758,40902,77301.0,14570.0,50160,Nyangatjatjara College - Kaltukatjara Campus (Docker River) Secondary Campus,34.54584517304615,Secondary,Independent,Very Remote,School Sub-Campus,0,-24.8812918779094,129.076019609991,53390,89017.0,14570.0,50160,-0.690404114192809,-0.1510570477721842,Yes,Yes,No,No,,70900802,Kaltukatjara Outstations,709008,Kaltukatjara and Outstations,709,Apatula,7,Northern Territory,87474.9608,Within polygon,Matched,28,34,60,8,7,8,17,16,3,29,295,966,1.7,3.7,40.0,0,5,6,46,14,5,12,35,14.3,29.8,25.5,15,ABS 2021 Census Indigenous Profile,Indigenous Location (ILOC),2021
239,KUNAYUNGKU,"KUNYINGU,PARARINGI,PAWARINJI,PUWARIN",Family Outstation,BARKLY,ALYAWARR,CENTRAL LAND COUNCIL,BARKLY,BARKLY,,Not recorded,-19.74209,133.72464,https://bushtel.nt.gov.au/profile/239,Not listed,Not confirmed,,,,,,,,,,,,,49.12082450396659,4G/LTE + 5G/NR + IoT,"IoT700, LTE700, LTE850, LTE2600, NR850, NR2600",2025,Telstra,860009,-19.65103,134.18377,,Y,Y,Y,,,Y,,Y,,Y,,,,,,49.2532787170692,4G/LTE + IoT,"NBIoT700, LTE700, LTE2600",2025,Optus,860007,-19.64497,134.183655,Y,,,Y,,,,,Y,,,,,,,,,,611.8699231649068,4G/LTE,LTE850,2025,TPG,4825002,-20.73424,139.49366,,,Y,,,,,,,,,,,49.12082450396659,Telstra,135,Tennant Creek Primary School,49.70365727516528,Primary,Government,Very Remote,School Single Entity,0,-19.6501,134.18925,50046,56574.0,16574.0,50046,Tennant Creek High School,50.63122864434568,Secondary,Government,Very Remote,School Single Entity,0,-19.644142,134.196942,50007,47918.0,7918.0,50007,1.510404140379087,0.5828327711986887,No,No,Yes,No,,70700304,Julalikari - Outstations,707003,Barkly,707,Tennant Creek,7,Northern Territory,107784.4629,Within polygon,Matched,67,66,137,15,28,18,41,25,8,27,369,1020,1.4,4.2,31.0,4,26,10,90,13,20,34,41,60.0,39.8,15.9,43,ABS 2021 Census Indigenous Profile,Indigenous Location (ILOC),2021
391,KUNGARREWARL,"CLANCY'S CAMP,DJAYHGURRNGA,NAMARRING KARRAJI,NAMARRINGKARRAYI,OENPELLI CAMP",Family Outstation,WEST ARNHEM,GUNBALANYA,NORTHERN LAND COUNCIL,ARAFURA,TOP END,4.0,Homelands Service Provider Report 2023,-12.34346,133.05617,https://bushtel.nt.gov.au/profile/391,Yes,Confirmed,Primary name,KUNGARREWARL,0.0,KUNGARREWARL,COMMUNITY,5.0,,,YES,TELSTRA,-12.34346,133.05617,2.176765447985136,4G/LTE + 5G/NR + IoT,"IoT700, LTE700, LTE850, LTE2600, NR850, NR2600",2025,Telstra,822002,-12.32389,133.05667,,Y,Y,Y,,,Y,,Y,,Y,,,,,,14.073010163110794,3G/UMTS + 4G/LTE,"UMTS900, LTE700",2025,Optus,822106,-12.42654,132.95842,,Y,,Y,,,,,,,,,,,,Y,Federal Mobile Black Spot Program (MBSP),5.0,208.1806519362487,4G/LTE,"LTE850, LTE1800, LTE2100",2025,TPG,836002,-12.55419,131.15106,,,Y,Y,Y,,,,,,,,,2.176765447985136,Telstra,610,Gunbalanya School,2.460553642514771,Combined,Government,Remote,School Single Entity,0,-12.32135,133.05709,50058,47960.0,7960.0,50058,Gunbalanya School,2.460553642514771,Combined,Government,Remote,School Single Entity,0,-12.32135,133.05709,50058,47960.0,7960.0,50058,0.2837881945296354,0.2837881945296354,No,No,No,No,,70400401,Cobourg Peninsula - Demed Homelands,704004,North-West Arnhem,704,Jabiru - Tiwi,7,Northern Territory,23675.7318,Within polygon,Matched,145,127,279,27,57,40,102,44,3,27,239,1218,2.4,5.6,70.3,4,34,22,190,45,3,48,138,8.3,24.7,22.7,84,ABS 2021 Census Indigenous Profile,Indigenous Location (ILOC),2021
78,KUNGKAYUNTI,"BROWNS BORE,KUNGKIYUNTI",Family Outstation,MACDONNELL,LURITJA PINTUBI,CENTRAL LAND COUNCIL,GWOJA,CENTRAL AUSTRALIA,,Not recorded,-23.62647,131.24371,https://bushtel.nt.gov.au/profile/78,Not listed,Not confirmed,,,,,,,,,,,,,41.50268228979775,4G/LTE + IoT,"IoT700, LTE700",2025,Telstra,872082,-23.25451,131.2774,,Y,Y,,,,,,,,,,,Y,Federal Mobile Black Spot Program (MBSP),1.0,74.59079632529037,3G/UMTS + 4G/LTE,"UMTS900, LTE700",2025,Optus,872146,-24.251,131.5116,,Y,,Y,,,,,,,,,,,,Y,Federal Mobile Black Spot Program (MBSP),2.0,908.0852275471718,4G/LTE,LTE850,2025,TPG,4825002,-20.73424,139.49366,,,Y,,,,,,,,,,,41.50268228979775,Telstra,181,Watiyawanu School,40.18655011090804,Combined,Government,Very Remote,School Single Entity,0,-23.266169,131.274489,50130,47906.0,7906.0,50130,Watiyawanu School,40.18655011090804,Combined,Government,Very Remote,School Single Entity,0,-23.266169,131.274489,50130,47906.0,7906.0,50130,-1.3161321788897098,-1.3161321788897098,Yes,Yes,No,No,,70900601,Haasts Bluff and Outstations,709006,Haasts Bluff - Mount Liebig (Watiyawanu),709,Apatula,7,Northern Territory,2854.43,Within polygon,Matched,53,62,118,11,19,26,37,18,5,25,228,1375,2.3,5.1,55.0,6,13,5,83,18,4,21,62,13.0,27.7,24.1,30,ABS 2021 Census Indigenous Profile,Indigenous Location (ILOC),2021
14262,KURINELLI,No aliases recorded with NTG DIPL,Family Outstation,BARKLY,ALYAWARR,CENTRAL LAND COUNCIL,BARKLY,BARKLY,,Not recorded,-20.6114,135.04,https://bushtel.nt.gov.au/profile/14262,Not listed,Not confirmed,,,,,,,,,,,,,29.49489629784355,4G/LTE + IoT,"IoT700, LTE700",2025,Telstra,872166,-20.4463912,135.2617646,,Y,Y,,,,,,,,,,,Y,REGIONAL CO-INVESTMENT: NT RTCP - Greenfield Macro,2.0,80.45450744885864,3G/UMTS + 4G/LTE,"UMTS900, LTE700",2025,Optus,872187,-20.5558,134.2694,,Y,,Y,,,,,,,,,,,,Y,Federal Mobile Black Spot Program (MBSP),4.0,463.5249609960802,4G/LTE,LTE850,2025,TPG,4825002,-20.73424,139.49366,,,Y,,,,,,,,,,,29.49489629784355,Telstra,282,Epenarra School,27.363785365743368,Combined,Government,Very Remote,School Single Entity,0,-20.46311,135.24972,50089,56549.0,16549.0,50089,Epenarra School,27.363785365743368,Combined,Government,Very Remote,School Single Entity,0,-20.46311,135.24972,50089,56549.0,16549.0,50089,-2.131110932100181,-2.131110932100181,Yes,Yes,No,No,,70700304,Julalikari - Outstations,707003,Barkly,707,Tennant Creek,7,Northern Territory,107784.4629,Within polygon,Matched,67,66,137,15,28,18,41,25,8,27,369,1020,1.4,4.2,31.0,4,26,10,90,13,20,34,41,60.0,39.8,15.9,43,ABS 2021 Census Indigenous Profile,Indigenous Location (ILOC),2021
110,KURIPPI,"JONESY'S CAMP,MOUNT DENISON",Family Outstation,CENTRAL DESERT,SOUTHERN TANAMI,CENTRAL LAND COUNCIL,GWOJA,CENTRAL AUSTRALIA,,Not recorded,-22.14211,132.05316,https://bushtel.nt.gov.au/profile/110,Not listed,Not confirmed,,,,,,,,,,,,,20.28687457386356,4G/LTE + IoT,"IoT700, LTE700",2025,Telstra,872177,-22.25834811,132.205041,,Y,Y,,,,,,,,,,,Y,REGIONAL CO-INVESTMENT: NT RTCP - Greenfield Macro,2.0,140.4451168149573,3G/UMTS + 4G/LTE,"UMTS900, LTE700",2025,Optus,872135,-22.13295,133.4167,,Y,,Y,,,,,,,,,,,,,,,785.7568233760836,4G/LTE,LTE850,2025,TPG,4825002,-20.73424,139.49366,,,Y,,,,,,,,,,,20.28687457386356,Telstra,364,Mount Allan School,20.408856219776403,Combined,Government,Very Remote,School Single Entity,0,-22.2566,132.2081,50105,56567.0,16567.0,50105,Mount Allan School,20.408856219776403,Combined,Government,Very Remote,School Single Entity,0,-22.2566,132.2081,50105,56567.0,16567.0,50105,0.1219816459128431,0.1219816459128431,No,No,No,No,,70900301,Anmatjere - Surrounds,709003,Anmatjere,709,Apatula,7,Northern Territory,49609.3293,Within polygon,Matched,59,43,104,14,10,13,33,25,7,31,226,675,1.5,4.1,40.9,4,12,6,78,0,10,15,58,80.0,19.5,3.9,24,ABS 2021 Census Indigenous Profile,Indigenous Location (ILOC),2021
81,KURKUTJARA,No aliases recorded with NTG DIPL,Family Outstation,MACDONNELL,IYARRKA,CENTRAL LAND COUNCIL,GWOJA,CENTRAL AUSTRALIA,,Not recorded,-25.94178,129.41115,https://bushtel.nt.gov.au/profile/81,Not listed,Not confirmed,,,,,,,,,,,,,33.807679782265055,4G/LTE + IoT,"IoT700, LTE700",2025,Telstra,872129,-26.15862,129.17393,,Y,Y,,,,,,,,,,,Y,Federal Mobile Black Spot Program (MBSP),1.0,175.85510585604186,4G/LTE + IoT,"NBIoT700, LTE700, LTE900, LTE2100, LTE2600",2025,Optus,872003,-25.242591,130.984035,Y,,,Y,Y,,Y,,Y,,,,,,,,,,941.4100788413884,4G/LTE,"LTE850, LTE1800",2025,TPG,6430002,-30.7382,121.47878,,,Y,Y,,,,,,,,,,33.807679782265055,Telstra,236,Nyangatjatjara College - Kaltukatjara Campus (Docker River) Primary Campus,123.34725560639112,Primary,Independent,Very Remote,School Sub-Campus,0,-24.8729892831282,129.082349495758,40902,77301.0,14570.0,50160,Nyangatjatjara College - Kaltukatjara Campus (Docker River) Secondary Campus,122.63066336986893,Secondary,Independent,Very Remote,School Sub-Campus,0,-24.8812918779094,129.076019609991,53390,89017.0,14570.0,50160,88.82298358760387,89.53957582412608,No,No,Yes,No,,70900802,Kaltukatjara Outstations,709008,Kaltukatjara and Outstations,709,Apatula,7,Northern Territory,87474.9608,Within polygon,Matched,28,34,60,8,7,8,17,16,3,29,295,966,1.7,3.7,40.0,0,5,6,46,14,5,12,35,14.3,29.8,25.5,15,ABS 2021 Census Indigenous Profile,Indigenous Location (ILOC),2021
905,KURNTAPURRA,"FREWENA,KUNTAPURLA,KURNTURLPARA,NO 6 BORE",Family Outstation,BARKLY,KUWARRANGU,NORTHERN LAND COUNCIL,BARKLY,BARKLY,24.0,Homelands Service Provider Report 2023,-19.39177,135.39788,https://bushtel.nt.gov.au/profile/905,Not listed,Not confirmed,,,,,,,,,,,,,57.21077046886925,4G/LTE + IoT,"IoT700, LTE700",2025,Telstra,860001,-19.71028,135.82667,,Y,Y,,,,,,,,,,,,,,57.31853647100478,3G/UMTS,UMTS900,2025,Optus,862041,-19.71095,135.82742,,Y,,,,,,,,,,,,,,,,,453.0667461863098,4G/LTE,LTE850,2025,TPG,4825002,-20.73424,139.49366,,,Y,,,,,,,,,,,57.21077046886925,Telstra,96,Rockhampton Downs School,53.79047042849757,Combined,Government,Very Remote,School Single Entity,0,-18.947861,135.19435,50132,86706.0,16542.0,50132,Rockhampton Downs School,53.79047042849757,Combined,Government,Very Remote,School Single Entity,0,-18.947861,135.19435,50132,86706.0,16542.0,50132,-3.4203000403716786,-3.4203000403716786,Yes,Yes,Yes,Yes,Review,70700301,Barkly Tablelands - Outstations,707003,Barkly,707,Tennant Creek,7,Northern Territory,79907.8275,Within polygon,Matched,45,19,64,7,12,5,13,17,6,28,725,924,1.3,3.4,12.5,3,7,7,44,18,0,23,18,4.3,56.1,53.7,19,ABS 2021 Census Indigenous Profile,Indigenous Location (ILOC),2021
822,KURRAYA,GOOSE RIVER,Family Outstation,BARKLY,PATTA,CENTRAL LAND COUNCIL,BARKLY,BARKLY,1.0,Homelands Service Provider Report 2023,-19.76559,134.47545,https://bushtel.nt.gov.au/profile/822,Not listed,Not confirmed,,,,,,,,,,,,,30.14343350016703,4G/LTE + 5G/NR + IoT,"IoT700, LTE700, LTE850, LTE2600, NR850, NR2600",2025,Telstra,860002,-19.63417,134.22361,,Y,Y,Y,,,Y,,Y,,Y,,,,,,33.360978706462205,4G/LTE + IoT,"NBIoT700, LTE700, LTE2600",2025,Optus,860007,-19.64497,134.183655,Y,,,Y,,,,,Y,,,,,,,,,,534.4484427205857,4G/LTE,LTE850,2025,TPG,4825002,-20.73424,139.49366,,,Y,,,,,,,,,,,30.14343350016703,Telstra,274,Tennant Creek Primary School,32.5961815629215,Primary,Government,Very Remote,School Single Entity,0,-19.6501,134.18925,50046,56574.0,16574.0,50046,Tennant Creek High School,32.13094083605507,Secondary,Government,Very Remote,School Single Entity,0,-19.644142,134.196942,50007,47918.0,7918.0,50007,1.9875073358880364,2.4527480627544698,No,No,No,No,,70700304,Julalikari - Outstations,707003,Barkly,707,Tennant Creek,7,Northern Territory,107784.4629,Within polygon,Matched,67,66,137,15,28,18,41,25,8,27,369,1020,1.4,4.2,31.0,4,26,10,90,13,20,34,41,60.0,39.8,15.9,43,ABS 2021 Census Indigenous Profile,Indigenous Location (ILOC),2021
753,KURRURLDUL,"KURRURLOUL,KURULDU",Family Outstation,WEST ARNHEM,MANINGRIDA,NORTHERN LAND COUNCIL,ARAFURA,TOP END,,Not recorded,-12.48806,134.24012,https://bushtel.nt.gov.au/profile/753,Not listed,Not confirmed,,,,,,,,,,,,,48.12896352939672,4G/LTE + 5G/NR + IoT,"IoT700, LTE700, LTE850, LTE1800, LTE2100, LTE2600, NR850, NR2600",2025,Telstra,822008,-12.05532,134.23091,,Y,Y,Y,Y,Y,Y,,Y,,Y,,,Y,REGIONAL CO-INVESTMENT: RCP - TX Upgrade,1.0,139.3313086995641,3G/UMTS + 4G/LTE,"UMTS900, LTE700",2025,Optus,822106,-12.42654,132.95842,,Y,,Y,,,,,,,,,,,,Y,Federal Mobile Black Spot Program (MBSP),5.0,335.397484269175,4G/LTE,"LTE850, LTE1800, LTE2100",2025,TPG,836002,-12.55419,131.15106,,,Y,Y,Y,,,,,,,,,48.12896352939672,Telstra,141,Nawarddeken Academy Manmoyi School,15.09572316126394,Combined,Independent,Very Remote,School Single Entity,0,-12.54418519,134.1134967,53058,87768.0,87763.0,53058,Nawarddeken Academy Manmoyi School,15.09572316126394,Combined,Independent,Very Remote,School Single Entity,0,-12.54418519,134.1134967,53058,87768.0,87763.0,53058,-33.03324036813278,-33.03324036813278,Yes,Yes,No,No,,70400302,Maningrida Outstations,704003,Maningrida and Outstations,704,Jabiru - Tiwi,7,Northern Territory,9758.0375,Within polygon,Matched,170,195,366,23,65,77,131,58,11,26,207,900,2.1,5.9,72.3,4,34,42,283,10,22,35,226,60.6,11.8,4.6,88,ABS 2021 Census Indigenous Profile,Indigenous Location (ILOC),2021
776,KUWUMA,"DJUDIN,KUAMA,KWARMA",Family Outstation,WEST DALY,THAMARRURR/PINDI PINDI,NORTHERN LAND COUNCIL,DALY,TOP END,1.0,Homelands Service Provider Report 2023,-13.59805,130.36991,https://bushtel.nt.gov.au/profile/776,Not listed,Not confirmed,,,,,,,,,,,,,38.450381625200656,4G/LTE + 5G/NR + IoT,"IoT700, LTE700, LTE850, NR850",2025,Telstra,822007,-13.75083,130.68917,,Y,Y,Y,,,,,Y,,,,,,,,58.66444421440869,3G/UMTS + 4G/LTE,"UMTS900, LTE700",2025,Optus,822091,-13.164608,130.679087,,Y,,Y,,,,,,,,,,,,Y,Federal Mobile Black Spot Program (MBSP),2.0,135.98359017320058,4G/LTE + 5G/NR,"LTE850, LTE1800, LTE2100, NR700",2025,TPG,800002,-12.4651,130.8425,,,Y,Y,Y,Y,,,,,,,,38.450381625200656,Telstra,201,Woolianna School,35.879837370621566,Combined,Government,Very Remote,School Single Entity,0,-13.7109,130.681,50133,56579.0,16579.0,50133,Woolianna School,35.879837370621566,Combined,Government,Very Remote,School Single Entity,0,-13.7109,130.681,50133,56579.0,16579.0,50133,-2.57054425457909,-2.57054425457909,Yes,Yes,No,No,,70400101,Douglas-Daly,704001,Douglas-Daly,704,Jabiru - Tiwi,7,Northern Territory,34368.2996,Within polygon,Matched,87,77,169,14,32,24,65,18,15,30,340,919,1.6,3.3,25.0,0,24,3,119,32,4,34,78,9.4,27.1,24.6,46,ABS 2021 Census Indigenous Profile,Indigenous Location (ILOC),2021
718,KUY,No aliases recorded with NTG DIPL,Family Outstation,WEST DALY,THAMARRURR/PINDI PINDI,NORTHERN LAND COUNCIL,DALY,TOP END,29.0,Homelands Service Provider Report 2023,-14.03546,129.59784,https://bushtel.nt.gov.au/profile/718,Yes,Confirmed,Primary name,KUY,0.0,KUY,COMMUNITY,5.0,,,YES,TELSTRA,-14.03546,129.59784,24.277551684531005,4G/LTE + 5G/NR + IoT,"IoT700, LTE700, LTE850, LTE2600, NR850, NR2600",2025,Telstra,822038,-14.24033,129.52,,Y,Y,Y,,,Y,,Y,,Y,,,,,,151.76437087841094,3G/UMTS + 4G/LTE,"UMTS900, LTE700",2025,Optus,822091,-13.164608,130.679087,,Y,,Y,,,,,,,,,,,,Y,Federal Mobile Black Spot Program (MBSP),2.0,220.5397582642031,4G/LTE + 5G/NR,"LTE850, LTE1800, LTE2100, NR700",2025,TPG,800002,-12.4651,130.8425,,,Y,Y,Y,Y,,,,,,,,24.277551684531005,Telstra,333,Our Lady of the Sacred Heart Thamarrurr Catholic College,24.266274417955955,Combined,Catholic,Remote,School Single Entity,0,-14.2404,129.5205,50144,53310.0,13310.0,50144,Our Lady of the Sacred Heart Thamarrurr Catholic College,24.266274417955955,Combined,Catholic,Remote,School Single Entity,0,-14.2404,129.5205,50144,53310.0,13310.0,50144,-0.0112772665750497,-0.0112772665750497,Yes,Yes,No,No,,70400501,Thamarrurr exc. Wadeye,704005,Thamarrurr inc. Wadeye,704,Jabiru - Tiwi,7,Northern Territory,3352.8699,Within polygon,Matched,96,89,188,14,38,56,57,23,5,21,233,860,1.9,4.9,35.3,4,25,11,140,21,30,53,85,60.8,37.2,14.6,52,ABS 2021 Census Indigenous Profile,Indigenous Location (ILOC),2021
83,KWALA,ELLERY CREEK,Family Outstation,MACDONNELL,LJIRAPINTA,CENTRAL LAND COUNCIL,GWOJA,CENTRAL AUSTRALIA,4.0,Homelands Service Provider Report 2023,-23.92724,132.88974,https://bushtel.nt.gov.au/profile/83,Not listed,Not confirmed,,,,,,,,,,,,,11.596250132930924,4G/LTE + IoT,"IoT700, LTE700, LTE2600",2025,Telstra,872034,-23.94213,132.77681,,Y,Y,,,,Y,,,,,,,,,,20.91253293064856,3G/UMTS + 4G/LTE,"UMTS900, LTE700",2025,Optus,872189,-24.056241,132.739943,,Y,,Y,,,,,,,,,,,,Y,Federal Mobile Black Spot Program (MBSP),4.0,766.2827484713091,4G/LTE,LTE850,2025,TPG,4825002,-20.73424,139.49366,,,Y,,,,,,,,,,,11.596250132930924,Telstra,475,Ntaria School,11.68043594590904,Combined,Government,Very Remote,School Single Entity,0,-23.94262,132.776051,50111,56572.0,16572.0,50111,Ntaria School,11.68043594590904,Combined,Government,Very Remote,School Single Entity,0,-23.94262,132.776051,50111,56572.0,16572.0,50111,0.0841858129781165,0.0841858129781165,No,No,No,No,,70901403,Tjuwanpa Outstations,709014,West MacDonnell Ranges,709,Apatula,7,Northern Territory,15970.5215,Within polygon,Matched,90,98,188,21,38,31,60,36,8,27,352,1166,1.5,4.3,51.2,0,21,12,134,28,19,47,85,43.5,34.6,19.5,59,ABS 2021 Census Indigenous Profile,Indigenous Location (ILOC),2021
925,KWALE KWALE,PAYEPERRENTYE (A),Family Outstation,MACDONNELL,RODINGA,CENTRAL LAND COUNCIL,NAMATJIRA,CENTRAL AUSTRALIA,21.0,Homelands Service Provider Report 2023,-23.76972,133.57451,https://bushtel.nt.gov.au/profile/925,Yes,Confirmed,Primary name,KWALE KWALE,0.0,KWALE KWALE,COMMUNITY,25.0,,,YES,OPTUS/TELSTRA,-23.76972,133.57451,11.888048890068571,4G/LTE + IoT,"IoT700, LTE700",2025,Telstra,872167,-23.7218,133.4701,,Y,Y,,,,,,,,,,,Y,REGIONAL CO-INVESTMENT: Small Cell Satellite,,28.285999212398128,4G/LTE + 5G/NR + IoT,"NBIoT700, LTE700, LTE900, LTE1800, LTE2100, LTE2600, NR700, NR900, NR2100",2025,Optus,870064,-23.69695,133.84078,Y,,,Y,Y,Y,Y,,Y,Y,Y,Y,,,,,,,696.2971657708933,4G/LTE,LTE850,2025,TPG,4825002,-20.73424,139.49366,,,Y,,,,,,,,,,,11.888048890068571,Telstra,473,Living Waters Lutheran School,27.36375937925341,Primary,Independent,Remote,School Single Entity,0,-23.69766,133.83155,50151,46877.0,6877.0,50151,Araluen Christian College,29.10595686935653,Combined,Independent,Remote,School Single Entity,0,-23.70771,133.85232,40343,55336.0,15336.0,40343,17.21790797928796,15.475710489184834,No,No,No,No,,70900103,South MacDonnell Ranges,709001,Amoonguna - Santa Teresa - Titjikala,709,Apatula,7,Northern Territory,31517.5382,Within polygon,Matched,651,171,821,14,29,137,420,188,34,35,360,645,1.0,2.5,10.9,6,16,14,773,55,7,64,688,12.3,8.4,7.4,43,ABS 2021 Census Indigenous Profile,Indigenous Location (ILOC),2021
777,KWOMBOM,KWOMBON,Family Outstation,WEST DALY,THAMARRURR/PINDI PINDI,NORTHERN LAND COUNCIL,DALY,TOP END,,Not recorded,-13.95523,130.29075,https://bushtel.nt.gov.au/profile/777,Not listed,Not confirmed,,,,,,,,,,,,,24.2627431498046,4G/LTE,LTE700,2025,Telstra,822126,-14.17049,130.32755,,,Y,,,,,,,,,,,Y,REGIONAL CO-INVESTMENT: NT RSCP - Small Cell Satellite,,96.97337277606812,3G/UMTS + 4G/LTE,"UMTS900, LTE700",2025,Optus,822110,-13.247436,130.814953,,Y,,Y,,,,,,,,,,,,Y,Federal Mobile Black Spot Program (MBSP),5.0,175.91988613010224,4G/LTE,"LTE850, LTE1800, LTE2100",2025,TPG,836004,-12.613261,131.151729,,,Y,Y,Y,,,,,,,,,24.2627431498046,Telstra,334,Nganambala School,24.17988003619544,Combined,Government,Very Remote,School Single Entity,0,-14.1701,130.32521,50362,69230.0,29230.0,50362,Nganambala School,24.17988003619544,Combined,Government,Very Remote,School Single Entity,0,-14.1701,130.32521,50362,69230.0,29230.0,50362,-0.0828631136091608,-0.0828631136091608,Yes,Yes,No,No,,70400101,Douglas-Daly,704001,Douglas-Daly,704,Jabiru - Tiwi,7,Northern Territory,34368.2996,Within polygon,Matched,87,77,169,14,32,24,65,18,15,30,340,919,1.6,3.3,25.0,0,24,3,119,32,4,34,78,9.4,27.1,24.6,46,ABS 2021 Census Indigenous Profile,Indigenous Location (ILOC),2021
85,LABRAPUNTJA,No aliases recorded with NTG DIPL,Family Outstation,MACDONNELL,LJIRAPINTA,CENTRAL LAND COUNCIL,GWOJA,CENTRAL AUSTRALIA,9.0,Homelands Service Provider Report 2023,-23.91184,132.93926,https://bushtel.nt.gov.au/profile/85,Not listed,Not confirmed,,,,,,,,,,,,,16.851329050500347,4G/LTE + IoT,"IoT700, LTE700, LTE2600",2025,Telstra,872034,-23.94213,132.77681,,Y,Y,,,,Y,,,,,,,,,,19.425310306352458,3G/UMTS + 4G/LTE,"UMTS900, LTE700",2025,Optus,872169,-23.7882,133.0742,,Y,,Y,,,,,,,,,,,,Y,Federal Mobile Black Spot Program (MBSP),4.0,761.012164625645,4G/LTE,LTE850,2025,TPG,4825002,-20.73424,139.49366,,,Y,,,,,,,,,,,16.851329050500347,Telstra,400,Ntaria School,16.937818500234826,Combined,Government,Very Remote,School Single Entity,0,-23.94262,132.776051,50111,56572.0,16572.0,50111,Ntaria School,16.937818500234826,Combined,Government,Very Remote,School Single Entity,0,-23.94262,132.776051,50111,56572.0,16572.0,50111,0.0864894497344792,0.0864894497344792,No,No,No,No,,70901403,Tjuwanpa Outstations,709014,West MacDonnell Ranges,709,Apatula,7,Northern Territory,15970.5215,Within polygon,Matched,90,98,188,21,38,31,60,36,8,27,352,1166,1.5,4.3,51.2,0,21,12,134,28,19,47,85,43.5,34.6,19.5,59,ABS 2021 Census Indigenous Profile,Indigenous Location (ILOC),2021
833,LAKE KATHERINE,No aliases recorded with NTG DIPL,Family Outstation,ROPER GULF,YUGUL MANGI,NORTHERN LAND COUNCIL,ARNHEM,BIG RIVERS,,Not recorded,-14.27374,135.06805,https://bushtel.nt.gov.au/profile/833,Not listed,Not confirmed,,,,,,,,,,,,,62.58964032604158,4G/LTE + IoT,"IoT700, LTE700, LTE2600",2025,Telstra,852002,-14.73361,134.73278,,Y,Y,,,,Y,,,,,,,,,,212.70902785584963,3G/UMTS + 4G/LTE,"UMTS900, LTE700",2025,Optus,852113,-14.9541,133.2204,,Y,,Y,,,,,,,,,,,,Y,Federal Mobile Black Spot Program (MBSP),5.0,462.0188509841824,4G/LTE,"LTE850, LTE1800, LTE2100",2025,TPG,836004,-12.613261,131.151729,,,Y,Y,Y,,,,,,,,,62.58964032604158,Telstra,73,Ngukurr School,62.11277081538267,Combined,Government,Very Remote,School Single Entity,0,-14.7285,134.733,50063,47959.0,7959.0,50063,Ngukurr School,62.11277081538267,Combined,Government,Very Remote,School Single Entity,0,-14.7285,134.733,50063,47959.0,7959.0,50063,-0.4768695106589149,-0.4768695106589149,Yes,Yes,Yes,Yes,Review,70500405,Yugul Mangi Outstations,705004,Gulf,705,Katherine,7,Northern Territory,32782.3489,Within polygon,Matched,12,17,24,0,0,3,11,9,0,38,177,687,1.9,4.5,66.7,0,0,0,24,0,4,3,17,40.0,20.0,12.0,0,ABS 2021 Census Indigenous Profile,Indigenous Location (ILOC),2021
519,LANGARRA,HOWARD ISLAND,Family Outstation,EAST ARNHEM,GUMURR GATTJIRRK,NORTHERN LAND COUNCIL,MULKA,EAST ARNHEM,23.0,Homelands Service Provider Report 2023,-12.09918,135.36168,https://bushtel.nt.gov.au/profile/519,Not listed,Not confirmed,,,,,,,,,,,,,23.605228596178414,4G/LTE + 5G/NR + IoT,"IoT700, LTE700, LTE850, LTE2600, NR850, NR2600",2025,Telstra,822005,-12.02483,135.56501,,Y,Y,Y,,,Y,,Y,,Y,,,,,,154.11468454415956,4G/LTE + IoT,"NBIoT700, LTE700, LTE2600",2025,Optus,880003,-12.181375,136.776877,Y,,,Y,,,,,Y,,,,,,,,,,460.19013301783775,4G/LTE,"LTE850, LTE1800, LTE2100",2025,TPG,836002,-12.55419,131.15106,,,Y,Y,Y,,,,,,,,,23.605228596178414,Telstra,339,Mapuru Yirralka College,18.914047660362748,Combined,Independent,Very Remote,School Single Entity,0,-12.252298,135.437467,40849,68912.0,28912.0,40849,Mapuru Yirralka College,18.914047660362748,Combined,Independent,Very Remote,School Single Entity,0,-12.252298,135.437467,40849,68912.0,28912.0,40849,-4.691180935815666,-4.691180935815666,Yes,Yes,No,No,,70600402,Marthakal Homelands exc. Galiwinku,706004,Marthakal Homelands - Galiwinku,706,Nhulunbuy,7,Northern Territory,5177.5161,Within polygon,Matched,204,224,425,32,93,102,113,79,18,23,281,1312,1.8,5.7,64.7,8,68,36,308,27,25,58,245,43.6,18.0,10.2,125,ABS 2021 Census Indigenous Profile,Indigenous Location (ILOC),2021
696,LARRPAYANJI,MT BIRCH,Family Outstation,ROPER GULF,YUGUL MANGI,NORTHERN LAND COUNCIL,ARNHEM,BIG RIVERS,,Not recorded,-14.78334,134.68017,https://bushtel.nt.gov.au/profile/696,Not listed,Not confirmed,,,,,,,,,,,,,7.910705604213386,4G/LTE + IoT,"IoT700, LTE700, LTE2600",2025,Telstra,852002,-14.73361,134.73278,,Y,Y,,,,Y,,,,,,,,,,158.02870884325614,3G/UMTS + 4G/LTE,"UMTS900, LTE700",2025,Optus,852113,-14.9541,133.2204,,Y,,Y,,,,,,,,,,,,Y,Federal Mobile Black Spot Program (MBSP),5.0,451.1164197053634,4G/LTE,"LTE850, LTE1800, LTE2100",2025,TPG,836004,-12.613261,131.151729,,,Y,Y,Y,,,,,,,,,7.910705604213386,Telstra,527,Ngukurr School,8.333975211316051,Combined,Government,Very Remote,School Single Entity,0,-14.7285,134.733,50063,47959.0,7959.0,50063,Ngukurr School,8.333975211316051,Combined,Government,Very Remote,School Single Entity,0,-14.7285,134.733,50063,47959.0,7959.0,50063,0.4232696071026653,0.4232696071026653,No,No,No,No,,70500405,Yugul Mangi Outstations,705004,Gulf,705,Katherine,7,Northern Territory,32782.3489,Within polygon,Matched,12,17,24,0,0,3,11,9,0,38,177,687,1.9,4.5,66.7,0,0,0,24,0,4,3,17,40.0,20.0,12.0,0,ABS 2021 Census Indigenous Profile,Indigenous Location (ILOC),2021
1008,LEICHARDT,No aliases recorded with NTG DIPL,Family Outstation,WEST DALY,THAMARRURR/PINDI PINDI,NORTHERN LAND COUNCIL,DALY,TOP END,,Not recorded,-13.84806,130.27907,https://bushtel.nt.gov.au/profile/1008,Not listed,Not confirmed,,,,,,,,,,,,,36.23214096785191,4G/LTE,LTE700,2025,Telstra,822126,-14.17049,130.32755,,,Y,,,,,,,,,,,Y,REGIONAL CO-INVESTMENT: NT RSCP - Small Cell Satellite,,87.44132860940674,3G/UMTS + 4G/LTE,"UMTS900, LTE700",2025,Optus,822091,-13.164608,130.679087,,Y,,Y,,,,,,,,,,,,Y,Federal Mobile Black Spot Program (MBSP),2.0,165.4367589266722,4G/LTE + 5G/NR,"LTE850, LTE1800, LTE2100, NR700",2025,TPG,800002,-12.4651,130.8425,,,Y,Y,Y,Y,,,,,,,,36.23214096785191,Telstra,219,St Francis Xavier Catholic School - Wudikapildiyer Homeland Learning Centre Campus,29.920747449167845,Combined,Catholic,Very Remote,School Sub-Campus,0,-13.8593246864877,130.002167496203,53319,,13312.0,50145,St Francis Xavier Catholic School - Wudikapildiyer Homeland Learning Centre Campus,29.920747449167845,Combined,Catholic,Very Remote,School Sub-Campus,0,-13.8593246864877,130.002167496203,53319,,13312.0,50145,-6.311393518684067,-6.311393518684067,Yes,Yes,No,No,,70400101,Douglas-Daly,704001,Douglas-Daly,704,Jabiru - Tiwi,7,Northern Territory,34368.2996,Within polygon,Matched,87,77,169,14,32,24,65,18,15,30,340,919,1.6,3.3,25.0,0,24,3,119,32,4,34,78,9.4,27.1,24.6,46,ABS 2021 Census Indigenous Profile,Indigenous Location (ILOC),2021
820,LIJA MUKUMPARLA,"LEIGHJA,LIJA,MUKUMPARLA,MUKUNPARLA,WOMBAYA",Family Outstation,BARKLY,KUWARRANGU,NORTHERN LAND COUNCIL,BARKLY,BARKLY,,Not recorded,-17.33208,135.08074,https://bushtel.nt.gov.au/profile/820,Not listed,Not confirmed,,,,,,,,,,,,,99.56122542038736,4G/LTE + IoT,"IoT700, LTE700",2025,Telstra,852089,-16.6839,135.7267,,Y,Y,,,,,,,,,,,,,,99.58687963265092,3G/UMTS,UMTS900,2025,Optus,852089,-16.6834,135.7265,,Y,,,,,,,,,,,,,,Y,Federal Mobile Black Spot Program (MBSP),2.0,598.4902134866031,4G/LTE,LTE850,2025,TPG,4825002,-20.73424,139.49366,,,Y,,,,,,,,,,,99.56122542038736,Telstra,19,Kiana School,117.47918731431426,Combined,Government,Very Remote,School Single Entity,0,-17.24244,136.18325,40341,56558.0,16558.0,40341,Kiana School,117.47918731431426,Combined,Government,Very Remote,School Single Entity,0,-17.24244,136.18325,40341,56558.0,16558.0,40341,17.9179618939269,17.9179618939269,No,No,Yes,Yes,Review,70700302,Elliott Surrounds - Outstations,707003,Barkly,707,Tennant Creek,7,Northern Territory,115005.6995,Within polygon,Matched,47,43,91,10,21,14,30,17,0,25,350,1542,1.1,3.6,16.0,0,17,9,61,21,0,27,38,8.0,40.3,37.1,31,ABS 2021 Census Indigenous Profile,Indigenous Location (ILOC),2021
610,LIKU,"BOONEROO,BOONEROO WAVE HILL",Family Outstation,VICTORIA DALY,DAGURAGU,CENTRAL LAND COUNCIL,GWOJA,BIG RIVERS,,Not recorded,-17.91141,130.50429,https://bushtel.nt.gov.au/profile/610,Not listed,Not confirmed,,,,,,,,,,,,,48.67500665367864,4G/LTE + 5G/NR + IoT,"IoT700, LTE700, LTE850, LTE2600, NR850, NR2600",2025,Telstra,852001,-18.33139,130.63417,,Y,Y,Y,,,Y,,Y,,Y,,,,,,159.08344270970787,3G/UMTS + 4G/LTE,"UMTS900, LTE700",2025,Optus,852107,-16.486946,130.643636,,Y,,Y,,,,,,,,,,,,Y,Federal Mobile Black Spot Program (MBSP),2.0,593.204366657381,4G/LTE,"LTE850, LTE1800, LTE2100",2025,TPG,836004,-12.613261,131.151729,,,Y,Y,Y,,,,,,,,,48.67500665367864,Telstra,137,Lajamanu School,49.08666530221517,Combined,Government,Very Remote,School Single Entity,0,-18.3353,130.633981,50060,44761.0,4761.0,50060,Lajamanu School,49.08666530221517,Combined,Government,Very Remote,School Single Entity,0,-18.3353,130.633981,50060,44761.0,4761.0,50060,0.4116586485365303,0.4116586485365303,No,No,No,No,,70500803,Daguragu Outstations,705008,Victoria River,705,Katherine,7,Northern Territory,41402.8914,Within polygon,Matched,18,7,23,0,0,4,4,5,0,22,267,2250,1.3,7.5,50.0,0,0,0,14,6,4,7,8,28.6,50.0,35.7,0,ABS 2021 Census Indigenous Profile,Indigenous Location (ILOC),2021
88,LILLA,"LILA,REEDY ROCKHOLE",Family Outstation,MACDONNELL,LJIRAPINTA,CENTRAL LAND COUNCIL,GWOJA,CENTRAL AUSTRALIA,9.0,Homelands Service Provider Report 2023,-24.3005,131.6026,https://bushtel.nt.gov.au/profile/88,Not listed,Not confirmed,,,,,,,,,,,,,10.780513693813162,4G/LTE + IoT,"IoT700, LTE700",2025,Telstra,872045,-24.25223,131.510363,,Y,Y,,,,,,,,,,,,,,10.741432609479078,3G/UMTS + 4G/LTE,"UMTS900, LTE700",2025,Optus,872146,-24.251,131.5116,,Y,,Y,,,,,,,,,,,,Y,Federal Mobile Black Spot Program (MBSP),2.0,902.0948897691018,4G/LTE,LTE850,2025,TPG,4825002,-20.73424,139.49366,,,Y,,,,,,,,,,,10.741432609479078,Optus,487,Watarrka School,0.1250343206938282,Combined,Government,Very Remote,School Single Entity,0,-24.30093,131.60146,50097,56561.0,16561.0,50097,Watarrka School,0.1250343206938282,Combined,Government,Very Remote,School Single Entity,0,-24.30093,131.60146,50097,56561.0,16561.0,50097,-10.61639828878525,-10.61639828878525,Yes,Yes,No,No,,70900802,Kaltukatjara Outstations,709008,Kaltukatjara and Outstations,709,Apatula,7,Northern Territory,87474.9608,Within polygon,Matched,28,34,60,8,7,8,17,16,3,29,295,966,1.7,3.7,40.0,0,5,6,46,14,5,12,35,14.3,29.8,25.5,15,ABS 2021 Census Indigenous Profile,Indigenous Location (ILOC),2021
93,LILTJERA,"LILTJIRA,LILTSERE,LJILJERA,LYILTJARA,LYILTJERA",Family Outstation,MACDONNELL,LJIRAPINTA,CENTRAL LAND COUNCIL,GWOJA,CENTRAL AUSTRALIA,6.0,Homelands Service Provider Report 2023,-23.9364,132.63779,https://bushtel.nt.gov.au/profile/93,Not listed,Not confirmed,,,,,,,,,,,,,14.142911967934587,4G/LTE + IoT,"IoT700, LTE700, LTE2600",2025,Telstra,872034,-23.94213,132.77681,,Y,Y,,,,Y,,,,,,,,,,16.889666392292405,3G/UMTS + 4G/LTE,"UMTS900, LTE700",2025,Optus,872189,-24.056241,132.739943,,Y,,Y,,,,,,,,,,,,Y,Federal Mobile Black Spot Program (MBSP),4.0,789.7661290909879,4G/LTE,LTE850,2025,TPG,4825002,-20.73424,139.49366,,,Y,,,,,,,,,,,14.142911967934587,Telstra,437,Ntaria School,14.06840053065971,Combined,Government,Very Remote,School Single Entity,0,-23.94262,132.776051,50111,56572.0,16572.0,50111,Ntaria School,14.06840053065971,Combined,Government,Very Remote,School Single Entity,0,-23.94262,132.776051,50111,56572.0,16572.0,50111,-0.0745114372748769,-0.0745114372748769,Yes,Yes,No,No,,70901403,Tjuwanpa Outstations,709014,West MacDonnell Ranges,709,Apatula,7,Northern Territory,15970.5215,Within polygon,Matched,90,98,188,21,38,31,60,36,8,27,352,1166,1.5,4.3,51.2,0,21,12,134,28,19,47,85,43.5,34.6,19.5,59,ABS 2021 Census Indigenous Profile,Indigenous Location (ILOC),2021
24996,LILY HOLE,"LILY HOLE BORE,LILY ROCK HOLE",Family Outstation,BARKLY,KUWARRANGU,NORTHERN LAND COUNCIL,BARKLY,BARKLY,6.0,Homelands Service Provider Report 2023,-17.24737,133.74957,https://bushtel.nt.gov.au/profile/24996,Not listed,Not confirmed,,,,,,,,,,,,,38.6440324144049,4G/LTE + 5G/NR + IoT,"IoT700, LTE700, LTE850, NR850",2025,Telstra,862038,-17.370545,133.409182,,Y,Y,Y,,,,,Y,,,,,,,,40.432241550131096,3G/UMTS,UMTS900,2025,Optus,862042,-17.55584,133.54782,,Y,,,,,,,,,,,,,,,,,585.9834821831507,4G/LTE,"LTE850, LTE1800, LTE2100",2025,TPG,836004,-12.613261,131.151729,,,Y,Y,Y,,,,,,,,,38.6440324144049,Telstra,200,Newcastle Waters School,38.63467459859793,Combined,Government,Very Remote,School Single Entity,0,-17.37253,133.41007,50109,47916.0,7916.0,50109,Newcastle Waters School,38.63467459859793,Combined,Government,Very Remote,School Single Entity,0,-17.37253,133.41007,50109,47916.0,7916.0,50109,-0.0093578158069647,-0.0093578158069647,Yes,Yes,No,No,,70700302,Elliott Surrounds - Outstations,707003,Barkly,707,Tennant Creek,7,Northern Territory,115005.6995,Within polygon,Matched,47,43,91,10,21,14,30,17,0,25,350,1542,1.1,3.6,16.0,0,17,9,61,21,0,27,38,8.0,40.3,37.1,31,ABS 2021 Census Indigenous Profile,Indigenous Location (ILOC),2021
613,LINGARA,"LINGARRA,OLD HUMBERT RIVER,WALANGERI",Family Outstation,VICTORIA DALY,WALANGERI,NORTHERN LAND COUNCIL,GWOJA,BIG RIVERS,46.0,Homelands Service Provider Report 2023,-16.48694,130.64333,https://bushtel.nt.gov.au/profile/613,Not listed,Not confirmed,,,,,,,,,,,,,0.1237404323383027,4G/LTE + IoT,"IoT700, LTE700",2025,Telstra,852107,-16.48793,130.64386,,Y,Y,,,,,,,,,,,Y,REGIONAL CO-INVESTMENT: EWA - Small Cell Satellite,,0.032633529482992,3G/UMTS + 4G/LTE,"UMTS900, LTE700",2025,Optus,852107,-16.486946,130.643636,,Y,,Y,,,,,,,,,,,,Y,Federal Mobile Black Spot Program (MBSP),2.0,434.1941401489375,4G/LTE,"LTE850, LTE1800, LTE2100",2025,TPG,836004,-12.613261,131.151729,,,Y,Y,Y,,,,,,,,,0.032633529482992,Optus,629,Yarralin School,25.815992535618115,Combined,Government,Very Remote,School Single Entity,0,-16.44684,130.88179,50135,47935.0,7935.0,50135,Yarralin School,25.815992535618115,Combined,Government,Very Remote,School Single Entity,0,-16.44684,130.88179,50135,47935.0,7935.0,50135,25.78335900613512,25.78335900613512,No,No,No,No,,70500902,Walangeri Outstations,705009,Walangeri,705,Katherine,7,Northern Territory,27280.9229,Within polygon,Matched,21,8,32,4,9,8,13,0,0,20,287,1499,1.8,4.4,40.0,0,9,0,21,9,0,8,14,9.1,45.8,41.7,13,ABS 2021 Census Indigenous Profile,Indigenous Location (ILOC),2021
91,LITTLE WELL,"ALURALKWA ASSOC,ALURALKWE",Family Outstation,MACDONNELL,RODINGA,CENTRAL LAND COUNCIL,NAMATJIRA,CENTRAL AUSTRALIA,6.0,Homelands Service Provider Report 2023,-24.13547,135.33314,https://bushtel.nt.gov.au/profile/91,Not listed,Not confirmed,,,,,,,,,,,,,97.11767725862636,4G/LTE + IoT,"IoT700, LTE700",2025,Telstra,872023,-24.13028,134.37611,,Y,Y,,,,,,,,,,,,,,100.14051021823306,3G/UMTS + 4G/LTE,"UMTS900, LTE700",2025,Optus,872188,-23.45604,134.68709,,Y,,Y,,,,,,,,,,,,Y,Federal Mobile Black Spot Program (MBSP),4.0,570.7861352814471,4G/LTE,LTE850,2025,TPG,4825002,-20.73424,139.49366,,,Y,,,,,,,,,,,97.11767725862636,Telstra,22,Ltyentye Apurte Catholic School,97.27106236999224,Combined,Catholic,Remote,School Single Entity,0,-24.12922,134.37461,50142,53311.0,13311.0,50142,Ltyentye Apurte Catholic School,97.27106236999224,Combined,Catholic,Remote,School Single Entity,0,-24.12922,134.37461,50142,53311.0,13311.0,50142,0.1533851113658926,0.1533851113658926,No,No,Yes,Yes,Review,70900103,South MacDonnell Ranges,709001,Amoonguna - Santa Teresa - Titjikala,709,Apatula,7,Northern Territory,31517.5382,Within polygon,Matched,651,171,821,14,29,137,420,188,34,35,360,645,1.0,2.5,10.9,6,16,14,773,55,7,64,688,12.3,8.4,7.4,43,ABS 2021 Census Indigenous Profile,Indigenous Location (ILOC),2021
856,LIZARD BORE,No aliases recorded with NTG DIPL,Family Outstation,MACDONNELL,LURITJA PINTUBI,CENTRAL LAND COUNCIL,GWOJA,CENTRAL AUSTRALIA,,Not recorded,-23.30034,131.13465,https://bushtel.nt.gov.au/profile/856,Yes,Confirmed,Primary name,LIZARD BORE,0.0,LIZARD BORE,COMMUNITY,5.0,,,YES,TELSTRA,-23.30034,131.13465,15.445946505035904,4G/LTE + IoT,"IoT700, LTE700",2025,Telstra,872082,-23.25451,131.2774,,Y,Y,,,,,,,,,,,Y,Federal Mobile Black Spot Program (MBSP),1.0,112.45261813841694,3G/UMTS + 4G/LTE,"UMTS900, LTE700",2025,Optus,872146,-24.251,131.5116,,Y,,Y,,,,,,,,,,,,Y,Federal Mobile Black Spot Program (MBSP),2.0,907.504513333363,4G/LTE,LTE850,2025,TPG,4825002,-20.73424,139.49366,,,Y,,,,,,,,,,,15.445946505035904,Telstra,419,Watiyawanu School,14.77985460090511,Combined,Government,Very Remote,School Single Entity,0,-23.266169,131.274489,50130,47906.0,7906.0,50130,Watiyawanu School,14.77985460090511,Combined,Government,Very Remote,School Single Entity,0,-23.266169,131.274489,50130,47906.0,7906.0,50130,-0.6660919041307931,-0.6660919041307931,Yes,Yes,No,No,,70900602,Mount Liebig and Outstations,709006,Haasts Bluff - Mount Liebig (Watiyawanu),709,Apatula,7,Northern Territory,699.4702,Within polygon,Matched,113,118,234,21,60,35,57,48,5,24,229,1359,2.0,6.2,60.0,4,44,13,152,30,3,32,113,6.3,20.8,19.5,81,ABS 2021 Census Indigenous Profile,Indigenous Location (ILOC),2021
92,LTIRA,No aliases recorded with NTG DIPL,Family Outstation,MACDONNELL,LJIRAPINTA,CENTRAL LAND COUNCIL,GWOJA,CENTRAL AUSTRALIA,16.0,Homelands Service Provider Report 2023,-24.05709,132.90182,https://bushtel.nt.gov.au/profile/92,Not listed,Not confirmed,,,,,,,,,,,,,18.018421553537248,4G/LTE + IoT,"IoT700, LTE700, LTE2600",2025,Telstra,872034,-23.94213,132.77681,,Y,Y,,,,Y,,,,,,,,,,16.43677210460574,3G/UMTS + 4G/LTE,"UMTS900, LTE700",2025,Optus,872189,-24.056241,132.739943,,Y,,Y,,,,,,,,,,,,Y,Federal Mobile Black Spot Program (MBSP),4.0,771.700348402067,4G/LTE,LTE850,2025,TPG,4825002,-20.73424,139.49366,,,Y,,,,,,,,,,,16.43677210460574,Optus,404,Ntaria School,18.034328388030943,Combined,Government,Very Remote,School Single Entity,0,-23.94262,132.776051,50111,56572.0,16572.0,50111,Ntaria School,18.034328388030943,Combined,Government,Very Remote,School Single Entity,0,-23.94262,132.776051,50111,56572.0,16572.0,50111,1.5975562834252024,1.5975562834252024,No,No,No,No,,70901403,Tjuwanpa Outstations,709014,West MacDonnell Ranges,709,Apatula,7,Northern Territory,15970.5215,Within polygon,Matched,90,98,188,21,38,31,60,36,8,27,352,1166,1.5,4.3,51.2,0,21,12,134,28,19,47,85,43.5,34.6,19.5,59,ABS 2021 Census Indigenous Profile,Indigenous Location (ILOC),2021
614,LUL-TJU,"LUL'TJU,LUTTJU",Family Outstation,CENTRAL DESERT,NORTHERN TANAMI,CENTRAL LAND COUNCIL,GWOJA,BIG RIVERS,,Not recorded,-18.37671,130.59313,https://bushtel.nt.gov.au/profile/614,Yes,Confirmed,Primary name,LUL-TJU,0.0,LUL-TJU,COMMUNITY,5.0,,,YES,TELSTRA,-18.37671,130.59313,6.644945719313028,4G/LTE + 5G/NR + IoT,"IoT700, LTE700, LTE850, LTE2600, NR850, NR2600",2025,Telstra,852001,-18.33139,130.63417,,Y,Y,Y,,,Y,,Y,,Y,,,,,,210.20075265787776,3G/UMTS + 4G/LTE,"UMTS900, LTE700",2025,Optus,852107,-16.486946,130.643636,,Y,,Y,,,,,,,,,,,,Y,Federal Mobile Black Spot Program (MBSP),2.0,643.6534313803954,4G/LTE,"LTE850, LTE1800, LTE2100",2025,TPG,836004,-12.613261,131.151729,,,Y,Y,Y,,,,,,,,,6.644945719313028,Telstra,550,Lajamanu School,6.307896919871873,Combined,Government,Very Remote,School Single Entity,0,-18.3353,130.633981,50060,44761.0,4761.0,50060,Lajamanu School,6.307896919871873,Combined,Government,Very Remote,School Single Entity,0,-18.3353,130.633981,50060,44761.0,4761.0,50060,-0.3370487994411544,-0.3370487994411544,Yes,Yes,No,No,,70901002,Tanami Outstations,709010,Nyirripi and Tanami Outstations,709,Apatula,7,Northern Territory,142011.3404,Within polygon,Matched,13,16,30,0,0,3,15,5,3,41,1312,2250,1.4,5.0,50.0,0,0,0,30,20,0,20,3,0.0,70.4,70.4,0,ABS 2021 Census Indigenous Profile,Indigenous Location (ILOC),2021
871,LUNTHARRA,LUNTALRA,Family Outstation,MACDONNELL,LJIRAPINTA,CENTRAL LAND COUNCIL,GWOJA,CENTRAL AUSTRALIA,1.0,Homelands Service Provider Report 2023,-23.73543,132.04497,https://bushtel.nt.gov.au/profile/871,Not listed,Not confirmed,,,,,,,,,,,,,61.81149450249027,4G/LTE + IoT,"IoT700, LTE700",2025,Telstra,872058,-23.19087,131.92328,,Y,Y,,,,,,,,,,,,,,50.53417046097274,3G/UMTS + 4G/LTE,"UMTS900, LTE700",2025,Optus,872191,-23.5863,132.51367,,Y,,Y,,,,,,,,,,,,Y,Federal Mobile Black Spot Program (MBSP),5.0,835.9594617728633,4G/LTE,LTE850,2025,TPG,4825002,-20.73424,139.49366,,,Y,,,,,,,,,,,50.53417046097274,Optus,128,Haasts Bluff School,36.15705498008266,Combined,Government,Very Remote,School Single Entity,0,-23.44753,131.88003,50092,47887.0,7887.0,50092,Haasts Bluff School,36.15705498008266,Combined,Government,Very Remote,School Single Entity,0,-23.44753,131.88003,50092,47887.0,7887.0,50092,-14.377115480890076,-14.377115480890076,Yes,Yes,No,Yes,,70901403,Tjuwanpa Outstations,709014,West MacDonnell Ranges,709,Apatula,7,Northern Territory,15970.5215,Within polygon,Matched,90,98,188,21,38,31,60,36,8,27,352,1166,1.5,4.3,51.2,0,21,12,134,28,19,47,85,43.5,34.6,19.5,59,ABS 2021 Census Indigenous Profile,Indigenous Location (ILOC),2021
94,LYILYALANAMA,IYNGIYNYALA,Family Outstation,MACDONNELL,LJIRAPINTA,CENTRAL LAND COUNCIL,GWOJA,CENTRAL AUSTRALIA,3.0,Homelands Service Provider Report 2023,-23.94724,132.74474,https://bushtel.nt.gov.au/profile/94,Yes,Confirmed,Primary name,LYILYALANAMA,0.0,LYILYALANAMA,COMMUNITY,5.0,,,YES,TELSTRA,-23.94724,132.74474,3.308286588903574,4G/LTE + IoT,"IoT700, LTE700, LTE2600",2025,Telstra,872034,-23.94213,132.77681,,Y,Y,,,,Y,,,,,,,,,,12.130166176485606,3G/UMTS + 4G/LTE,"UMTS900, LTE700",2025,Optus,872189,-24.056241,132.739943,,Y,,Y,,,,,,,,,,,,Y,Federal Mobile Black Spot Program (MBSP),4.0,780.4937614579193,4G/LTE,LTE850,2025,TPG,4825002,-20.73424,139.49366,,,Y,,,,,,,,,,,3.308286588903574,Telstra,593,Ntaria School,3.223188670386147,Combined,Government,Very Remote,School Single Entity,0,-23.94262,132.776051,50111,56572.0,16572.0,50111,Ntaria School,3.223188670386147,Combined,Government,Very Remote,School Single Entity,0,-23.94262,132.776051,50111,56572.0,16572.0,50111,-0.0850979185174272,-0.0850979185174272,Yes,Yes,No,No,,70901403,Tjuwanpa Outstations,709014,West MacDonnell Ranges,709,Apatula,7,Northern Territory,15970.5215,Within polygon,Matched,90,98,188,21,38,31,60,36,8,27,352,1166,1.5,4.3,51.2,0,21,12,134,28,19,47,85,43.5,34.6,19.5,59,ABS 2021 Census Indigenous Profile,Indigenous Location (ILOC),2021
28,MALA,No aliases recorded with NTG DIPL,Family Outstation,CENTRAL DESERT,SOUTHERN TANAMI,CENTRAL LAND COUNCIL,GWOJA,CENTRAL AUSTRALIA,,Not recorded,-21.69494,130.85331,https://bushtel.nt.gov.au/profile/28,Not listed,Not confirmed,,,,,,,,,,,,,110.80843381959646,4G/LTE + IoT,"IoT700, LTE700",2025,Telstra,872175,-22.65143,130.55136,,Y,Y,,,,,,,,,,,Y,Northern Territory Co-investment Northern Territory ISCA,,268.8849971863866,3G/UMTS + 4G/LTE,"UMTS900, LTE700",2025,Optus,872135,-22.13295,133.4167,,Y,,Y,,,,,,,,,,,,,,,901.87736690425,4G/LTE,LTE850,2025,TPG,4825002,-20.73424,139.49366,,,Y,,,,,,,,,,,110.80843381959646,Telstra,9,Nyirripi School,110.60760362726396,Combined,Government,Very Remote,School Single Entity,0,-22.64994,130.55281,50112,56573.0,16573.0,50112,Nyirripi School,110.60760362726396,Combined,Government,Very Remote,School Single Entity,0,-22.64994,130.55281,50112,56573.0,16573.0,50112,-0.2008301923324893,-0.2008301923324893,Yes,Yes,Yes,Yes,Review,70901701,Yuendumu and Outstations,709017,Yuendumu and Outstations,709,Apatula,7,Northern Territory,22120.9495,Within polygon,Matched,312,303,617,62,138,99,171,110,33,25,254,1012,1.6,4.7,43.2,12,102,36,418,73,29,95,307,28.1,22.7,16.4,200,ABS 2021 Census Indigenous Profile,Indigenous Location (ILOC),2021
376,MALGAWA,"MARLGAWO,MOLGAWO,MORLGAWO",Family Outstation,WEST ARNHEM,GUNBALANYA,NORTHERN LAND COUNCIL,ARAFURA,TOP END,12.0,Homelands Service Provider Report 2023,-12.83887,133.91826,https://bushtel.nt.gov.au/profile/376,Not listed,Not confirmed,,,,,,,,,,,,,93.5069182315326,4G/LTE + 5G/NR + IoT,"IoT700, LTE700, LTE850, LTE1800, LTE2100, LTE2600, NR850, NR2600",2025,Telstra,822008,-12.05532,134.23091,,Y,Y,Y,Y,Y,Y,,Y,,Y,,,Y,REGIONAL CO-INVESTMENT: RCP - TX Upgrade,1.0,113.79110698928405,3G/UMTS + 4G/LTE,"UMTS900, LTE700",2025,Optus,822106,-12.42654,132.95842,,Y,,Y,,,,,,,,,,,,Y,Federal Mobile Black Spot Program (MBSP),5.0,301.11286304386533,4G/LTE,"LTE850, LTE1800, LTE2100",2025,TPG,836004,-12.613261,131.151729,,,Y,Y,Y,,,,,,,,,93.5069182315326,Telstra,24,Nawarddeken Academy Kabulwarnamyo School,11.450618731842257,Combined,Independent,Very Remote,School Single Entity,0,-12.764671,133.845033,52747,85760.0,85759.0,52747,Nawarddeken Academy Kabulwarnamyo School,11.450618731842257,Combined,Independent,Very Remote,School Single Entity,0,-12.764671,133.845033,52747,85760.0,85759.0,52747,-82.05629949969034,-82.05629949969034,Yes,Yes,No,Yes,,70400401,Cobourg Peninsula - Demed Homelands,704004,North-West Arnhem,704,Jabiru - Tiwi,7,Northern Territory,23675.7318,Within polygon,Matched,145,127,279,27,57,40,102,44,3,27,239,1218,2.4,5.6,70.3,4,34,22,190,45,3,48,138,8.3,24.7,22.7,84,ABS 2021 Census Indigenous Profile,Indigenous Location (ILOC),2021
522,MALKALA,MALKULA CREEK,Family Outstation,EAST ARNHEM,ANINDILYAKWA,ANINDILYAKWA LAND COUNCIL,ARNHEM,EAST ARNHEM,97.0,Homelands Service Provider Report 2023,-13.8914,136.44224,https://bushtel.nt.gov.au/profile/522,Yes,Confirmed,Primary name,MALKALA,0.0,MALKALA,COMMUNITY,71.0,,,YES,TELSTRA,-13.8914,136.44224,4.989246826588508,4G/LTE + IoT,"IoT700, LTE700, LTE2600",2025,Telstra,885001,-13.84722,136.43417,,Y,Y,,,,Y,,,,,,,,,,193.57081570035103,4G/LTE + IoT,"NBIoT700, LTE700, LTE2600",2025,Optus,880003,-12.181375,136.776877,Y,,,Y,,,,,Y,,,,,,,,,,589.9629573296555,4G/LTE,"LTE850, LTE1800, LTE2100",2025,TPG,836004,-12.613261,131.151729,,,Y,Y,Y,,,,,,,,,4.989246826588508,Telstra,571,Alyangula Area School,5.222014342667296,Combined,Government,Very Remote,School Single Entity,0,-13.84964,136.42011,50051,47992.0,7992.0,50051,Alyangula Area School,5.222014342667296,Combined,Government,Very Remote,School Single Entity,0,-13.84964,136.42011,50051,47992.0,7992.0,50051,0.2327675160787876,0.2327675160787876,No,No,No,No,,70600103,Angurugu Outstations,706001,Anindilyakwa (Groote),706,Nhulunbuy,7,Northern Territory,879.1342,Within polygon,Matched,76,58,135,13,31,30,41,17,8,22,312,1208,1.7,4.8,52.0,0,10,5,96,25,15,39,49,39.0,43.2,26.3,44,ABS 2021 Census Indigenous Profile,Indigenous Location (ILOC),2021
851,MALLARRAMI,No aliases recorded with NTG DIPL,Family Outstation,EAST ARNHEM,GUMURR MARTHAKAL,NORTHERN LAND COUNCIL,MULKA,EAST ARNHEM,9.0,Homelands Service Provider Report 2023,-11.77541,136.53563,https://bushtel.nt.gov.au/profile/851,Not listed,Not confirmed,,,,,,,,,,,,,49.24636991125181,4G/LTE + IoT,"IoT700, LTE700",2025,Telstra,880001,-12.19105,136.69197,,Y,Y,,,,,,,,,,,,,,52.2144102840114,4G/LTE + IoT,"NBIoT700, LTE700, LTE2600",2025,Optus,880003,-12.181375,136.776877,Y,,,Y,,,,,Y,,,,,,,,,,591.650282829784,4G/LTE,"LTE850, LTE1800, LTE2100",2025,TPG,836002,-12.55419,131.15106,,,Y,Y,Y,,,,,,,,,49.24636991125181,Telstra,134,Dhupuma Barker,52.58629439803254,Primary,Independent,Very Remote,School Single Entity,0,-12.21816265,136.7055423,53009,87701.0,87700.0,53009,Nhulunbuy High School,53.06627588061353,Secondary,Government,Very Remote,School Single Entity,0,-12.18676,136.78298,50002,55089.0,15089.0,50002,3.81990596936172,3.339924486780731,No,No,Yes,No,,70600402,Marthakal Homelands exc. Galiwinku,706004,Marthakal Homelands - Galiwinku,706,Nhulunbuy,7,Northern Territory,5177.5161,Within polygon,Matched,204,224,425,32,93,102,113,79,18,23,281,1312,1.8,5.7,64.7,8,68,36,308,27,25,58,245,43.6,18.0,10.2,125,ABS 2021 Census Indigenous Profile,Indigenous Location (ILOC),2021
523,MALNJANGARNAK,"MALANGANAK,MALNYANGANAK",Family Outstation,WEST ARNHEM,MANINGRIDA,NORTHERN LAND COUNCIL,ARAFURA,TOP END,9.0,Homelands Service Provider Report 2023,-12.66057,134.77335,https://bushtel.nt.gov.au/profile/523,Not listed,Not confirmed,,,,,,,,,,,,,40.507430882374805,4G/LTE + 5G/NR + IoT,"IoT700, LTE700, LTE850, LTE2600, NR850, NR2600",2025,Telstra,822003,-12.32833,134.92639,,Y,Y,Y,,,Y,,Y,,Y,,,Y,REGIONAL CO-INVESTMENT: RCP - TX Upgrade,1.0,198.7051379432875,3G/UMTS + 4G/LTE,"UMTS900, LTE700",2025,Optus,822106,-12.42654,132.95842,,Y,,Y,,,,,,,,,,,,Y,Federal Mobile Black Spot Program (MBSP),5.0,392.9833467890884,4G/LTE,"LTE850, LTE1800, LTE2100",2025,TPG,836004,-12.613261,131.151729,,,Y,Y,Y,,,,,,,,,40.507430882374805,Telstra,188,Ramingining School,40.693402752104845,Combined,Government,Very Remote,School Single Entity,0,-12.32641,134.92619,50065,47963.0,7963.0,50065,Ramingining School,40.693402752104845,Combined,Government,Very Remote,School Single Entity,0,-12.32641,134.92619,50065,47963.0,7963.0,50065,0.1859718697300394,0.1859718697300394,No,No,No,No,,70600705,Ramingining - Milingimbi Outstations,706007,Ramingining - Milingimbi and Outstations,706,Nhulunbuy,7,Northern Territory,11429.1805,Within polygon,Matched,85,80,169,3,31,36,53,40,11,30,247,1187,1.7,5.6,61.5,7,21,8,134,25,26,47,80,46.8,34.6,18.4,34,ABS 2021 Census Indigenous Profile,Indigenous Location (ILOC),2021
355,MAMADAWERRE,"MAMADAWERRI,SOUTH GUMADEER",Family Outstation,WEST ARNHEM,GUNBALANYA,NORTHERN LAND COUNCIL,ARAFURA,TOP END,75.0,Homelands Service Provider Report 2023,-12.25629,133.65782,https://bushtel.nt.gov.au/profile/355,Not listed,Not confirmed,,,,,,,,,,,,,65.74410560525092,4G/LTE + 5G/NR + IoT,"IoT700, LTE700, LTE850, LTE2600, NR850, NR2600",2025,Telstra,822002,-12.32389,133.05667,,Y,Y,Y,,,Y,,Y,,Y,,,,,,78.29573174023108,3G/UMTS + 4G/LTE,"UMTS900, LTE700",2025,Optus,822106,-12.42654,132.95842,,Y,,Y,,,,,,,,,,,,Y,Federal Mobile Black Spot Program (MBSP),5.0,274.2381196099636,4G/LTE,"LTE850, LTE1800, LTE2100",2025,TPG,836002,-12.55419,131.15106,,,Y,Y,Y,,,,,,,,,65.74410560525092,Telstra,67,Nawarddeken Academy Mamadawerre School,14.546191409343962,Combined,Independent,Very Remote,School Single Entity,0,-12.25745447,133.523957,53057,87767.0,87762.0,53057,Nawarddeken Academy Mamadawerre School,14.546191409343962,Combined,Independent,Very Remote,School Single Entity,0,-12.25745447,133.523957,53057,87767.0,87762.0,53057,-51.19791419590696,-51.19791419590696,Yes,Yes,No,Yes,,70400403,Mamadawerre,704004,North-West Arnhem,704,Jabiru - Tiwi,7,Northern Territory,0.5645,Within polygon,Matched,26,33,61,3,12,10,22,10,0,27,269,1624,1.9,5.8,66.7,0,4,8,48,9,0,9,37,0.0,19.6,19.6,15,ABS 2021 Census Indigenous Profile,Indigenous Location (ILOC),2021
694,MAMADI,INVERWAY,Family Outstation,VICTORIA DALY,DAGURAGU,CENTRAL LAND COUNCIL,GWOJA,BIG RIVERS,,Not recorded,-17.84951,129.63515,https://bushtel.nt.gov.au/profile/694,Not listed,Not confirmed,,,,,,,,,,,,,110.62527246616682,4G/LTE + IoT,"IoT700, LTE700",2025,Telstra,852108,-17.053,129.01027,,Y,Y,,,,,,,,,,,Y,REGIONAL CO-INVESTMENT: Small Cell Satellite,,145.08696656265218,3G/UMTS + 4G/LTE,"UMTS900, LTE700",2025,Optus,6770028,-17.53006,128.30727,,Y,,Y,,,,,,,,,,,,Y,Federal Mobile Black Spot Program (MBSP),2.0,604.5345935530814,4G/LTE,"LTE850, LTE1800, LTE2100",2025,TPG,836004,-12.613261,131.151729,,,Y,Y,Y,,,,,,,,,110.62527246616682,Telstra,10,Lajamanu School,118.58994349058284,Combined,Government,Very Remote,School Single Entity,0,-18.3353,130.633981,50060,44761.0,4761.0,50060,Lajamanu School,118.58994349058284,Combined,Government,Very Remote,School Single Entity,0,-18.3353,130.633981,50060,44761.0,4761.0,50060,7.964671024416006,7.964671024416006,No,No,Yes,Yes,Review,70500803,Daguragu Outstations,705008,Victoria River,705,Katherine,7,Northern Territory,41402.8914,Within polygon,Matched,18,7,23,0,0,4,4,5,0,22,267,2250,1.3,7.5,50.0,0,0,0,14,6,4,7,8,28.6,50.0,35.7,0,ABS 2021 Census Indigenous Profile,Indigenous Location (ILOC),2021
816,MANANGOORA,"WONMURRI,WONMURRIE",Family Outstation,ROPER GULF,SOUTH WEST GULF,NORTHERN LAND COUNCIL,BARKLY,BIG RIVERS,2.0,Homelands Service Provider Report 2023,-16.0515,136.86085,https://bushtel.nt.gov.au/profile/816,Not listed,Not confirmed,,,,,,,,,,,,,59.27963732670141,4G/LTE + IoT,"IoT700, LTE700, LTE1800, LTE2100, LTE2600",2025,Telstra,854001,-16.05361,136.30611,,Y,Y,,Y,Y,Y,,,,,,,,,,139.94021383607748,3G/UMTS,UMTS900,2025,Optus,852089,-16.6834,135.7265,,Y,,,,,,,,,,,,,,Y,Federal Mobile Black Spot Program (MBSP),2.0,590.1189814922399,4G/LTE,LTE850,2025,TPG,4825002,-20.73424,139.49366,,,Y,,,,,,,,,,,59.27963732670141,Telstra,87,Borroloola School,59.24256825756993,Combined,Government,Very Remote,School Single Entity,0,-16.0582,136.30649,50056,47921.0,7921.0,50056,Borroloola School,59.24256825756993,Combined,Government,Very Remote,School Single Entity,0,-16.0582,136.30649,50056,47921.0,7921.0,50056,-0.0370690691314834,-0.0370690691314834,Yes,Yes,Yes,Yes,Review,70500401,Mabunji - Mungoorbada Outstations,705004,Gulf,705,Katherine,7,Northern Territory,55041.1368,Within polygon,Matched,62,43,104,7,17,23,30,21,8,30,407,916,1.9,3.6,48.1,4,12,3,79,23,9,28,52,22.2,34.6,26.9,24,ABS 2021 Census Indigenous Profile,Indigenous Location (ILOC),2021
897,MANDEDJKADJANG,MANDAJGARDAJANG,Family Outstation,WEST ARNHEM,GUNBALANYA,NORTHERN LAND COUNCIL,ARAFURA,TOP END,9.0,Homelands Service Provider Report 2023,-12.26454,134.03056,https://bushtel.nt.gov.au/profile/897,Yes,Confirmed,Primary name,MANDEDJKADJANG,0.0,MANDEDJKADJANG,COMMUNITY,10.0,,,YES,TELSTRA,-12.26454,134.03056,31.867057955596103,4G/LTE + 5G/NR + IoT,"IoT700, LTE700, LTE850, LTE1800, LTE2100, LTE2600, NR850, NR2600",2025,Telstra,822008,-12.05532,134.23091,,Y,Y,Y,Y,Y,Y,,Y,,Y,,,Y,REGIONAL CO-INVESTMENT: RCP - TX Upgrade,1.0,117.8447046086676,3G/UMTS + 4G/LTE,"UMTS900, LTE700",2025,Optus,822106,-12.42654,132.95842,,Y,,Y,,,,,,,,,,,,Y,Federal Mobile Black Spot Program (MBSP),5.0,314.3581495096032,4G/LTE,"LTE850, LTE1800, LTE2100",2025,TPG,836002,-12.55419,131.15106,,,Y,Y,Y,,,,,,,,,31.867057955596103,Telstra,255,Maningrida College,31.71765283825569,Combined,Government,Very Remote,School Single Entity,0,-12.05041,134.22333,50061,47956.0,7956.0,50061,Maningrida College,31.71765283825569,Combined,Government,Very Remote,School Single Entity,0,-12.05041,134.22333,50061,47956.0,7956.0,50061,-0.1494051173404109,-0.1494051173404109,Yes,Yes,No,No,,70400401,Cobourg Peninsula - Demed Homelands,704004,North-West Arnhem,704,Jabiru - Tiwi,7,Northern Territory,23675.7318,Within polygon,Matched,145,127,279,27,57,40,102,44,3,27,239,1218,2.4,5.6,70.3,4,34,22,190,45,3,48,138,8.3,24.7,22.7,84,ABS 2021 Census Indigenous Profile,Indigenous Location (ILOC),2021
359,MANDILBARRENG,"MANDALBARENG,MANDILBARENG",Family Outstation,WEST ARNHEM,GUNBALANYA,NORTHERN LAND COUNCIL,ARAFURA,TOP END,8.0,Homelands Service Provider Report 2023,-12.27402,133.58456,https://bushtel.nt.gov.au/profile/359,Not listed,Not confirmed,,,,,,,,,,,,,57.61905363180838,4G/LTE + 5G/NR + IoT,"IoT700, LTE700, LTE850, LTE2600, NR850, NR2600",2025,Telstra,822002,-12.32389,133.05667,,Y,Y,Y,,,Y,,Y,,Y,,,,,,70.09504337415434,3G/UMTS + 4G/LTE,"UMTS900, LTE700",2025,Optus,822106,-12.42654,132.95842,,Y,,Y,,,,,,,,,,,,Y,Federal Mobile Black Spot Program (MBSP),5.0,266.09533827468823,4G/LTE,"LTE850, LTE1800, LTE2100",2025,TPG,836002,-12.55419,131.15106,,,Y,Y,Y,,,,,,,,,57.61905363180838,Telstra,92,Nawarddeken Academy Mamadawerre School,6.837709154503307,Combined,Independent,Very Remote,School Single Entity,0,-12.25745447,133.523957,53057,87767.0,87762.0,53057,Nawarddeken Academy Mamadawerre School,6.837709154503307,Combined,Independent,Very Remote,School Single Entity,0,-12.25745447,133.523957,53057,87767.0,87762.0,53057,-50.78134447730507,-50.78134447730507,Yes,Yes,No,Yes,,70400401,Cobourg Peninsula - Demed Homelands,704004,North-West Arnhem,704,Jabiru - Tiwi,7,Northern Territory,23675.7318,Within polygon,Matched,145,127,279,27,57,40,102,44,3,27,239,1218,2.4,5.6,70.3,4,34,22,190,45,3,48,138,8.3,24.7,22.7,84,ABS 2021 Census Indigenous Profile,Indigenous Location (ILOC),2021
361,MANGARDUBU,"COOPERS CREEK,MANGADUBU,MANGARDABU",Family Outstation,WEST ARNHEM,GUNBALANYA,NORTHERN LAND COUNCIL,ARAFURA,TOP END,,Not recorded,-12.0937,133.1864,https://bushtel.nt.gov.au/profile/361,Not listed,Not confirmed,,,,,,,,,,,,,29.222233186013423,4G/LTE + 5G/NR + IoT,"IoT700, LTE700, LTE850, LTE2600, NR850, NR2600",2025,Telstra,822002,-12.32389,133.05667,,Y,Y,Y,,,Y,,Y,,Y,,,,,,44.53546885070583,3G/UMTS + 4G/LTE,"UMTS900, LTE700",2025,Optus,822106,-12.42654,132.95842,,Y,,Y,,,,,,,,,,,,Y,Federal Mobile Black Spot Program (MBSP),5.0,226.9550064719989,4G/LTE,"LTE850, LTE1800, LTE2100",2025,TPG,836002,-12.55419,131.15106,,,Y,Y,Y,,,,,,,,,29.222233186013423,Telstra,286,Gunbalanya School,28.953015519648662,Combined,Government,Remote,School Single Entity,0,-12.32135,133.05709,50058,47960.0,7960.0,50058,Gunbalanya School,28.953015519648662,Combined,Government,Remote,School Single Entity,0,-12.32135,133.05709,50058,47960.0,7960.0,50058,-0.2692176663647565,-0.2692176663647565,Yes,Yes,No,No,,70400401,Cobourg Peninsula - Demed Homelands,704004,North-West Arnhem,704,Jabiru - Tiwi,7,Northern Territory,23675.7318,Within polygon,Matched,145,127,279,27,57,40,102,44,3,27,239,1218,2.4,5.6,70.3,4,34,22,190,45,3,48,138,8.3,24.7,22.7,84,ABS 2021 Census Indigenous Profile,Indigenous Location (ILOC),2021
360,MANKORLOD,"MANGALOD,NGANKDRLORD,NGANKORLOUD",Family Outstation,WEST ARNHEM,MANINGRIDA,NORTHERN LAND COUNCIL,ARAFURA,TOP END,26.0,Homelands Service Provider Report 2023,-12.56501,134.27067,https://bushtel.nt.gov.au/profile/360,Not listed,Not confirmed,,,,,,,,,,,,,56.83938405675458,4G/LTE + 5G/NR + IoT,"IoT700, LTE700, LTE850, LTE1800, LTE2100, LTE2600, NR850, NR2600",2025,Telstra,822008,-12.05532,134.23091,,Y,Y,Y,Y,Y,Y,,Y,,Y,,,Y,REGIONAL CO-INVESTMENT: RCP - TX Upgrade,1.0,143.28876003189967,3G/UMTS + 4G/LTE,"UMTS900, LTE700",2025,Optus,822106,-12.42654,132.95842,,Y,,Y,,,,,,,,,,,,Y,Federal Mobile Black Spot Program (MBSP),5.0,338.51342880959163,4G/LTE,"LTE850, LTE1800, LTE2100",2025,TPG,836004,-12.613261,131.151729,,,Y,Y,Y,,,,,,,,,56.83938405675458,Telstra,98,Nawarddeken Academy Manmoyi School,17.215458067050452,Combined,Independent,Very Remote,School Single Entity,0,-12.54418519,134.1134967,53058,87768.0,87763.0,53058,Nawarddeken Academy Manmoyi School,17.215458067050452,Combined,Independent,Very Remote,School Single Entity,0,-12.54418519,134.1134967,53058,87768.0,87763.0,53058,-39.62392598970413,-39.62392598970413,Yes,Yes,No,Yes,,70400302,Maningrida Outstations,704003,Maningrida and Outstations,704,Jabiru - Tiwi,7,Northern Territory,9758.0375,Within polygon,Matched,170,195,366,23,65,77,131,58,11,26,207,900,2.1,5.9,72.3,4,34,42,283,10,22,35,226,60.6,11.8,4.6,88,ABS 2021 Census Indigenous Profile,Indigenous Location (ILOC),2021
97,MANTAPAYIKA,No aliases recorded with NTG DIPL,Family Outstation,MACDONNELL,IYARRKA,CENTRAL LAND COUNCIL,GWOJA,CENTRAL AUSTRALIA,,Not recorded,-25.47458,130.22561,https://bushtel.nt.gov.au/profile/97,Not listed,Not confirmed,,,,,,,,,,,,,77.7899945630283,4G/LTE,LTE700,2025,Telstra,872204,-26.17415,130.2212,,,Y,,,,,,,,,,,Y,REGIONAL CO-INVESTMENT: RCP - Small Cell Satellite,1.0,80.45462548276163,4G/LTE + IoT,"NBIoT700, LTE700, LTE900, LTE2100, LTE2600",2025,Optus,872003,-25.242591,130.984035,Y,,,Y,Y,,Y,,Y,,,,,,,,,,1037.92688118462,4G/LTE,"LTE850, LTE1800",2025,TPG,6430002,-30.7382,121.47878,,,Y,Y,,,,,,,,,,77.7899945630283,Telstra,44,Yulara School,80.68882803987584,Combined,Government,Very Remote,School Single Entity,0,-25.23514,130.98364,50136,47902.0,7902.0,50136,Nyangatjatjara College,79.75318714781167,Secondary,Independent,Very Remote,School Head Campus,0,-25.228808,130.971231,50160,54570.0,14570.0,50160,1.963192584783372,2.8988334768475426,No,No,Yes,Yes,Review,70900802,Kaltukatjara Outstations,709008,Kaltukatjara and Outstations,709,Apatula,7,Northern Territory,87474.9608,Within polygon,Matched,28,34,60,8,7,8,17,16,3,29,295,966,1.7,3.7,40.0,0,5,6,46,14,5,12,35,14.3,29.8,25.5,15,ABS 2021 Census Indigenous Profile,Indigenous Location (ILOC),2021
902,MAPERTE,"JERVOIS,LUCY CREEK,MAPERTA",Family Outstation,CENTRAL DESERT,AKITYARRE,CENTRAL LAND COUNCIL,NAMATJIRA,CENTRAL AUSTRALIA,,Not recorded,-22.54159,136.38103,https://bushtel.nt.gov.au/profile/902,Not listed,Not confirmed,,,,,,,,,,,,,154.55645252314446,4G/LTE + IoT,"IoT700, LTE700, LTE2600",2025,Telstra,872117,-21.654547,135.226058,,Y,Y,,,,Y,,,,,,,Y,REGIONAL CO-INVESTMENT: RCP - Augmentation,1.0,166.4413690787669,3G/UMTS + 4G/LTE,"UMTS900, LTE700",2025,Optus,872161,-22.2742,137.97409,,Y,,Y,,,,,,,,,,,,Y,Federal Mobile Black Spot Program (MBSP),4.0,379.3096553302426,4G/LTE,LTE850,2025,TPG,4825002,-20.73424,139.49366,,,Y,,,,,,,,,,,154.55645252314446,Telstra,1,Bonya School,34.344270881931934,Combined,Government,Very Remote,School Single Entity,0,-22.77886,136.16675,50081,66018.0,26018.0,50081,Bonya School,34.344270881931934,Combined,Government,Very Remote,School Single Entity,0,-22.77886,136.16675,50081,66018.0,26018.0,50081,-120.21218164121252,-120.21218164121252,Yes,Yes,No,Yes,,70900502,Atitjere - Akarnenehe Outstations,709005,Atitjere - Akarnenehe - Engawala,709,Apatula,7,Northern Territory,67455.8399,Within polygon,Matched,68,60,126,10,26,26,32,21,4,24,277,762,1.3,3.8,29.6,0,23,5,89,14,10,22,63,37.5,26.4,16.5,36,ABS 2021 Census Indigenous Profile,Indigenous Location (ILOC),2021
618,MARIA LAGOON,"NUMULTJA,ST VIDGEONS' STATION",Family Outstation,ROPER GULF,YUGUL MANGI,NORTHERN LAND COUNCIL,ARNHEM,BIG RIVERS,,Not recorded,-15.29989,135.44463,https://bushtel.nt.gov.au/profile/618,Not listed,Not confirmed,,,,,,,,,,,,,99.0435349750732,4G/LTE + IoT,"IoT700, LTE700, LTE2600",2025,Telstra,852002,-14.73361,134.73278,,Y,Y,,,,Y,,,,,,,,,,156.76203202814375,3G/UMTS,UMTS900,2025,Optus,852089,-16.6834,135.7265,,Y,,,,,,,,,,,,,,Y,Federal Mobile Black Spot Program (MBSP),2.0,551.1811273714204,4G/LTE,"LTE850, LTE1800, LTE2100",2025,TPG,836004,-12.613261,131.151729,,,Y,Y,Y,,,,,,,,,99.0435349750732,Telstra,20,Ngukurr School,99.38827126538013,Combined,Government,Very Remote,School Single Entity,0,-14.7285,134.733,50063,47959.0,7959.0,50063,Ngukurr School,99.38827126538013,Combined,Government,Very Remote,School Single Entity,0,-14.7285,134.733,50063,47959.0,7959.0,50063,0.3447362903069262,0.3447362903069262,No,No,Yes,Yes,Review,70500405,Yugul Mangi Outstations,705004,Gulf,705,Katherine,7,Northern Territory,32782.3489,Within polygon,Matched,12,17,24,0,0,3,11,9,0,38,177,687,1.9,4.5,66.7,0,0,0,24,0,4,3,17,40.0,20.0,12.0,0,ABS 2021 Census Indigenous Profile,Indigenous Location (ILOC),2021
828,MARIAH,RAFFLES BAY,Family Outstation,WEST ARNHEM,BARRAH,NORTHERN LAND COUNCIL,ARAFURA,TOP END,,Not recorded,-11.22968,132.38022,https://bushtel.nt.gov.au/profile/828,Not listed,Not confirmed,,,,,,,,,,,,,23.008869536931584,4G/LTE + IoT,"IoT700, LTE700, LTE850",2025,Telstra,822032,-11.1479,132.57398,,Y,Y,Y,,,,,,,,,,Y,Federal Mobile Black Spot Program (MBSP),1.0,147.21193318748288,3G/UMTS + 4G/LTE,"UMTS900, LTE700",2025,Optus,822106,-12.42654,132.95842,,Y,,Y,,,,,,,,,,,,Y,Federal Mobile Black Spot Program (MBSP),5.0,198.9407261785869,4G/LTE,"LTE850, LTE1800, LTE2100",2025,TPG,836002,-12.55419,131.15106,,,Y,Y,Y,,,,,,,,,23.008869536931584,Telstra,344,Mamaruni School,23.358731683706253,Combined,Government,Very Remote,School Single Entity,0,-11.14856,132.57775,50098,47955.0,7955.0,50098,Mamaruni School,23.358731683706253,Combined,Government,Very Remote,School Single Entity,0,-11.14856,132.57775,50098,47955.0,7955.0,50098,0.3498621467746687,0.3498621467746687,No,No,No,No,,70400401,Cobourg Peninsula - Demed Homelands,704004,North-West Arnhem,704,Jabiru - Tiwi,7,Northern Territory,23675.7318,Within polygon,Matched,145,127,279,27,57,40,102,44,3,27,239,1218,2.4,5.6,70.3,4,34,22,190,45,3,48,138,8.3,24.7,22.7,84,ABS 2021 Census Indigenous Profile,Indigenous Location (ILOC),2021
994,MARINIRI,MARINRI,Family Outstation,ROPER GULF,SOUTH WEST GULF,NORTHERN LAND COUNCIL,BARKLY,BIG RIVERS,,Not recorded,-16.67001,136.9014,https://bushtel.nt.gov.au/profile/994,Not listed,Not confirmed,,,,,,,,,,,,,13.184794687845043,4G/LTE + IoT,"IoT700, LTE700",2025,Telstra,862019,-16.75799,136.9844,,Y,Y,,,,,,,,,,,,,,125.15682847489332,3G/UMTS,UMTS900,2025,Optus,852089,-16.6834,135.7265,,Y,,,,,,,,,,,,,,Y,Federal Mobile Black Spot Program (MBSP),2.0,527.9527298153095,4G/LTE,LTE850,2025,TPG,4825002,-20.73424,139.49366,,,Y,,,,,,,,,,,13.184794687845043,Telstra,451,Robinson River School,13.08909906271849,Combined,Government,Very Remote,School Single Entity,0,-16.7597,136.981,50118,56541.0,16541.0,50118,Robinson River School,13.08909906271849,Combined,Government,Very Remote,School Single Entity,0,-16.7597,136.981,50118,56541.0,16541.0,50118,-0.0956956251265523,-0.0956956251265523,Yes,Yes,No,No,,70500401,Mabunji - Mungoorbada Outstations,705004,Gulf,705,Katherine,7,Northern Territory,55041.1368,Within polygon,Matched,62,43,104,7,17,23,30,21,8,30,407,916,1.9,3.6,48.1,4,12,3,79,23,9,28,52,22.2,34.6,26.9,24,ABS 2021 Census Indigenous Profile,Indigenous Location (ILOC),2021
325,MARLWON,"KIKIKYOWH,LADY DREAMING,MALWORN",Family Outstation,WEST ARNHEM,GUNBALANYA,NORTHERN LAND COUNCIL,ARAFURA,TOP END,,Not recorded,-12.13453,133.86307,https://bushtel.nt.gov.au/profile/325,Not listed,Not confirmed,,,,,,,,,,,,,40.95241124867909,4G/LTE + 5G/NR + IoT,"IoT700, LTE700, LTE850, LTE1800, LTE2100, LTE2600, NR850, NR2600",2025,Telstra,822008,-12.05532,134.23091,,Y,Y,Y,Y,Y,Y,,Y,,Y,,,Y,REGIONAL CO-INVESTMENT: RCP - TX Upgrade,1.0,103.5150498823889,3G/UMTS + 4G/LTE,"UMTS900, LTE700",2025,Optus,822106,-12.42654,132.95842,,Y,,Y,,,,,,,,,,,,Y,Federal Mobile Black Spot Program (MBSP),5.0,298.26115557767343,4G/LTE,"LTE850, LTE1800, LTE2100",2025,TPG,836002,-12.55419,131.15106,,,Y,Y,Y,,,,,,,,,40.95241124867909,Telstra,186,Nawarddeken Academy Mamadawerre School,39.30958069724237,Combined,Independent,Very Remote,School Single Entity,0,-12.25745447,133.523957,53057,87767.0,87762.0,53057,Nawarddeken Academy Mamadawerre School,39.30958069724237,Combined,Independent,Very Remote,School Single Entity,0,-12.25745447,133.523957,53057,87767.0,87762.0,53057,-1.642830551436724,-1.642830551436724,Yes,Yes,No,No,,70400401,Cobourg Peninsula - Demed Homelands,704004,North-West Arnhem,704,Jabiru - Tiwi,7,Northern Territory,23675.7318,Within polygon,Matched,145,127,279,27,57,40,102,44,3,27,239,1218,2.4,5.6,70.3,4,34,22,190,45,3,48,138,8.3,24.7,22.7,84,ABS 2021 Census Indigenous Profile,Indigenous Location (ILOC),2021
619,MARRALUM,"LEGUNE STATION,MARRALAM",Family Outstation,VICTORIA DALY,TIMBER CREEK,NORTHERN LAND COUNCIL,GWOJA,BIG RIVERS,18.0,Homelands Service Provider Report 2023,-15.39109,129.25026,https://bushtel.nt.gov.au/profile/619,Not listed,Not confirmed,,,,,,,,,,,,,19.604564506854487,4G/LTE + IoT,"IoT700, LTE700",2025,Telstra,852115,-15.23523,129.335708,,Y,Y,,,,,,,,,,,Y,REGIONAL CO-INVESTMENT: EWA - Small Cell Satellite,,44.14417880107351,3G/UMTS + 4G/LTE,"UMTS900, LTE700",2025,Optus,852121,-15.762983,129.106028,,Y,,Y,,,,,,,,,,,,Y,Federal Mobile Black Spot Program (MBSP),5.0,367.93870362808485,4G/LTE + 5G/NR,"LTE850, LTE1800, LTE2100, NR700",2025,TPG,800002,-12.4651,130.8425,,,Y,Y,Y,Y,,,,,,,,19.604564506854487,Telstra,373,Bulla Camp School,78.15339080473196,Combined,Government,Very Remote,School Single Entity,0,-15.9353,129.7122,50082,56531.0,16531.0,50082,Bulla Camp School,78.15339080473196,Combined,Government,Very Remote,School Single Entity,0,-15.9353,129.7122,50082,56531.0,16531.0,50082,58.54882629787747,58.54882629787747,No,No,Yes,No,,70500805,Timber Creek - Surrounds,705008,Victoria River,705,Katherine,7,Northern Territory,64510.5948,Within polygon,Matched,66,56,127,14,28,25,30,15,14,23,336,860,2.0,4.3,46.2,0,17,6,88,14,19,29,51,56.7,34.5,14.9,42,ABS 2021 Census Indigenous Profile,Indigenous Location (ILOC),2021
894,MARRAMARRANI,No aliases recorded with NTG DIPL,Family Outstation,WEST ARNHEM,BARRAH,NORTHERN LAND COUNCIL,ARAFURA,TOP END,,Not recorded,-11.30261,132.55341,https://bushtel.nt.gov.au/profile/894,Not listed,Not confirmed,,,,,,,,,,,,,17.34866851581633,4G/LTE + IoT,"IoT700, LTE700, LTE850",2025,Telstra,822032,-11.1479,132.57398,,Y,Y,Y,,,,,,,,,,Y,Federal Mobile Black Spot Program (MBSP),1.0,132.51879444832326,3G/UMTS + 4G/LTE,"UMTS900, LTE700",2025,Optus,822106,-12.42654,132.95842,,Y,,Y,,,,,,,,,,,,Y,Federal Mobile Black Spot Program (MBSP),5.0,206.5038369884875,4G/LTE,"LTE850, LTE1800, LTE2100",2025,TPG,836002,-12.55419,131.15106,,,Y,Y,Y,,,,,,,,,17.34866851581633,Telstra,393,Mamaruni School,17.334091883408956,Combined,Government,Very Remote,School Single Entity,0,-11.14856,132.57775,50098,47955.0,7955.0,50098,Mamaruni School,17.334091883408956,Combined,Government,Very Remote,School Single Entity,0,-11.14856,132.57775,50098,47955.0,7955.0,50098,-0.0145766324073726,-0.0145766324073726,Yes,Yes,No,No,,70400401,Cobourg Peninsula - Demed Homelands,704004,North-West Arnhem,704,Jabiru - Tiwi,7,Northern Territory,23675.7318,Within polygon,Matched,145,127,279,27,57,40,102,44,3,27,239,1218,2.4,5.6,70.3,4,34,22,190,45,3,48,138,8.3,24.7,22.7,84,ABS 2021 Census Indigenous Profile,Indigenous Location (ILOC),2021
527,MARRAYA,MARRAIYA,Family Outstation,ROPER GULF,NUMBULWAR NUMBURINDI,NORTHERN LAND COUNCIL,ARNHEM,BIG RIVERS,,Not recorded,-13.83939,135.80099,https://bushtel.nt.gov.au/profile/527,Not listed,Not confirmed,,,,,,,,,,,,,43.44360243106939,4G/LTE,LTE700,2025,Telstra,885002,-13.78362,136.1992,,,Y,,,,,,,,,,,Y,REGIONAL CO-INVESTMENT: Small Cell Satellite,,212.52597822779185,4G/LTE + IoT,"NBIoT700, LTE700, LTE2600",2025,Optus,880003,-12.181375,136.776877,Y,,,Y,,,,,Y,,,,,,,,,,521.3848509154484,4G/LTE,"LTE850, LTE1800, LTE2100",2025,TPG,836004,-12.613261,131.151729,,,Y,Y,Y,,,,,,,,,43.44360243106939,Telstra,170,Milyakburra School,43.08866687695386,Combined,Government,Very Remote,School Single Entity,0,-13.7818,136.1956,50103,56564.0,16564.0,50103,Milyakburra School,43.08866687695386,Combined,Government,Very Remote,School Single Entity,0,-13.7818,136.1956,50103,56564.0,16564.0,50103,-0.3549355541155279,-0.3549355541155279,Yes,Yes,No,No,,70600601,Numbulwar and Outstations,706006,Numbulwar and Outstations,706,Nhulunbuy,7,Northern Territory,4418.5473,Within polygon,Matched,335,336,675,42,95,131,229,128,43,30,244,1057,1.7,4.8,57.8,19,60,44,534,85,29,107,424,25.7,20.4,15.2,137,ABS 2021 Census Indigenous Profile,Indigenous Location (ILOC),2021
899,MARRKALAWA,No aliases recorded with NTG DIPL,Family Outstation,ROPER GULF,NUMBULWAR NUMBURINDI,NORTHERN LAND COUNCIL,ARNHEM,BIG RIVERS,10.0,Homelands Service Provider Report 2023,-13.57423,135.7131,https://bushtel.nt.gov.au/profile/899,Not listed,Not confirmed,,,,,,,,,,,,,57.44845728420051,4G/LTE,LTE700,2025,Telstra,885002,-13.78362,136.1992,,,Y,,,,,,,,,,,Y,REGIONAL CO-INVESTMENT: Small Cell Satellite,,193.089022612209,4G/LTE + IoT,"NBIoT700, LTE700, LTE2600",2025,Optus,880003,-12.181375,136.776877,Y,,,Y,,,,,Y,,,,,,,,,,505.42622018775126,4G/LTE,"LTE850, LTE1800, LTE2100",2025,TPG,836004,-12.613261,131.151729,,,Y,Y,Y,,,,,,,,,57.44845728420051,Telstra,94,Milyakburra School,57.01105672633753,Combined,Government,Very Remote,School Single Entity,0,-13.7818,136.1956,50103,56564.0,16564.0,50103,Milyakburra School,57.01105672633753,Combined,Government,Very Remote,School Single Entity,0,-13.7818,136.1956,50103,56564.0,16564.0,50103,-0.4374005578629791,-0.4374005578629791,Yes,Yes,Yes,Yes,Review,70600601,Numbulwar and Outstations,706006,Numbulwar and Outstations,706,Nhulunbuy,7,Northern Territory,4418.5473,Within polygon,Matched,335,336,675,42,95,131,229,128,43,30,244,1057,1.7,4.8,57.8,19,60,44,534,85,29,107,424,25.7,20.4,15.2,137,ABS 2021 Census Indigenous Profile,Indigenous Location (ILOC),2021
368,MARRKOLIDJBAN,"MARRGOLIDJBAN,MARRKILIDBAN,MARRKOLIDBAN",Family Outstation,WEST ARNHEM,MANINGRIDA,NORTHERN LAND COUNCIL,ARAFURA,TOP END,21.0,Homelands Service Provider Report 2023,-12.23751,134.06446,https://bushtel.nt.gov.au/profile/368,Not listed,Not confirmed,,,,,,,,,,,,,27.16261003139353,4G/LTE + 5G/NR + IoT,"IoT700, LTE700, LTE850, LTE1800, LTE2100, LTE2600, NR850, NR2600",2025,Telstra,822008,-12.05532,134.23091,,Y,Y,Y,Y,Y,Y,,Y,,Y,,,Y,REGIONAL CO-INVESTMENT: RCP - TX Upgrade,1.0,121.97305217226656,3G/UMTS + 4G/LTE,"UMTS900, LTE700",2025,Optus,822106,-12.42654,132.95842,,Y,,Y,,,,,,,,,,,,Y,Federal Mobile Black Spot Program (MBSP),5.0,318.35506562141404,4G/LTE,"LTE850, LTE1800, LTE2100",2025,TPG,836002,-12.55419,131.15106,,,Y,Y,Y,,,,,,,,,27.16261003139353,Telstra,306,Maningrida College,27.038720339897,Combined,Government,Very Remote,School Single Entity,0,-12.05041,134.22333,50061,47956.0,7956.0,50061,Maningrida College,27.038720339897,Combined,Government,Very Remote,School Single Entity,0,-12.05041,134.22333,50061,47956.0,7956.0,50061,-0.123889691496533,-0.123889691496533,Yes,Yes,No,No,,70400302,Maningrida Outstations,704003,Maningrida and Outstations,704,Jabiru - Tiwi,7,Northern Territory,9758.0375,Within polygon,Matched,170,195,366,23,65,77,131,58,11,26,207,900,2.1,5.9,72.3,4,34,42,283,10,22,35,226,60.6,11.8,4.6,88,ABS 2021 Census Indigenous Profile,Indigenous Location (ILOC),2021
528,MARTJANBA,"JENSEN BAY,MARCHINBAR ISLAND,RIMBIJA ISLAND",Family Outstation,EAST ARNHEM,GUMURR MARTHAKAL,NORTHERN LAND COUNCIL,MULKA,EAST ARNHEM,,Not recorded,-11.17006,136.70702,https://bushtel.nt.gov.au/profile/528,Not listed,Not confirmed,,,,,,,,,,,,,112.72494311416904,4G/LTE + IoT,"IoT700, LTE700",2025,Telstra,880003,-12.1815,136.77699,,Y,Y,,,,,,,,,,,Y,REGIONAL CO-INVESTMENT: RCP - Augmentation,1.0,112.71024450156511,4G/LTE + IoT,"NBIoT700, LTE700, LTE2600",2025,Optus,880003,-12.181375,136.776877,Y,,,Y,,,,,Y,,,,,,,,,,623.858702447899,4G/LTE,"LTE850, LTE1800, LTE2100",2025,TPG,836002,-12.55419,131.15106,,,Y,Y,Y,,,,,,,,,112.71024450156511,Optus,7,Gawa Christian School,109.35463917559952,Combined,Independent,Very Remote,School Single Entity,0,-11.759762,135.903958,50163,58020.0,18020.0,50163,Gawa Christian School,109.35463917559952,Combined,Independent,Very Remote,School Single Entity,0,-11.759762,135.903958,50163,58020.0,18020.0,50163,-3.3556053259655982,-3.3556053259655982,Yes,Yes,Yes,Yes,Review,70600402,Marthakal Homelands exc. Galiwinku,706004,Marthakal Homelands - Galiwinku,706,Nhulunbuy,7,Northern Territory,5177.5161,Within polygon,Matched,204,224,425,32,93,102,113,79,18,23,281,1312,1.8,5.7,64.7,8,68,36,308,27,25,58,245,43.6,18.0,10.2,125,ABS 2021 Census Indigenous Profile,Indigenous Location (ILOC),2021
529,MATAMATA,MATA MATA,Family Outstation,EAST ARNHEM,GUMURR MARTHAKAL,NORTHERN LAND COUNCIL,MULKA,EAST ARNHEM,7.0,Homelands Service Provider Report 2023,-12.07676,136.27125,https://bushtel.nt.gov.au/profile/529,Not listed,Not confirmed,,,,,,,,,,,,,47.46959888578864,4G/LTE + IoT,"IoT700, LTE700",2025,Telstra,880001,-12.19105,136.69197,,Y,Y,,,,,,,,,,,,,,56.18553932441721,4G/LTE + IoT,"NBIoT700, LTE700, LTE2600",2025,Optus,880003,-12.181375,136.776877,Y,,,Y,,,,,Y,,,,,,,,,,558.7557011707113,4G/LTE,"LTE850, LTE1800, LTE2100",2025,TPG,836002,-12.55419,131.15106,,,Y,Y,Y,,,,,,,,,47.46959888578864,Telstra,143,Dhupuma Barker,49.75935763486723,Primary,Independent,Very Remote,School Single Entity,0,-12.21816265,136.7055423,53009,87701.0,87700.0,53009,Gawa Christian School,53.28522010701566,Combined,Independent,Very Remote,School Single Entity,0,-11.759762,135.903958,50163,58020.0,18020.0,50163,5.815621221227019,2.2897587490785867,No,No,Yes,No,,70600402,Marthakal Homelands exc. Galiwinku,706004,Marthakal Homelands - Galiwinku,706,Nhulunbuy,7,Northern Territory,5177.5161,Within polygon,Matched,204,224,425,32,93,102,113,79,18,23,281,1312,1.8,5.7,64.7,8,68,36,308,27,25,58,245,43.6,18.0,10.2,125,ABS 2021 Census Indigenous Profile,Indigenous Location (ILOC),2021
530,MAWULYUMANJA,"MANULYUMANJA,MAWALYUMANTTJA,THOMPSON BAY,THOMPSON'S BAY",Family Outstation,EAST ARNHEM,ANINDILYAKWA,ANINDILYAKWA LAND COUNCIL,ARNHEM,EAST ARNHEM,9.0,Homelands Service Provider Report 2023,-13.84278,136.72335,https://bushtel.nt.gov.au/profile/530,Not listed,Not confirmed,,,,,,,,,,,,,9.76064164972683,4G/LTE + IoT,"IoT700, LTE700",2025,Telstra,885004,-13.85704,136.812557,,Y,Y,,,,,,,,,,,,,,184.8310513397197,4G/LTE + IoT,"NBIoT700, LTE700, LTE2600",2025,Optus,880003,-12.181375,136.776877,Y,,,Y,,,,,Y,,,,,,,,,,618.3754424457982,4G/LTE,"LTE850, LTE1800, LTE2100",2025,TPG,836004,-12.613261,131.151729,,,Y,Y,Y,,,,,,,,,9.76064164972683,Telstra,502,Alyarrmandumanja Umbakumba School,9.747624797995954,Combined,Government,Very Remote,School Single Entity,0,-13.85975,136.81193,50124,47965.0,7965.0,50124,Alyarrmandumanja Umbakumba School,9.747624797995954,Combined,Government,Very Remote,School Single Entity,0,-13.85975,136.81193,50124,47965.0,7965.0,50124,-0.0130168517308764,-0.0130168517308764,Yes,Yes,No,No,,70600105,Umbakumba and Outstations,706001,Anindilyakwa (Groote),706,Nhulunbuy,7,Northern Territory,1488.7767,Within polygon,Matched,220,225,441,30,55,109,163,69,9,28,128,404,1.5,4.4,45.4,3,34,14,351,56,26,80,247,32.1,23.0,15.6,85,ABS 2021 Census Indigenous Profile,Indigenous Location (ILOC),2021
101,MBALKANAKA,SALT HOLE,Family Outstation,MACDONNELL,LJIRAPINTA,CENTRAL LAND COUNCIL,GWOJA,CENTRAL AUSTRALIA,2.0,Homelands Service Provider Report 2023,-23.95349,132.87547,https://bushtel.nt.gov.au/profile/101,Not listed,Not confirmed,,,,,,,,,,,,,10.105376166593594,4G/LTE + IoT,"IoT700, LTE700, LTE2600",2025,Telstra,872034,-23.94213,132.77681,,Y,Y,,,,Y,,,,,,,,,,17.89015699803044,3G/UMTS + 4G/LTE,"UMTS900, LTE700",2025,Optus,872189,-24.056241,132.739943,,Y,,Y,,,,,,,,,,,,Y,Federal Mobile Black Spot Program (MBSP),4.0,768.8789295645945,4G/LTE,LTE850,2025,TPG,4825002,-20.73424,139.49366,,,Y,,,,,,,,,,,10.105376166593594,Telstra,499,Ntaria School,10.175272605070743,Combined,Government,Very Remote,School Single Entity,0,-23.94262,132.776051,50111,56572.0,16572.0,50111,Ntaria School,10.175272605070743,Combined,Government,Very Remote,School Single Entity,0,-23.94262,132.776051,50111,56572.0,16572.0,50111,0.0698964384771514,0.0698964384771514,No,No,No,No,,70901403,Tjuwanpa Outstations,709014,West MacDonnell Ranges,709,Apatula,7,Northern Territory,15970.5215,Within polygon,Matched,90,98,188,21,38,31,60,36,8,27,352,1166,1.5,4.3,51.2,0,21,12,134,28,19,47,85,43.5,34.6,19.5,59,ABS 2021 Census Indigenous Profile,Indigenous Location (ILOC),2021
102,MBUNGHARA,"BUNGHARA,DASHWOOD,UMPANGARA,UMPANGARI",Family Outstation,MACDONNELL,LURITJA PINTUBI,CENTRAL LAND COUNCIL,GWOJA,CENTRAL AUSTRALIA,42.0,Homelands Service Provider Report 2023,-23.29071,132.35891,https://bushtel.nt.gov.au/profile/102,Not listed,Not confirmed,,,,,,,,,,,,,45.8728484460283,4G/LTE + IoT,"IoT700, LTE700",2025,Telstra,872058,-23.19087,131.92328,,Y,Y,,,,,,,,,,,,,,36.463618771895945,3G/UMTS + 4G/LTE,"UMTS900, LTE700",2025,Optus,872191,-23.5863,132.51367,,Y,,Y,,,,,,,,,,,,Y,Federal Mobile Black Spot Program (MBSP),5.0,788.3900934774914,4G/LTE,LTE850,2025,TPG,4825002,-20.73424,139.49366,,,Y,,,,,,,,,,,36.463618771895945,Optus,214,Mbunghara School,0.2162278499419996,Combined,Government,Very Remote,School Single Entity,0,-23.29019,132.35687,50100,56562.0,16562.0,50100,Mbunghara School,0.2162278499419996,Combined,Government,Very Remote,School Single Entity,0,-23.29019,132.35687,50100,56562.0,16562.0,50100,-36.24739092195394,-36.24739092195394,Yes,Yes,No,No,,70901403,Tjuwanpa Outstations,709014,West MacDonnell Ranges,709,Apatula,7,Northern Territory,15970.5215,Within polygon,Matched,90,98,188,21,38,31,60,36,8,27,352,1166,1.5,4.3,51.2,0,21,12,134,28,19,47,85,43.5,34.6,19.5,59,ABS 2021 Census Indigenous Profile,Indigenous Location (ILOC),2021
847,MCDONALDS YARD,"BURURU,PURURU",Family Outstation,VICTORIA DALY,DAGURAGU,CENTRAL LAND COUNCIL,GWOJA,BIG RIVERS,,Not recorded,-17.78239,130.59211,https://bushtel.nt.gov.au/profile/847,Not listed,Not confirmed,,,,,,,,,,,,,45.47726769067415,4G/LTE + IoT,"IoT700, LTE700, LTE2600",2025,Telstra,852009,-17.44192,130.82986,,Y,Y,,,,Y,,,,,,,,,,144.1510095176721,3G/UMTS + 4G/LTE,"UMTS900, LTE700",2025,Optus,852107,-16.486946,130.643636,,Y,,Y,,,,,,,,,,,,Y,Federal Mobile Black Spot Program (MBSP),2.0,577.9075196054039,4G/LTE,"LTE850, LTE1800, LTE2100",2025,TPG,836004,-12.613261,131.151729,,,Y,Y,Y,,,,,,,,,45.47726769067415,Telstra,159,Kalkaringi School,45.24966812353148,Combined,Government,Very Remote,School Single Entity,0,-17.44597,130.83233,50059,45023.0,5023.0,50059,Kalkaringi School,45.24966812353148,Combined,Government,Very Remote,School Single Entity,0,-17.44597,130.83233,50059,45023.0,5023.0,50059,-0.2275995671426685,-0.2275995671426685,Yes,Yes,No,No,,70500803,Daguragu Outstations,705008,Victoria River,705,Katherine,7,Northern Territory,41402.8914,Within polygon,Matched,18,7,23,0,0,4,4,5,0,22,267,2250,1.3,7.5,50.0,0,0,0,14,6,4,7,8,28.6,50.0,35.7,0,ABS 2021 Census Indigenous Profile,Indigenous Location (ILOC),2021
951,MENNGEN,"DJALIBANG,INNESVALE STATION,JALIJBANG",Family Outstation,VICTORIA DALY,TIMBER CREEK,NORTHERN LAND COUNCIL,DALY,BIG RIVERS,43.0,Homelands Service Provider Report 2023,-15.35696,131.27307,https://bushtel.nt.gov.au/profile/951,Not listed,Not confirmed,,,,,,,,,,,,,59.35979550614852,4G/LTE + 5G/NR,"LTE700, LTE850, LTE2600, NR850",2025,Telstra,852123,-15.31228,130.72147,,,Y,Y,,,Y,,Y,,,,,,,,32.84231816898196,3G/UMTS,UMTS900,2025,Optus,852099,-15.6176,131.1289,,Y,,,,,,,,,,,,,,Y,Federal Mobile Black Spot Program (MBSP),2.0,305.36656799061024,4G/LTE,"LTE850, LTE1800, LTE2100",2025,TPG,836004,-12.613261,131.151729,,,Y,Y,Y,,,,,,,,,32.84231816898196,Optus,248,Timber Creek School,92.42539713700783,Combined,Government,Very Remote,School Single Entity,0,-15.6481,130.46513,50121,47932.0,7932.0,50121,Timber Creek School,92.42539713700783,Combined,Government,Very Remote,School Single Entity,0,-15.6481,130.46513,50121,47932.0,7932.0,50121,59.58307896802589,59.58307896802589,No,No,Yes,No,,70500805,Timber Creek - Surrounds,705008,Victoria River,705,Katherine,7,Northern Territory,64510.5948,Within polygon,Matched,66,56,127,14,28,25,30,15,14,23,336,860,2.0,4.3,46.2,0,17,6,88,14,19,29,51,56.7,34.5,14.9,42,ABS 2021 Census Indigenous Profile,Indigenous Location (ILOC),2021
872,MERRAL NTARRAKALA,MERRALNTARRAKALA,Family Outstation,MACDONNELL,LJIRAPINTA,CENTRAL LAND COUNCIL,GWOJA,CENTRAL AUSTRALIA,7.0,Homelands Service Provider Report 2023,-23.91418,132.82865,https://bushtel.nt.gov.au/profile/872,Yes,Confirmed,Primary name,MERRAL NTARRAKALA,0.0,MERRAL NTARRAKALA,COMMUNITY,5.0,,,YES,TELSTRA,-23.91418,132.82865,6.117248149176223,4G/LTE + IoT,"IoT700, LTE700, LTE2600",2025,Telstra,872034,-23.94213,132.77681,,Y,Y,,,,Y,,,,,,,,,,18.186419808431395,3G/UMTS + 4G/LTE,"UMTS900, LTE700",2025,Optus,872189,-24.056241,132.739943,,Y,,Y,,,,,,,,,,,,Y,Federal Mobile Black Spot Program (MBSP),4.0,771.2167191070922,4G/LTE,LTE850,2025,TPG,4825002,-20.73424,139.49366,,,Y,,,,,,,,,,,6.117248149176223,Telstra,559,Ntaria School,6.21137154465306,Combined,Government,Very Remote,School Single Entity,0,-23.94262,132.776051,50111,56572.0,16572.0,50111,Ntaria School,6.21137154465306,Combined,Government,Very Remote,School Single Entity,0,-23.94262,132.776051,50111,56572.0,16572.0,50111,0.0941233954768367,0.0941233954768367,No,No,No,No,,70901403,Tjuwanpa Outstations,709014,West MacDonnell Ranges,709,Apatula,7,Northern Territory,15970.5215,Within polygon,Matched,90,98,188,21,38,31,60,36,8,27,352,1166,1.5,4.3,51.2,0,21,12,134,28,19,47,85,43.5,34.6,19.5,59,ABS 2021 Census Indigenous Profile,Indigenous Location (ILOC),2021
717,MERREPEN,MATAPAN,Family Outstation,WEST DALY,THAMARRURR/PINDI PINDI,NORTHERN LAND COUNCIL,DALY,TOP END,26.0,Homelands Service Provider Report 2023,-14.22128,129.96735,https://bushtel.nt.gov.au/profile/717,Not listed,Not confirmed,,,,,,,,,,,,,14.317227843544147,4G/LTE + IoT,"IoT700, LTE700",2025,Telstra,822068,-14.15629,130.082,,Y,Y,,,,,,,,,,,,,,140.41975229434746,3G/UMTS + 4G/LTE,"UMTS900, LTE700",2025,Optus,822091,-13.164608,130.679087,,Y,,Y,,,,,,,,,,,,Y,Federal Mobile Black Spot Program (MBSP),2.0,217.02125706023824,4G/LTE + 5G/NR,"LTE850, LTE1800, LTE2100, NR700",2025,TPG,800002,-12.4651,130.8425,,,Y,Y,Y,Y,,,,,,,,14.317227843544147,Telstra,434,Peppimenarti School,14.2456973259209,Combined,Government,Very Remote,School Single Entity,0,-14.14978,130.077,50114,47988.0,7988.0,50114,Peppimenarti School,14.2456973259209,Combined,Government,Very Remote,School Single Entity,0,-14.14978,130.077,50114,47988.0,7988.0,50114,-0.0715305176232483,-0.0715305176232483,Yes,Yes,No,No,,70400501,Thamarrurr exc. Wadeye,704005,Thamarrurr inc. Wadeye,704,Jabiru - Tiwi,7,Northern Territory,3352.8699,Within polygon,Matched,96,89,188,14,38,56,57,23,5,21,233,860,1.9,4.9,35.3,4,25,11,140,21,30,53,85,60.8,37.2,14.6,52,ABS 2021 Census Indigenous Profile,Indigenous Location (ILOC),2021
372,MEWIRNBI,MEWIRNABI,Family Outstation,WEST ARNHEM,MANINGRIDA,NORTHERN LAND COUNCIL,ARAFURA,TOP END,40.0,Homelands Service Provider Report 2023,-12.12529,134.76806,https://bushtel.nt.gov.au/profile/372,Not listed,Not confirmed,,,,,,,,,,,,,15.402995117640751,4G/LTE + IoT,"IoT700, LTE700",2025,Telstra,822010,-12.12233,134.90971,,Y,Y,,,,,,,,,,,,,,199.4544804259816,3G/UMTS + 4G/LTE,"UMTS900, LTE700",2025,Optus,822106,-12.42654,132.95842,,Y,,Y,,,,,,,,,,,,Y,Federal Mobile Black Spot Program (MBSP),5.0,395.7808765640481,4G/LTE,"LTE850, LTE1800, LTE2100",2025,TPG,836002,-12.55419,131.15106,,,Y,Y,Y,,,,,,,,,15.402995117640751,Telstra,420,Milingimbi School,16.72957525273804,Combined,Government,Very Remote,School Single Entity,0,-12.1021,134.9201,50062,46732.0,6732.0,50062,Milingimbi School,16.72957525273804,Combined,Government,Very Remote,School Single Entity,0,-12.1021,134.9201,50062,46732.0,6732.0,50062,1.3265801350972897,1.3265801350972897,No,No,No,No,,70400302,Maningrida Outstations,704003,Maningrida and Outstations,704,Jabiru - Tiwi,7,Northern Territory,9758.0375,Within polygon,Matched,170,195,366,23,65,77,131,58,11,26,207,900,2.1,5.9,72.3,4,34,42,283,10,22,35,226,60.6,11.8,4.6,88,ABS 2021 Census Indigenous Profile,Indigenous Location (ILOC),2021
373,MIKGINJ VALLEY,"MIKGIN,MIKGINJ,MIKINJ,MIKINJ VALLEY",Family Outstation,WEST ARNHEM,GUNBALANYA,NORTHERN LAND COUNCIL,ARAFURA,TOP END,12.0,Homelands Service Provider Report 2023,-12.47966,133.07465,https://bushtel.nt.gov.au/profile/373,Not listed,Not confirmed,,,,,,,,,,,,,14.347164842086883,4G/LTE + IoT,"IoT700, LTE700",2025,Telstra,822103,-12.432888,132.9515,,Y,Y,,,,,,,,,,,Y,REGIONAL CO-INVESTMENT: NT RTCP - Greenfield Macro,2.0,13.934011570863808,3G/UMTS + 4G/LTE,"UMTS900, LTE700",2025,Optus,822106,-12.42654,132.95842,,Y,,Y,,,,,,,,,,,,Y,Federal Mobile Black Spot Program (MBSP),5.0,208.9738391034948,4G/LTE,"LTE850, LTE1800, LTE2100",2025,TPG,836002,-12.55419,131.15106,,,Y,Y,Y,,,,,,,,,13.934011570863808,Optus,440,Gunbalanya School,17.70628984976322,Combined,Government,Remote,School Single Entity,0,-12.32135,133.05709,50058,47960.0,7960.0,50058,Gunbalanya School,17.70628984976322,Combined,Government,Remote,School Single Entity,0,-12.32135,133.05709,50058,47960.0,7960.0,50058,3.772278278899412,3.772278278899412,No,No,No,No,,70400401,Cobourg Peninsula - Demed Homelands,704004,North-West Arnhem,704,Jabiru - Tiwi,7,Northern Territory,23675.7318,Within polygon,Matched,145,127,279,27,57,40,102,44,3,27,239,1218,2.4,5.6,70.3,4,34,22,190,45,3,48,138,8.3,24.7,22.7,84,ABS 2021 Census Indigenous Profile,Indigenous Location (ILOC),2021
987,MILIBUNTHURRA,MILLIBUNTHURRA,Family Outstation,ROPER GULF,SOUTH WEST GULF,NORTHERN LAND COUNCIL,BARKLY,BIG RIVERS,4.0,Homelands Service Provider Report 2023,-15.96231,136.42333,https://bushtel.nt.gov.au/profile/987,Not listed,Not confirmed,,,,,,,,,,,,,16.125684118985692,4G/LTE + IoT,"IoT700, LTE700, LTE1800, LTE2100, LTE2600",2025,Telstra,854001,-16.05361,136.30611,,Y,Y,,Y,Y,Y,,,,,,,,,,109.35515782862612,3G/UMTS,UMTS900,2025,Optus,852089,-16.6834,135.7265,,Y,,,,,,,,,,,,,,Y,Federal Mobile Black Spot Program (MBSP),2.0,621.672552263512,4G/LTE,LTE850,2025,TPG,4825002,-20.73424,139.49366,,,Y,,,,,,,,,,,16.125684118985692,Telstra,408,Borroloola School,16.42076384827813,Combined,Government,Very Remote,School Single Entity,0,-16.0582,136.30649,50056,47921.0,7921.0,50056,Borroloola School,16.42076384827813,Combined,Government,Very Remote,School Single Entity,0,-16.0582,136.30649,50056,47921.0,7921.0,50056,0.2950797292924392,0.2950797292924392,No,No,No,No,,70500401,Mabunji - Mungoorbada Outstations,705004,Gulf,705,Katherine,7,Northern Territory,55041.1368,Within polygon,Matched,62,43,104,7,17,23,30,21,8,30,407,916,1.9,3.6,48.1,4,12,3,79,23,9,28,52,22.2,34.6,26.9,24,ABS 2021 Census Indigenous Profile,Indigenous Location (ILOC),2021
830,MILMILNGKAN,BURLNGANDI,Family Outstation,WEST ARNHEM,MANINGRIDA,NORTHERN LAND COUNCIL,ARAFURA,TOP END,27.0,Homelands Service Provider Report 2023,-12.52316,134.24731,https://bushtel.nt.gov.au/profile/830,Not listed,Not confirmed,,,,,,,,,,,,,52.05201203969788,4G/LTE + 5G/NR + IoT,"IoT700, LTE700, LTE850, LTE1800, LTE2100, LTE2600, NR850, NR2600",2025,Telstra,822008,-12.05532,134.23091,,Y,Y,Y,Y,Y,Y,,Y,,Y,,,Y,REGIONAL CO-INVESTMENT: RCP - TX Upgrade,1.0,140.34628296466366,3G/UMTS + 4G/LTE,"UMTS900, LTE700",2025,Optus,822106,-12.42654,132.95842,,Y,,Y,,,,,,,,,,,,Y,Federal Mobile Black Spot Program (MBSP),5.0,336.0921750131853,4G/LTE,"LTE850, LTE1800, LTE2100",2025,TPG,836002,-12.55419,131.15106,,,Y,Y,Y,,,,,,,,,52.05201203969788,Telstra,118,Nawarddeken Academy Manmoyi School,14.711734412082157,Combined,Independent,Very Remote,School Single Entity,0,-12.54418519,134.1134967,53058,87768.0,87763.0,53058,Nawarddeken Academy Manmoyi School,14.711734412082157,Combined,Independent,Very Remote,School Single Entity,0,-12.54418519,134.1134967,53058,87768.0,87763.0,53058,-37.34027762761572,-37.34027762761572,Yes,Yes,No,Yes,,70400302,Maningrida Outstations,704003,Maningrida and Outstations,704,Jabiru - Tiwi,7,Northern Territory,9758.0375,Within polygon,Matched,170,195,366,23,65,77,131,58,11,26,207,900,2.1,5.9,72.3,4,34,42,283,10,22,35,226,60.6,11.8,4.6,88,ABS 2021 Census Indigenous Profile,Indigenous Location (ILOC),2021
724,MIMINA,No aliases recorded with NTG DIPL,Family Outstation,ROPER GULF,SOUTH WEST GULF,NORTHERN LAND COUNCIL,BARKLY,BIG RIVERS,,Not recorded,-16.80211,136.83428,https://bushtel.nt.gov.au/profile/724,Not listed,Not confirmed,,,,,,,,,,,,,16.717869495695805,4G/LTE + IoT,"IoT700, LTE700",2025,Telstra,862019,-16.75799,136.9844,,Y,Y,,,,,,,,,,,,,,118.69391697635118,3G/UMTS,UMTS900,2025,Optus,852089,-16.6834,135.7265,,Y,,,,,,,,,,,,,,Y,Federal Mobile Black Spot Program (MBSP),2.0,519.1557569632481,4G/LTE,LTE850,2025,TPG,4825002,-20.73424,139.49366,,,Y,,,,,,,,,,,16.717869495695805,Telstra,402,Robinson River School,16.31614960954969,Combined,Government,Very Remote,School Single Entity,0,-16.7597,136.981,50118,56541.0,16541.0,50118,Robinson River School,16.31614960954969,Combined,Government,Very Remote,School Single Entity,0,-16.7597,136.981,50118,56541.0,16541.0,50118,-0.4017198861461146,-0.4017198861461146,Yes,Yes,No,No,,70500401,Mabunji - Mungoorbada Outstations,705004,Gulf,705,Katherine,7,Northern Territory,55041.1368,Within polygon,Matched,62,43,104,7,17,23,30,21,8,30,407,916,1.9,3.6,48.1,4,12,3,79,23,9,28,52,22.2,34.6,26.9,24,ABS 2021 Census Indigenous Profile,Indigenous Location (ILOC),2021
745,MIRRIDI,MIRRIRDI,Family Outstation,CENTRAL DESERT,NORTHERN TANAMI,CENTRAL LAND COUNCIL,GWOJA,CENTRAL AUSTRALIA,,Not recorded,-19.01873,130.77884,https://bushtel.nt.gov.au/profile/745,Not listed,Not confirmed,,,,,,,,,,,,,77.93335649435465,4G/LTE + 5G/NR + IoT,"IoT700, LTE700, LTE850, LTE2600, NR850, NR2600",2025,Telstra,852001,-18.33139,130.63417,,Y,Y,Y,,,Y,,Y,,Y,,,,,,281.88571959831063,3G/UMTS + 4G/LTE,"UMTS900, LTE700",2025,Optus,852107,-16.486946,130.643636,,Y,,Y,,,,,,,,,,,,Y,Federal Mobile Black Spot Program (MBSP),2.0,713.3715508966792,4G/LTE,"LTE850, LTE1800, LTE2100",2025,TPG,836004,-12.613261,131.151729,,,Y,Y,Y,,,,,,,,,77.93335649435465,Telstra,42,Lajamanu School,77.51090644887393,Combined,Government,Very Remote,School Single Entity,0,-18.3353,130.633981,50060,44761.0,4761.0,50060,Lajamanu School,77.51090644887393,Combined,Government,Very Remote,School Single Entity,0,-18.3353,130.633981,50060,44761.0,4761.0,50060,-0.4224500454807298,-0.4224500454807298,Yes,Yes,Yes,Yes,Review,70901002,Tanami Outstations,709010,Nyirripi and Tanami Outstations,709,Apatula,7,Northern Territory,142011.3404,Within polygon,Matched,13,16,30,0,0,3,15,5,3,41,1312,2250,1.4,5.0,50.0,0,0,0,30,20,0,20,3,0.0,70.4,70.4,0,ABS 2021 Census Indigenous Profile,Indigenous Location (ILOC),2021
535,MIRRNATJA,MIRRNGATJA,Family Outstation,EAST ARNHEM,GUMURR MIYARRKA,NORTHERN LAND COUNCIL,ARNHEM,EAST ARNHEM,7.0,Homelands Service Provider Report 2023,-12.65779,135.19307,https://bushtel.nt.gov.au/profile/535,Not listed,Not confirmed,,,,,,,,,,,,,46.693185764550826,4G/LTE + 5G/NR + IoT,"IoT700, LTE700, LTE850, LTE2600, NR850, NR2600",2025,Telstra,822003,-12.32833,134.92639,,Y,Y,Y,,,Y,,Y,,Y,,,Y,REGIONAL CO-INVESTMENT: RCP - TX Upgrade,1.0,179.96316939331615,4G/LTE + IoT,"NBIoT700, LTE700, LTE2600",2025,Optus,880003,-12.181375,136.776877,Y,,,Y,,,,,Y,,,,,,,,,,438.51750243222256,4G/LTE,"LTE850, LTE1800, LTE2100",2025,TPG,836004,-12.613261,131.151729,,,Y,Y,Y,,,,,,,,,46.693185764550826,Telstra,149,Ramingining School,46.87435883454853,Combined,Government,Very Remote,School Single Entity,0,-12.32641,134.92619,50065,47963.0,7963.0,50065,Ramingining School,46.87435883454853,Combined,Government,Very Remote,School Single Entity,0,-12.32641,134.92619,50065,47963.0,7963.0,50065,0.1811730699976976,0.1811730699976976,No,No,No,No,,70600402,Marthakal Homelands exc. Galiwinku,706004,Marthakal Homelands - Galiwinku,706,Nhulunbuy,7,Northern Territory,5177.5161,Within polygon,Matched,204,224,425,32,93,102,113,79,18,23,281,1312,1.8,5.7,64.7,8,68,36,308,27,25,58,245,43.6,18.0,10.2,125,ABS 2021 Census Indigenous Profile,Indigenous Location (ILOC),2021
626,MISTAKE CREEK,MOONDABIJERRA,Family Outstation,VICTORIA DALY,DAGURAGU,CENTRAL LAND COUNCIL,GWOJA,BIG RIVERS,,Not recorded,-17.10927,129.04319,https://bushtel.nt.gov.au/profile/626,Not listed,Not confirmed,,,,,,,,,,,,,7.168884879235858,4G/LTE + IoT,"IoT700, LTE700",2025,Telstra,852108,-17.053,129.01027,,Y,Y,,,,,,,,,,,Y,REGIONAL CO-INVESTMENT: Small Cell Satellite,,81.74930871361609,3G/UMTS + 4G/LTE,"UMTS900, LTE700",2025,Optus,6770030,-17.38659,128.33025,,Y,,Y,,,,,,,,,,,,Y,Federal Mobile Black Spot Program (MBSP),2.0,548.8686426603692,4G/LTE,"LTE850, LTE1800, LTE2100",2025,TPG,836004,-12.613261,131.151729,,,Y,Y,Y,,,,,,,,,7.168884879235858,Telstra,539,Amanbidji School,97.4253051157652,Combined,Government,Very Remote,School Single Entity,0,-16.427522,129.617986,50138,47922.0,7922.0,50138,Amanbidji School,97.4253051157652,Combined,Government,Very Remote,School Single Entity,0,-16.427522,129.617986,50138,47922.0,7922.0,50138,90.25642023652934,90.25642023652934,No,No,Yes,No,,70500803,Daguragu Outstations,705008,Victoria River,705,Katherine,7,Northern Territory,41402.8914,Within polygon,Matched,18,7,23,0,0,4,4,5,0,22,267,2250,1.3,7.5,50.0,0,0,0,14,6,4,7,8,28.6,50.0,35.7,0,ABS 2021 Census Indigenous Profile,Indigenous Location (ILOC),2021
536,MIWUL,MIWAL,Family Outstation,ROPER GULF,NUMBULWAR NUMBURINDI,NORTHERN LAND COUNCIL,ARNHEM,BIG RIVERS,,Not recorded,-14.03209,135.91266,https://bushtel.nt.gov.au/profile/536,Not listed,Not confirmed,,,,,,,,,,,,,33.18702567546651,4G/LTE + IoT,"IoT700, LTE700, LTE2600",2025,Telstra,852003,-14.27917,135.74,,Y,Y,,,,Y,,,,,,,,,,226.07189311043,4G/LTE + IoT,"NBIoT700, LTE700, LTE2600",2025,Optus,880003,-12.181375,136.776877,Y,,,Y,,,,,Y,,,,,,,,,,538.7399645286746,4G/LTE,"LTE850, LTE1800, LTE2100",2025,TPG,836004,-12.613261,131.151729,,,Y,Y,Y,,,,,,,,,33.18702567546651,Telstra,241,Numbulwar School,33.01752657361492,Combined,Government,Very Remote,School Single Entity,0,-14.27811,135.74119,50064,47931.0,7931.0,50064,Numbulwar School,33.01752657361492,Combined,Government,Very Remote,School Single Entity,0,-14.27811,135.74119,50064,47931.0,7931.0,50064,-0.169499101851585,-0.169499101851585,Yes,Yes,No,No,,70600601,Numbulwar and Outstations,706006,Numbulwar and Outstations,706,Nhulunbuy,7,Northern Territory,4418.5473,Within polygon,Matched,335,336,675,42,95,131,229,128,43,30,244,1057,1.7,4.8,57.8,19,60,44,534,85,29,107,424,25.7,20.4,15.2,137,ABS 2021 Census Indigenous Profile,Indigenous Location (ILOC),2021
827,MOBARN,"BLUE WATER,MORBON",Family Outstation,ROPER GULF,NYIRRANGGULUNG,NORTHERN LAND COUNCIL,ARNHEM,BIG RIVERS,,Not recorded,-13.57939,134.35499,https://bushtel.nt.gov.au/profile/827,Not listed,Not confirmed,,,,,,,,,,,,,10.440893206974572,4G/LTE + IoT,"IoT700, LTE700",2025,Telstra,852092,-13.67225,134.34067,,Y,Y,,,,,,,,,,,,,,193.2565427767,4G/LTE + IoT,"NBIoT700, LTE700, LTE2600",2025,Optus,886001,-12.669492,132.834471,Y,,,Y,,,,,Y,,,,,,,,,,363.1684539400891,4G/LTE,"LTE850, LTE1800, LTE2100",2025,TPG,836004,-12.613261,131.151729,,,Y,Y,Y,,,,,,,,,10.440893206974572,Telstra,490,Bulman School,9.86631962806134,Combined,Government,Very Remote,School Single Entity,0,-13.66483,134.33036,50083,47925.0,7925.0,50083,Bulman School,9.86631962806134,Combined,Government,Very Remote,School Single Entity,0,-13.66483,134.33036,50083,47925.0,7925.0,50083,-0.5745735789132311,-0.5745735789132311,Yes,Yes,No,No,,70500303,Elsey Roper - Surrounds,705003,Elsey - Roper,705,Katherine,7,Northern Territory,92882.2781,Within polygon,Matched,41,29,68,3,8,15,16,17,3,28,417,1125,1.3,2.6,16.0,0,5,8,52,24,10,31,24,20.0,56.6,45.3,11,ABS 2021 Census Indigenous Profile,Indigenous Location (ILOC),2021
627,MOLE HILL,GOONDBUROON,Family Outstation,ROPER GULF,NEVER NEVER,NORTHERN LAND COUNCIL,ARNHEM,BIG RIVERS,2.0,Homelands Service Provider Report 2023,-14.87499,133.83303,https://bushtel.nt.gov.au/profile/627,Not listed,Not confirmed,,,,,,,,,,,,,46.82705866369042,4G/LTE + 5G/NR + IoT,"IoT700, LTE700, LTE850, NR850",2025,Telstra,852090,-15.22066,134.08211,,Y,Y,Y,,,,,Y,,,,,,,,66.41161988132963,3G/UMTS + 4G/LTE,"UMTS900, LTE700",2025,Optus,852113,-14.9541,133.2204,,Y,,Y,,,,,,,,,,,,Y,Federal Mobile Black Spot Program (MBSP),5.0,383.5483048621911,4G/LTE,"LTE850, LTE1800, LTE2100",2025,TPG,836004,-12.613261,131.151729,,,Y,Y,Y,,,,,,,,,46.82705866369042,Telstra,148,Minyerri School,46.92154794367213,Combined,Government,Very Remote,School Single Entity,0,-15.221225,134.08281,50104,56565.0,16565.0,50104,Minyerri School,46.92154794367213,Combined,Government,Very Remote,School Single Entity,0,-15.221225,134.08281,50104,56565.0,16565.0,50104,0.0944892799817083,0.0944892799817083,No,No,No,No,,70500303,Elsey Roper - Surrounds,705003,Elsey - Roper,705,Katherine,7,Northern Territory,92882.2781,Within polygon,Matched,41,29,68,3,8,15,16,17,3,28,417,1125,1.3,2.6,16.0,0,5,8,52,24,10,31,24,20.0,56.6,45.3,11,ABS 2021 Census Indigenous Profile,Indigenous Location (ILOC),2021
628,MOMOB,"BULMAN GORGE,MORMOB",Family Outstation,ROPER GULF,NYIRRANGGULUNG,NORTHERN LAND COUNCIL,ARNHEM,BIG RIVERS,,Not recorded,-13.35693,134.26915,https://bushtel.nt.gov.au/profile/628,Not listed,Not confirmed,,,,,,,,,,,,,35.9045539263322,4G/LTE + IoT,"IoT700, LTE700",2025,Telstra,852092,-13.67225,134.34067,,Y,Y,,,,,,,,,,,,,,173.21031560364517,4G/LTE + IoT,"NBIoT700, LTE700, LTE2600",2025,Optus,886001,-12.669492,132.834471,Y,,,Y,,,,,Y,,,,,,,,,,347.7478202694799,4G/LTE,"LTE850, LTE1800, LTE2100",2025,TPG,836004,-12.613261,131.151729,,,Y,Y,Y,,,,,,,,,35.9045539263322,Telstra,223,Bulman School,34.87070624460346,Combined,Government,Very Remote,School Single Entity,0,-13.66483,134.33036,50083,47925.0,7925.0,50083,Bulman School,34.87070624460346,Combined,Government,Very Remote,School Single Entity,0,-13.66483,134.33036,50083,47925.0,7925.0,50083,-1.0338476817287372,-1.0338476817287372,Yes,Yes,No,No,,70500303,Elsey Roper - Surrounds,705003,Elsey - Roper,705,Katherine,7,Northern Territory,92882.2781,Within polygon,Matched,41,29,68,3,8,15,16,17,3,28,417,1125,1.3,2.6,16.0,0,5,8,52,24,10,31,24,20.0,56.6,45.3,11,ABS 2021 Census Indigenous Profile,Indigenous Location (ILOC),2021
15203,MOOLOOLOO,No aliases recorded with NTG DIPL,Family Outstation,VICTORIA DALY,WALANGERI,NORTHERN LAND COUNCIL,GWOJA,BIG RIVERS,,Not recorded,-16.33559,131.51505,https://bushtel.nt.gov.au/profile/15203,Not listed,Not confirmed,,,,,,,,,,,,,37.8985170656781,4G/LTE + IoT,"IoT700, LTE700",2025,Telstra,852100,-16.54332,131.796776,,Y,Y,,,,,,,,,,,Y,Northern Territory Co-investment Northern Territory ISCA,,37.88757403227578,3G/UMTS,UMTS900,2025,Optus,852100,-16.543287,131.796673,,Y,,,,,,,,,,,,,,,,,415.7482248199424,4G/LTE,"LTE850, LTE1800, LTE2100",2025,TPG,836004,-12.613261,131.151729,,,Y,Y,Y,,,,,,,,,37.88757403227578,Optus,203,Nitjpurru School,61.81921168563937,Combined,Government,Very Remote,School Single Entity,0,-16.81439,131.22025,50115,47961.0,7961.0,50115,Nitjpurru School,61.81921168563937,Combined,Government,Very Remote,School Single Entity,0,-16.81439,131.22025,50115,47961.0,7961.0,50115,23.931637653363588,23.931637653363588,No,No,Yes,No,,70500902,Walangeri Outstations,705009,Walangeri,705,Katherine,7,Northern Territory,27280.9229,Within polygon,Matched,21,8,32,4,9,8,13,0,0,20,287,1499,1.8,4.4,40.0,0,9,0,21,9,0,8,14,9.1,45.8,41.7,13,ABS 2021 Census Indigenous Profile,Indigenous Location (ILOC),2021
990,MOOLOOWA,"CAPE VANDERLIN,MULUWA",Family Outstation,ROPER GULF,SOUTH WEST GULF,NORTHERN LAND COUNCIL,BARKLY,BIG RIVERS,5.0,Homelands Service Provider Report 2023,-15.62411,137.00053,https://bushtel.nt.gov.au/profile/990,Not listed,Not confirmed,,,,,,,,,,,,,88.31191168656109,4G/LTE + IoT,"IoT700, LTE700, LTE1800, LTE2100, LTE2600",2025,Telstra,854001,-16.05361,136.30611,,Y,Y,,Y,Y,Y,,,,,,,,,,179.96953487435962,3G/UMTS,UMTS900,2025,Optus,852089,-16.6834,135.7265,,Y,,,,,,,,,,,,,,Y,Federal Mobile Black Spot Program (MBSP),2.0,626.2474458419085,4G/LTE,LTE850,2025,TPG,4825002,-20.73424,139.49366,,,Y,,,,,,,,,,,88.31191168656109,Telstra,29,Borroloola School,88.55416941714427,Combined,Government,Very Remote,School Single Entity,0,-16.0582,136.30649,50056,47921.0,7921.0,50056,Borroloola School,88.55416941714427,Combined,Government,Very Remote,School Single Entity,0,-16.0582,136.30649,50056,47921.0,7921.0,50056,0.2422577305831765,0.2422577305831765,No,No,Yes,Yes,Review,70500401,Mabunji - Mungoorbada Outstations,705004,Gulf,705,Katherine,7,Northern Territory,55041.1368,Within polygon,Matched,62,43,104,7,17,23,30,21,8,30,407,916,1.9,3.6,48.1,4,12,3,79,23,9,28,52,22.2,34.6,26.9,24,ABS 2021 Census Indigenous Profile,Indigenous Location (ILOC),2021
501,MOORONGA,"GARANDJIRRNGURA,GARMALATJIRRINA,MOOROONGGA ISLAND,MOORUNGA ISLAND",Family Outstation,EAST ARNHEM,GUMURR GATTJIRRK,NORTHERN LAND COUNCIL,MULKA,EAST ARNHEM,13.0,Homelands Service Provider Report 2023,-11.92119,135.0749,https://bushtel.nt.gov.au/profile/501,Not listed,Not confirmed,,,,,,,,,,,,,28.687729746392662,4G/LTE + IoT,"IoT700, LTE700",2025,Telstra,822010,-12.12233,134.90971,,Y,Y,,,,,,,,,,,,,,187.3276898273701,4G/LTE + IoT,"NBIoT700, LTE700, LTE2600",2025,Optus,880003,-12.181375,136.776877,Y,,,Y,,,,,Y,,,,,,,,,,432.1615052346328,4G/LTE,"LTE850, LTE1800, LTE2100",2025,TPG,836002,-12.55419,131.15106,,,Y,Y,Y,,,,,,,,,28.687729746392662,Telstra,293,Milingimbi School,26.232050016517807,Combined,Government,Very Remote,School Single Entity,0,-12.1021,134.9201,50062,46732.0,6732.0,50062,Milingimbi School,26.232050016517807,Combined,Government,Very Remote,School Single Entity,0,-12.1021,134.9201,50062,46732.0,6732.0,50062,-2.455679729874856,-2.455679729874856,Yes,Yes,No,No,,70600705,Ramingining - Milingimbi Outstations,706007,Ramingining - Milingimbi and Outstations,706,Nhulunbuy,7,Northern Territory,11429.1805,Within polygon,Matched,85,80,169,3,31,36,53,40,11,30,247,1187,1.7,5.6,61.5,7,21,8,134,25,26,47,80,46.8,34.6,18.4,34,ABS 2021 Census Indigenous Profile,Indigenous Location (ILOC),2021
105,MORRIS GAP,No aliases recorded with NTG DIPL,Family Outstation,MACDONNELL,IYARRKA,CENTRAL LAND COUNCIL,GWOJA,CENTRAL AUSTRALIA,,Not recorded,-24.1307,131.4532,https://bushtel.nt.gov.au/profile/105,Not listed,Not confirmed,,,,,,,,,,,,,14.704864285547233,4G/LTE + IoT,"IoT700, LTE700",2025,Telstra,872045,-24.25223,131.510363,,Y,Y,,,,,,,,,,,,,,14.629636980089751,3G/UMTS + 4G/LTE,"UMTS900, LTE700",2025,Optus,872146,-24.251,131.5116,,Y,,Y,,,,,,,,,,,,Y,Federal Mobile Black Spot Program (MBSP),2.0,908.3586446382104,4G/LTE,LTE850,2025,TPG,4825002,-20.73424,139.49366,,,Y,,,,,,,,,,,14.629636980089751,Optus,430,Watarrka School,24.1733847261347,Combined,Government,Very Remote,School Single Entity,0,-24.30093,131.60146,50097,56561.0,16561.0,50097,Watarrka School,24.1733847261347,Combined,Government,Very Remote,School Single Entity,0,-24.30093,131.60146,50097,56561.0,16561.0,50097,9.543747746044948,9.543747746044948,No,No,No,No,,70901403,Tjuwanpa Outstations,709014,West MacDonnell Ranges,709,Apatula,7,Northern Territory,15970.5215,Within polygon,Matched,90,98,188,21,38,31,60,36,8,27,352,1166,1.5,4.3,51.2,0,21,12,134,28,19,47,85,43.5,34.6,19.5,59,ABS 2021 Census Indigenous Profile,Indigenous Location (ILOC),2021
106,MOTNAS,MOTNA'S CAMP,Family Outstation,MACDONNELL,LJIRAPINTA,CENTRAL LAND COUNCIL,GWOJA,CENTRAL AUSTRALIA,3.0,Homelands Service Provider Report 2023,-23.94974,132.76946,https://bushtel.nt.gov.au/profile/106,Yes,Confirmed,Primary name,MOTNAS,0.0,MOTNAS,COMMUNITY,5.0,,,YES,TELSTRA,-23.94974,132.76946,1.128699926323378,4G/LTE + IoT,"IoT700, LTE700, LTE2600",2025,Telstra,872034,-23.94213,132.77681,,Y,Y,,,,Y,,,,,,,,,,12.216057017584571,3G/UMTS + 4G/LTE,"UMTS900, LTE700",2025,Optus,872189,-24.056241,132.739943,,Y,,Y,,,,,,,,,,,,Y,Federal Mobile Black Spot Program (MBSP),4.0,778.3571743934158,4G/LTE,LTE850,2025,TPG,4825002,-20.73424,139.49366,,,Y,,,,,,,,,,,1.128699926323378,Telstra,620,Ntaria School,1.0370351783752865,Combined,Government,Very Remote,School Single Entity,0,-23.94262,132.776051,50111,56572.0,16572.0,50111,Ntaria School,1.0370351783752865,Combined,Government,Very Remote,School Single Entity,0,-23.94262,132.776051,50111,56572.0,16572.0,50111,-0.0916647479480914,-0.0916647479480914,Yes,Yes,No,No,,70901403,Tjuwanpa Outstations,709014,West MacDonnell Ranges,709,Apatula,7,Northern Territory,15970.5215,Within polygon,Matched,90,98,188,21,38,31,60,36,8,27,352,1166,1.5,4.3,51.2,0,21,12,134,28,19,47,85,43.5,34.6,19.5,59,ABS 2021 Census Indigenous Profile,Indigenous Location (ILOC),2021
109,MOUNT BARKLY,"BAU,PAMU,PAWA,PAWU LAND TRUST",Family Outstation,CENTRAL DESERT,SOUTHERN TANAMI,CENTRAL LAND COUNCIL,GWOJA,CENTRAL AUSTRALIA,,Not recorded,-21.61391,132.44114,https://bushtel.nt.gov.au/profile/109,Not listed,Not confirmed,,,,,,,,,,,,,44.74673940533725,4G/LTE + IoT,"IoT700, LTE700",2025,Telstra,872176,-21.24644,132.61735,,Y,Y,,,,,,,,,,,Y,Northern Territory Co-investment Northern Territory ISCA,,116.03840861753277,3G/UMTS + 4G/LTE,"UMTS900, LTE700",2025,Optus,872135,-22.13295,133.4167,,Y,,Y,,,,,,,,,,,,,,,737.7045740662271,4G/LTE,LTE850,2025,TPG,4825002,-20.73424,139.49366,,,Y,,,,,,,,,,,44.74673940533725,Telstra,163,Willowra School,44.89114821275041,Combined,Government,Very Remote,School Single Entity,0,-21.244506,132.616106,50131,47899.0,7899.0,50131,Willowra School,44.89114821275041,Combined,Government,Very Remote,School Single Entity,0,-21.244506,132.616106,50131,47899.0,7899.0,50131,0.1444088074131571,0.1444088074131571,No,No,No,No,,70900301,Anmatjere - Surrounds,709003,Anmatjere,709,Apatula,7,Northern Territory,49609.3293,Within polygon,Matched,59,43,104,14,10,13,33,25,7,31,226,675,1.5,4.1,40.9,4,12,6,78,0,10,15,58,80.0,19.5,3.9,24,ABS 2021 Census Indigenous Profile,Indigenous Location (ILOC),2021
629,MOUNT CATT,BAMIRRAKURLU,Family Outstation,ROPER GULF,NYIRRANGGULUNG,NORTHERN LAND COUNCIL,ARNHEM,BIG RIVERS,12.0,Homelands Service Provider Report 2023,-13.80018,134.43241,https://bushtel.nt.gov.au/profile/629,Not listed,Not confirmed,,,,,,,,,,,,,17.336369222409477,4G/LTE + IoT,"IoT700, LTE700",2025,Telstra,852092,-13.67225,134.34067,,Y,Y,,,,,,,,,,,,,,183.04588231052085,3G/UMTS + 4G/LTE,"UMTS900, LTE700",2025,Optus,852113,-14.9541,133.2204,,Y,,Y,,,,,,,,,,,,Y,Federal Mobile Black Spot Program (MBSP),5.0,378.86845191016886,4G/LTE,"LTE850, LTE1800, LTE2100",2025,TPG,836004,-12.613261,131.151729,,,Y,Y,Y,,,,,,,,,17.336369222409477,Telstra,394,Bulman School,18.65525428415065,Combined,Government,Very Remote,School Single Entity,0,-13.66483,134.33036,50083,47925.0,7925.0,50083,Bulman School,18.65525428415065,Combined,Government,Very Remote,School Single Entity,0,-13.66483,134.33036,50083,47925.0,7925.0,50083,1.3188850617411774,1.3188850617411774,No,No,No,No,,70500303,Elsey Roper - Surrounds,705003,Elsey - Roper,705,Katherine,7,Northern Territory,92882.2781,Within polygon,Matched,41,29,68,3,8,15,16,17,3,28,417,1125,1.3,2.6,16.0,0,5,8,52,24,10,31,24,20.0,56.6,45.3,11,ABS 2021 Census Indigenous Profile,Indigenous Location (ILOC),2021
957,MOUNT JEAN,No aliases recorded with NTG DIPL,Family Outstation,ROPER GULF,NYIRRANGGULUNG,NORTHERN LAND COUNCIL,ARNHEM,BIG RIVERS,,Not recorded,-13.53259,134.17191,https://bushtel.nt.gov.au/profile/957,Not listed,Not confirmed,,,,,,,,,,,,,23.95462561905008,4G/LTE + IoT,"IoT700, LTE700",2025,Telstra,852092,-13.67225,134.34067,,Y,Y,,,,,,,,,,,,,,173.75406130196853,4G/LTE + IoT,"NBIoT700, LTE700, LTE2600",2025,Optus,886001,-12.669492,132.834471,Y,,,Y,,,,,Y,,,,,,,,,,342.7201835898141,4G/LTE,"LTE850, LTE1800, LTE2100",2025,TPG,836004,-12.613261,131.151729,,,Y,Y,Y,,,,,,,,,23.95462561905008,Telstra,336,Bulman School,22.57174861204008,Combined,Government,Very Remote,School Single Entity,0,-13.66483,134.33036,50083,47925.0,7925.0,50083,Bulman School,22.57174861204008,Combined,Government,Very Remote,School Single Entity,0,-13.66483,134.33036,50083,47925.0,7925.0,50083,-1.382877007009995,-1.382877007009995,Yes,Yes,No,No,,70500303,Elsey Roper - Surrounds,705003,Elsey - Roper,705,Katherine,7,Northern Territory,92882.2781,Within polygon,Matched,41,29,68,3,8,15,16,17,3,28,417,1125,1.3,2.6,16.0,0,5,8,52,24,10,31,24,20.0,56.6,45.3,11,ABS 2021 Census Indigenous Profile,Indigenous Location (ILOC),2021
790,MOUNT PEACHY,"NO. 1 BORE,SYD KENNY'S CAMP",Family Outstation,MACDONNELL,RODINGA,CENTRAL LAND COUNCIL,NAMATJIRA,CENTRAL AUSTRALIA,4.0,Homelands Service Provider Report 2023,-24.39416,133.87181,https://bushtel.nt.gov.au/profile/790,Not listed,Not confirmed,,,,,,,,,,,,,37.697234945366624,4G/LTE + IoT,"IoT700, LTE700",2025,Telstra,872032,-24.6772,134.07694,,Y,Y,,,,,,,,,,,,,,25.451293030411627,3G/UMTS + 4G/LTE,"UMTS900, LTE700",2025,Optus,872192,-24.321417,133.633583,,Y,,Y,,,,,,,,,,,,Y,Federal Mobile Black Spot Program (MBSP),4.0,706.1506216852077,4G/LTE,LTE850,2025,TPG,4825002,-20.73424,139.49366,,,Y,,,,,,,,,,,25.451293030411627,Optus,322,Titjikala School,37.05344566580547,Combined,Government,Remote,School Single Entity,0,-24.67244,134.07331,50123,56575.0,16575.0,50123,Titjikala School,37.05344566580547,Combined,Government,Remote,School Single Entity,0,-24.67244,134.07331,50123,56575.0,16575.0,50123,11.602152635393844,11.602152635393844,No,No,No,No,,70900103,South MacDonnell Ranges,709001,Amoonguna - Santa Teresa - Titjikala,709,Apatula,7,Northern Territory,31517.5382,Within polygon,Matched,651,171,821,14,29,137,420,188,34,35,360,645,1.0,2.5,10.9,6,16,14,773,55,7,64,688,12.3,8.4,7.4,43,ABS 2021 Census Indigenous Profile,Indigenous Location (ILOC),2021
875,MOUNT TWELLAR,No aliases recorded with NTG DIPL,Family Outstation,MACDONNELL,RODINGA,CENTRAL LAND COUNCIL,NAMATJIRA,CENTRAL AUSTRALIA,17.0,Homelands Service Provider Report 2023,-23.54198,133.62279,https://bushtel.nt.gov.au/profile/875,Yes,Confirmed,Primary name,MOUNT TWELLAR,0.0,MOUNT TWELLAR,COMMUNITY,17.0,,,YES,TELSTRA,-23.54198,133.62279,6.2512918192927165,4G/LTE + IoT,"IoT700, LTE700",2025,Telstra,870010,-23.52395,133.68087,,Y,Y,,,,,,,,,,,,,,28.109937963077943,4G/LTE + 5G/NR + IoT,"NBIoT700, LTE700, LTE900, LTE1800, LTE2100, LTE2600, NR700, NR900, NR2100",2025,Optus,870064,-23.69695,133.84078,Y,,,Y,Y,Y,Y,,Y,Y,Y,Y,,,,,,,680.4135037695099,4G/LTE,LTE850,2025,TPG,4825002,-20.73424,139.49366,,,Y,,,,,,,,,,,6.2512918192927165,Telstra,558,Living Waters Lutheran School,27.42279012487174,Primary,Independent,Remote,School Single Entity,0,-23.69766,133.83155,50151,46877.0,6877.0,50151,Yipirinya School,29.5699790216788,Combined,Independent,Remote,School Single Entity,0,-23.69766,133.8581,50161,44218.0,4218.0,50161,23.31868720238608,21.17149830557902,No,No,No,No,,70901402,Ingkerreke Outstations,709014,West MacDonnell Ranges,709,Apatula,7,Northern Territory,9777.1413,Within polygon,Matched,106,82,189,20,24,23,62,45,11,32,341,762,1.2,2.9,16.1,6,15,3,141,14,4,14,92,23.5,12.3,9.4,44,ABS 2021 Census Indigenous Profile,Indigenous Location (ILOC),2021
855,MT EAGLEBEAK,No aliases recorded with NTG DIPL,Family Outstation,CENTRAL DESERT,AKITYARRE,CENTRAL LAND COUNCIL,NAMATJIRA,CENTRAL AUSTRALIA,24.0,Homelands Service Provider Report 2023,-22.9564,135.19891,https://bushtel.nt.gov.au/profile/855,Not listed,Not confirmed,,,,,,,,,,,,,26.819549646200965,4G/LTE + IoT,"IoT700, LTE700",2025,Telstra,872152,-22.97496,134.93773,,Y,Y,,,,,,,,,,,Y,REGIONAL CO-INVESTMENT: NT ISCA,1.0,76.30634306197699,3G/UMTS + 4G/LTE,"UMTS900, LTE700",2025,Optus,872188,-23.45604,134.68709,,Y,,Y,,,,,,,,,,,,Y,Federal Mobile Black Spot Program (MBSP),4.0,507.43240255004304,4G/LTE,LTE850,2025,TPG,4825002,-20.73424,139.49366,,,Y,,,,,,,,,,,26.819549646200965,Telstra,309,Harts Range School,27.40080214379814,Combined,Government,Very Remote,School Single Entity,0,-22.9844,134.933,50093,56551.0,16551.0,50093,Harts Range School,27.40080214379814,Combined,Government,Very Remote,School Single Entity,0,-22.9844,134.933,50093,56551.0,16551.0,50093,0.5812524975971733,0.5812524975971733,No,No,No,No,,70900502,Atitjere - Akarnenehe Outstations,709005,Atitjere - Akarnenehe - Engawala,709,Apatula,7,Northern Territory,67455.8399,Within polygon,Matched,68,60,126,10,26,26,32,21,4,24,277,762,1.3,3.8,29.6,0,23,5,89,14,10,22,63,37.5,26.4,16.5,36,ABS 2021 Census Indigenous Profile,Indigenous Location (ILOC),2021
702,MT MAIYO,MULLUYA,Family Outstation,VICTORIA DALY,DAGURAGU,CENTRAL LAND COUNCIL,GWOJA,BIG RIVERS,,Not recorded,-17.69491,129.39755,https://bushtel.nt.gov.au/profile/702,Not listed,Not confirmed,,,,,,,,,,,,,82.36386282740037,4G/LTE + IoT,"IoT700, LTE700",2025,Telstra,852108,-17.053,129.01027,,Y,Y,,,,,,,,,,,Y,REGIONAL CO-INVESTMENT: Small Cell Satellite,,116.9956041326436,3G/UMTS + 4G/LTE,"UMTS900, LTE700",2025,Optus,6770028,-17.53006,128.30727,,Y,,Y,,,,,,,,,,,,Y,Federal Mobile Black Spot Program (MBSP),2.0,595.5709119564185,4G/LTE,"LTE850, LTE1800, LTE2100",2025,TPG,836004,-12.613261,131.151729,,,Y,Y,Y,,,,,,,,,82.36386282740037,Telstra,32,Amanbidji School,142.86206395166656,Combined,Government,Very Remote,School Single Entity,0,-16.427522,129.617986,50138,47922.0,7922.0,50138,Amanbidji School,142.86206395166656,Combined,Government,Very Remote,School Single Entity,0,-16.427522,129.617986,50138,47922.0,7922.0,50138,60.49820112426619,60.49820112426619,No,No,Yes,Yes,Review,70500803,Daguragu Outstations,705008,Victoria River,705,Katherine,7,Northern Territory,41402.8914,Within polygon,Matched,18,7,23,0,0,4,4,5,0,22,267,2250,1.3,7.5,50.0,0,0,0,14,6,4,7,8,28.6,50.0,35.7,0,ABS 2021 Census Indigenous Profile,Indigenous Location (ILOC),2021
964,MU-GURTA,No aliases recorded with NTG DIPL,Family Outstation,WEST ARNHEM,MANINGRIDA,NORTHERN LAND COUNCIL,ARAFURA,TOP END,12.0,Homelands Service Provider Report 2023,-12.25897,134.50814,https://bushtel.nt.gov.au/profile/964,Not listed,Not confirmed,,,,,,,,,,,,,37.69515515268481,4G/LTE + 5G/NR + IoT,"IoT700, LTE700, LTE850, LTE1800, LTE2100, LTE2600, NR850, NR2600",2025,Telstra,822008,-12.05532,134.23091,,Y,Y,Y,Y,Y,Y,,Y,,Y,,,Y,REGIONAL CO-INVESTMENT: RCP - TX Upgrade,1.0,169.36604271275752,3G/UMTS + 4G/LTE,"UMTS900, LTE700",2025,Optus,822106,-12.42654,132.95842,,Y,,Y,,,,,,,,,,,,Y,Federal Mobile Black Spot Program (MBSP),5.0,366.0456151953105,4G/LTE,"LTE850, LTE1800, LTE2100",2025,TPG,836002,-12.55419,131.15106,,,Y,Y,Y,,,,,,,,,37.69515515268481,Telstra,205,Maningrida College,38.68211928067305,Combined,Government,Very Remote,School Single Entity,0,-12.05041,134.22333,50061,47956.0,7956.0,50061,Maningrida College,38.68211928067305,Combined,Government,Very Remote,School Single Entity,0,-12.05041,134.22333,50061,47956.0,7956.0,50061,0.9869641279882372,0.9869641279882372,No,No,No,No,,70400302,Maningrida Outstations,704003,Maningrida and Outstations,704,Jabiru - Tiwi,7,Northern Territory,9758.0375,Within polygon,Matched,170,195,366,23,65,77,131,58,11,26,207,900,2.1,5.9,72.3,4,34,42,283,10,22,35,226,60.6,11.8,4.6,88,ABS 2021 Census Indigenous Profile,Indigenous Location (ILOC),2021
1001,MUCKATY,MARNYWUNGU,Family Outstation,BARKLY,KUWARRANGU,NORTHERN LAND COUNCIL,BARKLY,BARKLY,,Not recorded,-18.63932,133.8959,https://bushtel.nt.gov.au/profile/1001,Not listed,Not confirmed,,,,,,,,,,,,,115.85522120345162,4G/LTE + 5G/NR + IoT,"IoT700, LTE700, LTE850, LTE2600, NR850, NR2600",2025,Telstra,860002,-19.63417,134.22361,,Y,Y,Y,,,Y,,Y,,Y,,,,,,37.20995490169455,3G/UMTS,UMTS900,2025,Optus,862040,-18.318584,133.795264,,Y,,,,,,,,,,,,,,,,,630.5919307538807,4G/LTE,LTE850,2025,TPG,4825002,-20.73424,139.49366,,,Y,,,,,,,,,,,37.20995490169455,Optus,208,Tennant Creek Primary School,116.54136553409782,Primary,Government,Very Remote,School Single Entity,0,-19.6501,134.18925,50046,56574.0,16574.0,50046,Tennant Creek High School,116.12016251999906,Secondary,Government,Very Remote,School Single Entity,0,-19.644142,134.196942,50007,47918.0,7918.0,50007,78.9102076183045,79.33141063240328,No,No,Yes,No,,70700302,Elliott Surrounds - Outstations,707003,Barkly,707,Tennant Creek,7,Northern Territory,115005.6995,Within polygon,Matched,47,43,91,10,21,14,30,17,0,25,350,1542,1.1,3.6,16.0,0,17,9,61,21,0,27,38,8.0,40.3,37.1,31,ABS 2021 Census Indigenous Profile,Indigenous Location (ILOC),2021
380,MUDGINBERRI,No aliases recorded with NTG DIPL,Family Outstation,WEST ARNHEM,KAKADU,NORTHERN LAND COUNCIL,ARAFURA,TOP END,40.0,Homelands Service Provider Report 2023,-12.59772,132.87334,https://bushtel.nt.gov.au/profile/380,Yes,Confirmed,Primary name,MUDGINBERRI,0.0482772162137652,MUDGINBERRI,COMMUNITY,50.0,,,YES,OPTUS/TELSTRA,-12.598,132.873,9.022973260105982,4G/LTE + 5G/NR + IoT,"IoT700, LTE700, LTE850, LTE2600, NR850, NR2600",2025,Telstra,886001,-12.66944,132.83444,,Y,Y,Y,,,Y,,Y,,Y,,,,,,9.02651194645762,4G/LTE + IoT,"NBIoT700, LTE700, LTE2600",2025,Optus,886001,-12.669492,132.834471,Y,,,Y,,,,,Y,,,,,,,,,,186.8279606293713,4G/LTE,"LTE850, LTE1800, LTE2100",2025,TPG,836004,-12.613261,131.151729,,,Y,Y,Y,,,,,,,,,9.022973260105982,Telstra,515,Jabiru Area School,9.608369744249927,Combined,Government,Remote,School Single Entity,0,-12.67577,132.83534,50053,47971.0,7971.0,50053,Jabiru Area School,9.608369744249927,Combined,Government,Remote,School Single Entity,0,-12.67577,132.83534,50053,47971.0,7971.0,50053,0.5853964841439456,0.5853964841439456,No,No,No,No,,70400203,Mudginberri,704002,Kakadu - Marrakai - Jabiru,704,Jabiru - Tiwi,7,Northern Territory,2.7874,Within polygon,Matched,12,10,21,0,0,0,6,10,0,33,254,1024,1.8,4.4,40.0,0,0,0,18,4,5,9,3,45.5,64.7,35.3,0,ABS 2021 Census Indigenous Profile,Indigenous Location (ILOC),2021
808,MUDHAMUL,"MARTHAKAL,MUTHAMAL",Family Outstation,EAST ARNHEM,GUMURR MARTHAKAL,NORTHERN LAND COUNCIL,MULKA,EAST ARNHEM,,Not recorded,-12.16089,136.17208,https://bushtel.nt.gov.au/profile/808,Not listed,Not confirmed,,,,,,,,,,,,,55.24522604958126,4G/LTE + IoT,"IoT700, LTE700, LTE2600",2025,Telstra,880002,-12.50333,135.80361,,Y,Y,,,,Y,,,,,,,,,,65.77824892844936,4G/LTE + IoT,"NBIoT700, LTE700, LTE2600",2025,Optus,880003,-12.181375,136.776877,Y,,,Y,,,,,Y,,,,,,,,,,547.1186948501268,4G/LTE,"LTE850, LTE1800, LTE2100",2025,TPG,836002,-12.55419,131.15106,,,Y,Y,Y,,,,,,,,,55.24522604958126,Telstra,103,Gawa Christian School,53.29312208024946,Combined,Independent,Very Remote,School Single Entity,0,-11.759762,135.903958,50163,58020.0,18020.0,50163,Gawa Christian School,53.29312208024946,Combined,Independent,Very Remote,School Single Entity,0,-11.759762,135.903958,50163,58020.0,18020.0,50163,-1.9521039693318016,-1.9521039693318016,Yes,Yes,Yes,Yes,Review,70600402,Marthakal Homelands exc. Galiwinku,706004,Marthakal Homelands - Galiwinku,706,Nhulunbuy,7,Northern Territory,5177.5161,Within polygon,Matched,204,224,425,32,93,102,113,79,18,23,281,1312,1.8,5.7,64.7,8,68,36,308,27,25,58,245,43.6,18.0,10.2,125,ABS 2021 Census Indigenous Profile,Indigenous Location (ILOC),2021
118,MULGA BORE,"AKAYA,AKAYE,ATARTINGA,ATHATHENG",Family Outstation,CENTRAL DESERT,ANMATJERE,CENTRAL LAND COUNCIL,BARKLY,CENTRAL AUSTRALIA,46.0,Homelands Service Provider Report 2023,-22.45139,134.20944,https://bushtel.nt.gov.au/profile/118,Not listed,Not confirmed,,,,,,,,,,,,,46.35212278445656,4G/LTE + IoT,"IoT700, LTE700",2025,Telstra,872178,-22.80144,134.45466,,Y,Y,,,,,,,,,,,Y,REGIONAL CO-INVESTMENT: Small Cell Satellite,,57.57903583832405,3G/UMTS,UMTS900,2025,Optus,872147,-22.96838,134.24121,,Y,,,,,,,,,,,,,,Y,Federal Mobile Black Spot Program (MBSP),2.0,578.6953935840662,4G/LTE,LTE850,2025,TPG,4825002,-20.73424,139.49366,,,Y,,,,,,,,,,,46.35212278445656,Telstra,153,Mulga Bore School,0.1972566813830394,Combined,Government,Very Remote,School Single Entity,0,-22.452287,134.211096,50475,69816.0,29816.0,50475,Mulga Bore School,0.1972566813830394,Combined,Government,Very Remote,School Single Entity,0,-22.452287,134.211096,50475,69816.0,29816.0,50475,-46.15486610307352,-46.15486610307352,Yes,Yes,No,No,,70900301,Anmatjere - Surrounds,709003,Anmatjere,709,Apatula,7,Northern Territory,49609.3293,Within polygon,Matched,59,43,104,14,10,13,33,25,7,31,226,675,1.5,4.1,40.9,4,12,6,78,0,10,15,58,80.0,19.5,3.9,24,ABS 2021 Census Indigenous Profile,Indigenous Location (ILOC),2021
538,MULGURRAM,"MANGU,MULGURRUM",Family Outstation,EAST ARNHEM,BIRR RAWARRANG,NORTHERN LAND COUNCIL,MULKA,EAST ARNHEM,,Not recorded,-12.40196,134.96085,https://bushtel.nt.gov.au/profile/538,Not listed,Not confirmed,,,,,,,,,,,,,9.002279937406714,4G/LTE + 5G/NR + IoT,"IoT700, LTE700, LTE850, LTE2600, NR850, NR2600",2025,Telstra,822003,-12.32833,134.92639,,Y,Y,Y,,,Y,,Y,,Y,,,Y,REGIONAL CO-INVESTMENT: RCP - TX Upgrade,1.0,198.82250736547496,4G/LTE + IoT,"NBIoT700, LTE700, LTE2600",2025,Optus,880003,-12.181375,136.776877,Y,,,Y,,,,,Y,,,,,,,,,,413.965767709448,4G/LTE,"LTE850, LTE1800, LTE2100",2025,TPG,836002,-12.55419,131.15106,,,Y,Y,Y,,,,,,,,,9.002279937406714,Telstra,516,Ramingining School,9.205742769743685,Combined,Government,Very Remote,School Single Entity,0,-12.32641,134.92619,50065,47963.0,7963.0,50065,Ramingining School,9.205742769743685,Combined,Government,Very Remote,School Single Entity,0,-12.32641,134.92619,50065,47963.0,7963.0,50065,0.2034628323369691,0.2034628323369691,No,No,No,No,,70600705,Ramingining - Milingimbi Outstations,706007,Ramingining - Milingimbi and Outstations,706,Nhulunbuy,7,Northern Territory,11429.1805,Within polygon,Matched,85,80,169,3,31,36,53,40,11,30,247,1187,1.7,5.6,61.5,7,21,8,134,25,26,47,80,46.8,34.6,18.4,34,ABS 2021 Census Indigenous Profile,Indigenous Location (ILOC),2021
884,MULINGI,"MT GREENWOOD,MULINGNE",Family Outstation,WEST DALY,THAMARRURR/PINDI PINDI,NORTHERN LAND COUNCIL,DALY,TOP END,8.0,Homelands Service Provider Report 2023,-13.92666,129.95077,https://bushtel.nt.gov.au/profile/884,Not listed,Not confirmed,,,,,,,,,,,,,29.19531917904886,4G/LTE + IoT,"IoT700, LTE700",2025,Telstra,822068,-14.15629,130.082,,Y,Y,,,,,,,,,,,,,,115.66748250427617,3G/UMTS + 4G/LTE,"UMTS900, LTE700",2025,Optus,822091,-13.164608,130.679087,,Y,,Y,,,,,,,,,,,,Y,Federal Mobile Black Spot Program (MBSP),2.0,189.02682725834592,4G/LTE + 5G/NR,"LTE850, LTE1800, LTE2100, NR700",2025,TPG,800002,-12.4651,130.8425,,,Y,Y,Y,Y,,,,,,,,29.19531917904886,Telstra,287,St Francis Xavier Catholic School - Wudikapildiyer Homeland Learning Centre Campus,9.31881513336443,Combined,Catholic,Very Remote,School Sub-Campus,0,-13.8593246864877,130.002167496203,53319,,13312.0,50145,St Francis Xavier Catholic School - Wudikapildiyer Homeland Learning Centre Campus,9.31881513336443,Combined,Catholic,Very Remote,School Sub-Campus,0,-13.8593246864877,130.002167496203,53319,,13312.0,50145,-19.876504045684428,-19.876504045684428,Yes,Yes,No,No,,70400101,Douglas-Daly,704001,Douglas-Daly,704,Jabiru - Tiwi,7,Northern Territory,34368.2996,Within polygon,Matched,87,77,169,14,32,24,65,18,15,30,340,919,1.6,3.3,25.0,0,24,3,119,32,4,34,78,9.4,27.1,24.6,46,ABS 2021 Census Indigenous Profile,Indigenous Location (ILOC),2021
382,MUMEKA,"MOMEKA,MORMEGA",Family Outstation,WEST ARNHEM,MANINGRIDA,NORTHERN LAND COUNCIL,ARAFURA,TOP END,,Not recorded,-12.36306,134.13579,https://bushtel.nt.gov.au/profile/382,Not listed,Not confirmed,,,,,,,,,,,,,35.746587848830764,4G/LTE + 5G/NR + IoT,"IoT700, LTE700, LTE850, LTE1800, LTE2100, LTE2600, NR850, NR2600",2025,Telstra,822008,-12.05532,134.23091,,Y,Y,Y,Y,Y,Y,,Y,,Y,,,Y,REGIONAL CO-INVESTMENT: RCP - TX Upgrade,1.0,128.06086184727403,3G/UMTS + 4G/LTE,"UMTS900, LTE700",2025,Optus,822106,-12.42654,132.95842,,Y,,Y,,,,,,,,,,,,Y,Federal Mobile Black Spot Program (MBSP),5.0,324.7662836234507,4G/LTE,"LTE850, LTE1800, LTE2100",2025,TPG,836002,-12.55419,131.15106,,,Y,Y,Y,,,,,,,,,35.746587848830764,Telstra,226,Nawarddeken Academy Manmoyi School,20.285168525230795,Combined,Independent,Very Remote,School Single Entity,0,-12.54418519,134.1134967,53058,87768.0,87763.0,53058,Nawarddeken Academy Manmoyi School,20.285168525230795,Combined,Independent,Very Remote,School Single Entity,0,-12.54418519,134.1134967,53058,87768.0,87763.0,53058,-15.46141932359997,-15.46141932359997,Yes,Yes,No,No,,70400302,Maningrida Outstations,704003,Maningrida and Outstations,704,Jabiru - Tiwi,7,Northern Territory,9758.0375,Within polygon,Matched,170,195,366,23,65,77,131,58,11,26,207,900,2.1,5.9,72.3,4,34,42,283,10,22,35,226,60.6,11.8,4.6,88,ABS 2021 Census Indigenous Profile,Indigenous Location (ILOC),2021
630,MUMPUMAMPU,"MAMBUMAMBU,MIALURRA,MUMBA MUMBA,MUMBO MUMBO,MUMBU MUMBU",Family Outstation,ROPER GULF,YUGUL MANGI,NORTHERN LAND COUNCIL,ARNHEM,BIG RIVERS,,Not recorded,-14.38418,135.32835,https://bushtel.nt.gov.au/profile/630,Not listed,Not confirmed,,,,,,,,,,,,,45.86033405791793,4G/LTE + IoT,"IoT700, LTE700, LTE2600",2025,Telstra,852003,-14.27917,135.74,,Y,Y,,,,Y,,,,,,,,,,235.44062594371576,3G/UMTS + 4G/LTE,"UMTS900, LTE700",2025,Optus,852113,-14.9541,133.2204,,Y,,Y,,,,,,,,,,,,Y,Federal Mobile Black Spot Program (MBSP),5.0,492.63192396406674,4G/LTE,"LTE850, LTE1800, LTE2100",2025,TPG,836004,-12.613261,131.151729,,,Y,Y,Y,,,,,,,,,45.86033405791793,Telstra,155,Numbulwar School,46.0144966056857,Combined,Government,Very Remote,School Single Entity,0,-14.27811,135.74119,50064,47931.0,7931.0,50064,Numbulwar School,46.0144966056857,Combined,Government,Very Remote,School Single Entity,0,-14.27811,135.74119,50064,47931.0,7931.0,50064,0.1541625477677684,0.1541625477677684,No,No,No,No,,70500405,Yugul Mangi Outstations,705004,Gulf,705,Katherine,7,Northern Territory,32782.3489,Within polygon,Matched,12,17,24,0,0,3,11,9,0,38,177,687,1.9,4.5,66.7,0,0,0,24,0,4,3,17,40.0,20.0,12.0,0,ABS 2021 Census Indigenous Profile,Indigenous Location (ILOC),2021
801,MUMUKALA,"MAMUKALA,MUMAKALA",Family Outstation,WEST ARNHEM,KAKADU,NORTHERN LAND COUNCIL,ARAFURA,TOP END,10.0,Homelands Service Provider Report 2023,-12.61137,132.66648,https://bushtel.nt.gov.au/profile/801,Yes,Confirmed,Primary name,MUMUKALA,0.0663748869140894,MUMUKALA,COMMUNITY,12.0,,,YES,TELSTRA,-12.611,132.666,19.33380251025683,4G/LTE + 5G/NR + IoT,"IoT700, LTE700, LTE850, LTE2600, NR850, NR2600",2025,Telstra,886001,-12.66944,132.83444,,Y,Y,Y,,,Y,,Y,,Y,,,,,,19.338902732120296,4G/LTE + IoT,"NBIoT700, LTE700, LTE2600",2025,Optus,886001,-12.669492,132.834471,Y,,,Y,,,,,Y,,,,,,,,,,164.36845513575406,4G/LTE,"LTE850, LTE1800, LTE2100",2025,TPG,836004,-12.613261,131.151729,,,Y,Y,Y,,,,,,,,,19.33380251025683,Telstra,375,Jabiru Area School,19.67082828314125,Combined,Government,Remote,School Single Entity,0,-12.67577,132.83534,50053,47971.0,7971.0,50053,Jabiru Area School,19.67082828314125,Combined,Government,Remote,School Single Entity,0,-12.67577,132.83534,50053,47971.0,7971.0,50053,0.3370257728844272,0.3370257728844272,No,No,No,No,,70400202,Kakadu - Marrakai - Surrounds,704002,Kakadu - Marrakai - Jabiru,704,Jabiru - Tiwi,7,Northern Territory,25261.6924,Within polygon,Matched,104,101,206,14,30,35,53,66,11,33,496,1649,1.3,3.2,17.8,3,24,10,165,82,13,94,62,14.0,56.4,48.5,44,ABS 2021 Census Indigenous Profile,Indigenous Location (ILOC),2021
248,MUNGALAWURRU,"MANGALAWARRA,MANGALAWU,MANGARLWURRA",Family Outstation,BARKLY,PATTA,CENTRAL LAND COUNCIL,BARKLY,BARKLY,15.0,Homelands Service Provider Report 2023,-19.38253,133.59552,https://bushtel.nt.gov.au/profile/248,Not listed,Not confirmed,,,,,,,,,,,,,68.5008126017574,4G/LTE + 5G/NR + IoT,"IoT700, LTE700, LTE850, LTE2600, NR850, NR2600",2025,Telstra,860009,-19.65103,134.18377,,Y,Y,Y,,,Y,,Y,,Y,,,,,,64.54304478779673,3G/UMTS,UMTS900,2025,Optus,852095,-19.4368,134.20825,,Y,,,,,,,,,,,,,,,,,634.082539507084,4G/LTE,LTE850,2025,TPG,4825002,-20.73424,139.49366,,,Y,,,,,,,,,,,64.54304478779673,Optus,69,Tennant Creek Primary School,68.9736726185616,Primary,Government,Very Remote,School Single Entity,0,-19.6501,134.18925,50046,56574.0,16574.0,50046,Tennant Creek High School,69.42270270164128,Secondary,Government,Very Remote,School Single Entity,0,-19.644142,134.196942,50007,47918.0,7918.0,50007,4.879657913844554,4.430627830764863,No,No,Yes,Yes,Review,70700302,Elliott Surrounds - Outstations,707003,Barkly,707,Tennant Creek,7,Northern Territory,115005.6995,Within polygon,Matched,47,43,91,10,21,14,30,17,0,25,350,1542,1.1,3.6,16.0,0,17,9,61,21,0,27,38,8.0,40.3,37.1,31,ABS 2021 Census Indigenous Profile,Indigenous Location (ILOC),2021
647,MUNGURRUPA,"MANGKURRUPA,MANGKURRURPA,MONGREL DOWNS,MUNGKURRUPA,TANAMI DOWNS",Family Outstation,CENTRAL DESERT,NORTHERN TANAMI,CENTRAL LAND COUNCIL,GWOJA,CENTRAL AUSTRALIA,,Not recorded,-20.58481,129.73313,https://bushtel.nt.gov.au/profile/647,Not listed,Not confirmed,,,,,,,,,,,,,21.97757117413289,4G/LTE + IoT,"IoT700, LTE700",2025,Telstra,872121,-20.53334,129.93694,,Y,Y,,,,,,,,,,,,,,244.86942836746547,3G/UMTS + 4G/LTE,"UMTS900, LTE700",2025,Optus,6770029,-19.55522,127.66057,,Y,,Y,,,,,,,,,,,,Y,Federal Mobile Black Spot Program (MBSP),2.0,899.1688213603542,4G/LTE,"LTE850, LTE1800, LTE2100",2025,TPG,836004,-12.613261,131.151729,,,Y,Y,Y,,,,,,,,,21.97757117413289,Telstra,353,Nyirripi School,244.7644490330452,Combined,Government,Very Remote,School Single Entity,0,-22.64994,130.55281,50112,56573.0,16573.0,50112,Nyirripi School,244.7644490330452,Combined,Government,Very Remote,School Single Entity,0,-22.64994,130.55281,50112,56573.0,16573.0,50112,222.7868778589123,222.7868778589123,No,No,Yes,No,,70901002,Tanami Outstations,709010,Nyirripi and Tanami Outstations,709,Apatula,7,Northern Territory,142011.3404,Within polygon,Matched,13,16,30,0,0,3,15,5,3,41,1312,2250,1.4,5.0,50.0,0,0,0,30,20,0,20,3,0.0,70.4,70.4,0,ABS 2021 Census Indigenous Profile,Indigenous Location (ILOC),2021
249,MUNYALINI,"CAMPBELL SPRINGS,MINYALLINI",Family Outstation,ROPER GULF,SOUTH WEST GULF,NORTHERN LAND COUNCIL,BARKLY,BIG RIVERS,44.0,Homelands Service Provider Report 2023,-16.09259,136.18938,https://bushtel.nt.gov.au/profile/249,Not listed,Not confirmed,,,,,,,,,,,,,13.204087361143374,4G/LTE + IoT,"IoT700, LTE700, LTE1800, LTE2100, LTE2600",2025,Telstra,854001,-16.05361,136.30611,,Y,Y,,Y,Y,Y,,,,,,,,,,82.18335353411099,3G/UMTS,UMTS900,2025,Optus,852089,-16.6834,135.7265,,Y,,,,,,,,,,,,,,Y,Federal Mobile Black Spot Program (MBSP),2.0,622.7557714983267,4G/LTE,LTE850,2025,TPG,4825002,-20.73424,139.49366,,,Y,,,,,,,,,,,13.204087361143374,Telstra,450,Borroloola School,13.084145306961592,Combined,Government,Very Remote,School Single Entity,0,-16.0582,136.30649,50056,47921.0,7921.0,50056,Borroloola School,13.084145306961592,Combined,Government,Very Remote,School Single Entity,0,-16.0582,136.30649,50056,47921.0,7921.0,50056,-0.1199420541817808,-0.1199420541817808,Yes,Yes,No,No,,70500401,Mabunji - Mungoorbada Outstations,705004,Gulf,705,Katherine,7,Northern Territory,55041.1368,Within polygon,Matched,62,43,104,7,17,23,30,21,8,30,407,916,1.9,3.6,48.1,4,12,3,79,23,9,28,52,22.2,34.6,26.9,24,ABS 2021 Census Indigenous Profile,Indigenous Location (ILOC),2021
977,MURGENELLA PLAINS,ARRDUKBUKBUN,Family Outstation,WEST ARNHEM,BARRAH,NORTHERN LAND COUNCIL,ARAFURA,TOP END,,Not recorded,-11.71041,132.91239,https://bushtel.nt.gov.au/profile/977,Not listed,Not confirmed,,,,,,,,,,,,,51.89855357544298,4G/LTE + IoT,"IoT700, LTE700, LTE2600",2025,Telstra,822006,-11.64806,133.38472,,Y,Y,,,,Y,,,,,,,,,,79.78727702650232,3G/UMTS + 4G/LTE,"UMTS900, LTE700",2025,Optus,822106,-12.42654,132.95842,,Y,,Y,,,,,,,,,,,,Y,Federal Mobile Black Spot Program (MBSP),5.0,213.2263811728716,4G/LTE,"LTE850, LTE1800, LTE2100",2025,TPG,836002,-12.55419,131.15106,,,Y,Y,Y,,,,,,,,,51.89855357544298,Telstra,119,Warruwi School,52.42072486662698,Combined,Government,Very Remote,School Single Entity,0,-11.64742,133.38947,50129,47966.0,7966.0,50129,Warruwi School,52.42072486662698,Combined,Government,Very Remote,School Single Entity,0,-11.64742,133.38947,50129,47966.0,7966.0,50129,0.5221712911840015,0.5221712911840015,No,No,Yes,Yes,Review,70400401,Cobourg Peninsula - Demed Homelands,704004,North-West Arnhem,704,Jabiru - Tiwi,7,Northern Territory,23675.7318,Within polygon,Matched,145,127,279,27,57,40,102,44,3,27,239,1218,2.4,5.6,70.3,4,34,22,190,45,3,48,138,8.3,24.7,22.7,84,ABS 2021 Census Indigenous Profile,Indigenous Location (ILOC),2021
858,MURRANJI,No aliases recorded with NTG DIPL,Family Outstation,BARKLY,KUWARRANGU,NORTHERN LAND COUNCIL,BARKLY,BARKLY,4.0,Homelands Service Provider Report 2023,-16.83598,132.8107,https://bushtel.nt.gov.au/profile/858,Not listed,Not confirmed,,,,,,,,,,,,,66.43172680854414,4G/LTE + IoT,"IoT700, LTE700",2025,Telstra,852104,-16.679733,133.412916,,Y,Y,,,,,,,,,,,,,,66.4062762908583,3G/UMTS + 4G/LTE,"UMTS900, LTE700",2025,Optus,852104,-16.679644,133.412643,,Y,,Y,,,,,,,,,,,,Y,Federal Mobile Black Spot Program (MBSP),4.0,502.2808580653045,4G/LTE,"LTE850, LTE1800, LTE2100",2025,TPG,836004,-12.613261,131.151729,,,Y,Y,Y,,,,,,,,,66.4062762908583,Optus,63,Newcastle Waters School,87.27586998193142,Combined,Government,Very Remote,School Single Entity,0,-17.37253,133.41007,50109,47916.0,7916.0,50109,Newcastle Waters School,87.27586998193142,Combined,Government,Very Remote,School Single Entity,0,-17.37253,133.41007,50109,47916.0,7916.0,50109,20.86959369107312,20.86959369107312,No,No,Yes,Yes,Review,70700302,Elliott Surrounds - Outstations,707003,Barkly,707,Tennant Creek,7,Northern Territory,115005.6995,Within polygon,Matched,47,43,91,10,21,14,30,17,0,25,350,1542,1.1,3.6,16.0,0,17,9,61,21,0,27,38,8.0,40.3,37.1,31,ABS 2021 Census Indigenous Profile,Indigenous Location (ILOC),2021
688,MURTULKI,MURTALKI,Family Outstation,BARKLY,PATTA,CENTRAL LAND COUNCIL,BARKLY,BARKLY,,Not recorded,-19.91784,134.38936,https://bushtel.nt.gov.au/profile/688,Not listed,Not confirmed,,,,,,,,,,,,,35.996414904576696,4G/LTE + 5G/NR + IoT,"IoT700, LTE700, LTE850, LTE2600, NR850, NR2600",2025,Telstra,860002,-19.63417,134.22361,,Y,Y,Y,,,Y,,Y,,Y,,,,,,37.20068214095051,4G/LTE + IoT,"NBIoT700, LTE700, LTE2600",2025,Optus,860007,-19.64497,134.183655,Y,,,Y,,,,,Y,,,,,,,,,,539.8901059893684,4G/LTE,LTE850,2025,TPG,4825002,-20.73424,139.49366,,,Y,,,,,,,,,,,35.996414904576696,Telstra,222,Tennant Creek Primary School,36.39681481881013,Primary,Government,Very Remote,School Single Entity,0,-19.6501,134.18925,50046,56574.0,16574.0,50046,Tennant Creek High School,36.49074244001048,Secondary,Government,Very Remote,School Single Entity,0,-19.644142,134.196942,50007,47918.0,7918.0,50007,0.4943275354337828,0.4003999142334322,No,No,No,No,,70700304,Julalikari - Outstations,707003,Barkly,707,Tennant Creek,7,Northern Territory,107784.4629,Within polygon,Matched,67,66,137,15,28,18,41,25,8,27,369,1020,1.4,4.2,31.0,4,26,10,90,13,20,34,41,60.0,39.8,15.9,43,ABS 2021 Census Indigenous Profile,Indigenous Location (ILOC),2021
689,MURUN MURULA,"MURAN MURULA,MURRA MURULA,MURRAMARULA,MURU MURULA,MURULMURULA",Family Outstation,BARKLY,KUWARRANGU,NORTHERN LAND COUNCIL,BARKLY,BARKLY,,Not recorded,-18.49908,137.51754,https://bushtel.nt.gov.au/profile/689,Not listed,Not confirmed,,,,,,,,,,,,,104.60479677047576,4G/LTE,LTE700,2025,Telstra,4830018,-18.702951,138.486535,,,Y,,,,,,,,,,,,,,108.91210878336771,3G/UMTS,UMTS900,2025,Optus,4825035,-18.69084,138.53096,,Y,,,,,,,,,,,,,,Y,Federal Mobile Black Spot Program (MBSP),2.0,323.4267206485986,4G/LTE,LTE850,2025,TPG,4825002,-20.73424,139.49366,,,Y,,,,,,,,,,,104.60479677047576,Telstra,16,Kiana School,198.6545764656203,Combined,Government,Very Remote,School Single Entity,0,-17.24244,136.18325,40341,56558.0,16558.0,40341,Kiana School,198.6545764656203,Combined,Government,Very Remote,School Single Entity,0,-17.24244,136.18325,40341,56558.0,16558.0,40341,94.04977969514454,94.04977969514454,No,No,Yes,Yes,Review,70700301,Barkly Tablelands - Outstations,707003,Barkly,707,Tennant Creek,7,Northern Territory,79907.8275,Within polygon,Matched,45,19,64,7,12,5,13,17,6,28,725,924,1.3,3.4,12.5,3,7,7,44,18,0,23,18,4.3,56.1,53.7,19,ABS 2021 Census Indigenous Profile,Indigenous Location (ILOC),2021
648,MURUNING,"DARBY'S,MURINGUNG,MURRUNING,TIMBER CREEK",Family Outstation,VICTORIA DALY,TIMBER CREEK,NORTHERN LAND COUNCIL,DALY,BIG RIVERS,50.0,Homelands Service Provider Report 2023,-15.67527,130.48457,https://bushtel.nt.gov.au/profile/648,Yes,Confirmed,Primary name,MURUNING,0.0549603603104548,MURUNING,COMMUNITY,21.0,,,YES,TELSTRA,-15.675,130.485,2.1856676860654685,4G/LTE + IoT,"IoT700, LTE700",2025,Telstra,852004,-15.65639,130.47889,,Y,Y,,,,,,,,,,,,,,69.2887712768095,3G/UMTS,UMTS900,2025,Optus,852099,-15.6176,131.1289,,Y,,,,,,,,,,,,,,Y,Federal Mobile Black Spot Program (MBSP),2.0,347.99446189468347,4G/LTE,"LTE850, LTE1800, LTE2100",2025,TPG,836004,-12.613261,131.151729,,,Y,Y,Y,,,,,,,,,2.1856676860654685,Telstra,609,Timber Creek School,3.668732407569746,Combined,Government,Very Remote,School Single Entity,0,-15.6481,130.46513,50121,47932.0,7932.0,50121,Timber Creek School,3.668732407569746,Combined,Government,Very Remote,School Single Entity,0,-15.6481,130.46513,50121,47932.0,7932.0,50121,1.4830647215042774,1.4830647215042774,No,No,No,No,,70500804,Timber Creek,705008,Victoria River,705,Katherine,7,Northern Territory,159.6701,Within polygon,Matched,90,68,155,15,23,29,50,34,10,29,456,1874,1.6,4.2,35.7,4,19,5,122,49,26,76,41,34.2,63.3,41.7,38,ABS 2021 Census Indigenous Profile,Indigenous Location (ILOC),2021
764,MUYIN,"MOYEN,MUYINNGA",Family Outstation,MACDONNELL,LURITJA PINTUBI,CENTRAL LAND COUNCIL,GWOJA,CENTRAL AUSTRALIA,,Not recorded,-23.15972,129.00489,https://bushtel.nt.gov.au/profile/764,Not listed,Not confirmed,,,,,,,,,,,,,41.03196336298194,4G/LTE + IoT,"IoT700, LTE700",2025,Telstra,872046,-23.27311,129.386987,,Y,Y,,,,,,,,,,,Y,REGIONAL CO-INVESTMENT: NT ISCA,1.0,282.5859894521976,3G/UMTS + 4G/LTE,"UMTS900, LTE700",2025,Optus,872146,-24.251,131.5116,,Y,,Y,,,,,,,,,,,,Y,Federal Mobile Black Spot Program (MBSP),2.0,1114.5692808961546,4G/LTE,LTE850,2025,TPG,4825002,-20.73424,139.49366,,,Y,,,,,,,,,,,41.03196336298194,Telstra,184,Walungurru School,41.24068537837621,Combined,Government,Very Remote,School Single Entity,0,-23.27712,129.38771,50128,56577.0,16577.0,50128,Walungurru School,41.24068537837621,Combined,Government,Very Remote,School Single Entity,0,-23.27712,129.38771,50128,56577.0,16577.0,50128,0.2087220153942723,0.2087220153942723,No,No,No,No,,70901302,Walungurru Outstations,709013,Walungurru and Outstations,709,Apatula,7,Northern Territory,28754.6795,Within polygon,Matched,0,0,0,0,0,0,0,0,0,0,0,0,0.0,0.0,0.0,0,0,0,0,0,0,0,0,0.0,0.0,0.0,0,ABS 2021 Census Indigenous Profile,Indigenous Location (ILOC),2021
678,MYATT,"5 MILE,FIVE MILE,GULARDI,JERRY'S",Family Outstation,VICTORIA DALY,TIMBER CREEK,NORTHERN LAND COUNCIL,DALY,BIG RIVERS,12.0,Homelands Service Provider Report 2023,-15.70656,130.48335,https://bushtel.nt.gov.au/profile/678,Yes,Confirmed,Primary name,MYATT,0.0616227878153883,MYATT,COMMUNITY,75.0,,,YES,TELSTRA,-15.707,130.483,5.599053004690576,4G/LTE + IoT,"IoT700, LTE700",2025,Telstra,852004,-15.65639,130.47889,,Y,Y,,,,,,,,,,,,,,69.82100086241479,3G/UMTS,UMTS900,2025,Optus,852099,-15.6176,131.1289,,Y,,,,,,,,,,,,,,Y,Federal Mobile Black Spot Program (MBSP),2.0,351.4252484350212,4G/LTE,"LTE850, LTE1800, LTE2100",2025,TPG,836004,-12.613261,131.151729,,,Y,Y,Y,,,,,,,,,5.599053004690576,Telstra,563,Timber Creek School,6.7868180269674765,Combined,Government,Very Remote,School Single Entity,0,-15.6481,130.46513,50121,47932.0,7932.0,50121,Timber Creek School,6.7868180269674765,Combined,Government,Very Remote,School Single Entity,0,-15.6481,130.46513,50121,47932.0,7932.0,50121,1.1877650222769,1.1877650222769,No,No,No,No,,70500804,Timber Creek,705008,Victoria River,705,Katherine,7,Northern Territory,159.6701,Within polygon,Matched,90,68,155,15,23,29,50,34,10,29,456,1874,1.6,4.2,35.7,4,19,5,122,49,26,76,41,34.2,63.3,41.7,38,ABS 2021 Census Indigenous Profile,Indigenous Location (ILOC),2021
395,NABARLEK,NARBALEK,Family Outstation,WEST ARNHEM,GUNBALANYA,NORTHERN LAND COUNCIL,ARAFURA,TOP END,,Not recorded,-12.30829,133.29216,https://bushtel.nt.gov.au/profile/395,Not listed,Not confirmed,,,,,,,,,,,,,25.64143342340349,4G/LTE + 5G/NR + IoT,"IoT700, LTE700, LTE850, LTE2600, NR850, NR2600",2025,Telstra,822002,-12.32389,133.05667,,Y,Y,Y,,,Y,,Y,,Y,,,,,,38.56016256695781,3G/UMTS + 4G/LTE,"UMTS900, LTE700",2025,Optus,822106,-12.42654,132.95842,,Y,,Y,,,,,,,,,,,,Y,Federal Mobile Black Spot Program (MBSP),5.0,234.09949638218364,4G/LTE,"LTE850, LTE1800, LTE2100",2025,TPG,836002,-12.55419,131.15106,,,Y,Y,Y,,,,,,,,,25.64143342340349,Telstra,321,Gunbalanya School,25.57844588836077,Combined,Government,Remote,School Single Entity,0,-12.32135,133.05709,50058,47960.0,7960.0,50058,Gunbalanya School,25.57844588836077,Combined,Government,Remote,School Single Entity,0,-12.32135,133.05709,50058,47960.0,7960.0,50058,-0.0629875350427227,-0.0629875350427227,Yes,Yes,No,No,,70400401,Cobourg Peninsula - Demed Homelands,704004,North-West Arnhem,704,Jabiru - Tiwi,7,Northern Territory,23675.7318,Within polygon,Matched,145,127,279,27,57,40,102,44,3,27,239,1218,2.4,5.6,70.3,4,34,22,190,45,3,48,138,8.3,24.7,22.7,84,ABS 2021 Census Indigenous Profile,Indigenous Location (ILOC),2021
887,NABBARLA KUNINDABBA,"NAQARLA,ROCKY POINT",Family Outstation,WEST ARNHEM,MANINGRIDA,NORTHERN LAND COUNCIL,ARAFURA,TOP END,,Not recorded,-12.06125,134.40225,https://bushtel.nt.gov.au/profile/887,Not listed,Not confirmed,,,,,,,,,,,,,18.6434543538066,4G/LTE + 5G/NR + IoT,"IoT700, LTE700, LTE850, LTE1800, LTE2100, LTE2600, NR850, NR2600",2025,Telstra,822008,-12.05532,134.23091,,Y,Y,Y,Y,Y,Y,,Y,,Y,,,Y,REGIONAL CO-INVESTMENT: RCP - TX Upgrade,1.0,162.06705309880795,3G/UMTS + 4G/LTE,"UMTS900, LTE700",2025,Optus,822106,-12.42654,132.95842,,Y,,Y,,,,,,,,,,,,Y,Federal Mobile Black Spot Program (MBSP),5.0,357.4319307126912,4G/LTE,"LTE850, LTE1800, LTE2100",2025,TPG,836002,-12.55419,131.15106,,,Y,Y,Y,,,,,,,,,18.6434543538066,Telstra,380,Maningrida College,19.493530930990165,Combined,Government,Very Remote,School Single Entity,0,-12.05041,134.22333,50061,47956.0,7956.0,50061,Maningrida College,19.493530930990165,Combined,Government,Very Remote,School Single Entity,0,-12.05041,134.22333,50061,47956.0,7956.0,50061,0.8500765771835646,0.8500765771835646,No,No,No,No,,70400302,Maningrida Outstations,704003,Maningrida and Outstations,704,Jabiru - Tiwi,7,Northern Territory,9758.0375,Within polygon,Matched,170,195,366,23,65,77,131,58,11,26,207,900,2.1,5.9,72.3,4,34,42,283,10,22,35,226,60.6,11.8,4.6,88,ABS 2021 Census Indigenous Profile,Indigenous Location (ILOC),2021
886,NADILMUK,NDJUDDA POINT,Family Outstation,WEST ARNHEM,MANINGRIDA,NORTHERN LAND COUNCIL,ARAFURA,TOP END,5.0,Homelands Service Provider Report 2023,-11.99384,134.29454,https://bushtel.nt.gov.au/profile/886,Yes,Confirmed,Primary name,NADILMUK,0.0531021696048602,NADILMUK,COMMUNITY,5.0,,,YES,TELSTRA,-11.994,134.295,9.727403916340652,4G/LTE + 5G/NR + IoT,"IoT700, LTE700, LTE850, LTE1800, LTE2100, LTE2600, NR850, NR2600",2025,Telstra,822008,-12.05532,134.23091,,Y,Y,Y,Y,Y,Y,,Y,,Y,,,Y,REGIONAL CO-INVESTMENT: RCP - TX Upgrade,1.0,152.97216440572623,3G/UMTS + 4G/LTE,"UMTS900, LTE700",2025,Optus,822106,-12.42654,132.95842,,Y,,Y,,,,,,,,,,,,Y,Federal Mobile Black Spot Program (MBSP),5.0,347.1831881997815,4G/LTE,"LTE850, LTE1800, LTE2100",2025,TPG,836002,-12.55419,131.15106,,,Y,Y,Y,,,,,,,,,9.727403916340652,Telstra,503,Maningrida College,9.977261218453435,Combined,Government,Very Remote,School Single Entity,0,-12.05041,134.22333,50061,47956.0,7956.0,50061,Maningrida College,9.977261218453435,Combined,Government,Very Remote,School Single Entity,0,-12.05041,134.22333,50061,47956.0,7956.0,50061,0.2498573021127832,0.2498573021127832,No,No,No,No,,70400302,Maningrida Outstations,704003,Maningrida and Outstations,704,Jabiru - Tiwi,7,Northern Territory,9758.0375,Within polygon,Matched,170,195,366,23,65,77,131,58,11,26,207,900,2.1,5.9,72.3,4,34,42,283,10,22,35,226,60.6,11.8,4.6,88,ABS 2021 Census Indigenous Profile,Indigenous Location (ILOC),2021
396,NADIRRI,"NARDIDI,NARDIRRI",Family Outstation,WEST DALY,THAMARRURR/PINDI PINDI,NORTHERN LAND COUNCIL,DALY,TOP END,,Not recorded,-13.95376,129.76657,https://bushtel.nt.gov.au/profile/396,Not listed,Not confirmed,,,,,,,,,,,,,40.80212334784011,4G/LTE + IoT,"IoT700, LTE700",2025,Telstra,822068,-14.15629,130.082,,Y,Y,,,,,,,,,,,,,,132.0210439002243,3G/UMTS + 4G/LTE,"UMTS900, LTE700",2025,Optus,822091,-13.164608,130.679087,,Y,,Y,,,,,,,,,,,,Y,Federal Mobile Black Spot Program (MBSP),2.0,202.39985726718444,4G/LTE + 5G/NR,"LTE850, LTE1800, LTE2100, NR700",2025,TPG,800002,-12.4651,130.8425,,,Y,Y,Y,Y,,,,,,,,40.80212334784011,Telstra,187,St Francis Xavier Catholic School - Wudikapildiyer Homeland Learning Centre Campus,27.51218848670924,Combined,Catholic,Very Remote,School Sub-Campus,0,-13.8593246864877,130.002167496203,53319,,13312.0,50145,St Francis Xavier Catholic School - Wudikapildiyer Homeland Learning Centre Campus,27.51218848670924,Combined,Catholic,Very Remote,School Sub-Campus,0,-13.8593246864877,130.002167496203,53319,,13312.0,50145,-13.28993486113087,-13.28993486113087,Yes,Yes,No,No,,70400501,Thamarrurr exc. Wadeye,704005,Thamarrurr inc. Wadeye,704,Jabiru - Tiwi,7,Northern Territory,3352.8699,Within polygon,Matched,96,89,188,14,38,56,57,23,5,21,233,860,1.9,4.9,35.3,4,25,11,140,21,30,53,85,60.8,37.2,14.6,52,ABS 2021 Census Indigenous Profile,Indigenous Location (ILOC),2021
541,NALIYINDI,"NALIYINJI,NALYINDI,NAYAWILI,NGLIYINDI",Family Outstation,EAST ARNHEM,GUMURR MIYARRKA,NORTHERN LAND COUNCIL,ARNHEM,EAST ARNHEM,,Not recorded,-12.54196,135.17863,https://bushtel.nt.gov.au/profile/541,Not listed,Not confirmed,,,,,,,,,,,,,36.25581842159732,4G/LTE + 5G/NR + IoT,"IoT700, LTE700, LTE850, LTE2600, NR850, NR2600",2025,Telstra,822003,-12.32833,134.92639,,Y,Y,Y,,,Y,,Y,,Y,,,Y,REGIONAL CO-INVESTMENT: RCP - TX Upgrade,1.0,178.16658499913024,4G/LTE + IoT,"NBIoT700, LTE700, LTE2600",2025,Optus,880003,-12.181375,136.776877,Y,,,Y,,,,,Y,,,,,,,,,,437.0935376438886,4G/LTE,"LTE850, LTE1800, LTE2100",2025,TPG,836004,-12.613261,131.151729,,,Y,Y,Y,,,,,,,,,36.25581842159732,Telstra,218,Ramingining School,36.41247833005011,Combined,Government,Very Remote,School Single Entity,0,-12.32641,134.92619,50065,47963.0,7963.0,50065,Ramingining School,36.41247833005011,Combined,Government,Very Remote,School Single Entity,0,-12.32641,134.92619,50065,47963.0,7963.0,50065,0.156659908452788,0.156659908452788,No,No,No,No,,70600402,Marthakal Homelands exc. Galiwinku,706004,Marthakal Homelands - Galiwinku,706,Nhulunbuy,7,Northern Territory,5177.5161,Within polygon,Matched,204,224,425,32,93,102,113,79,18,23,281,1312,1.8,5.7,64.7,8,68,36,308,27,25,58,245,43.6,18.0,10.2,125,ABS 2021 Census Indigenous Profile,Indigenous Location (ILOC),2021
1026,NAMA,WUDIPULINAMA,Family Outstation,WEST DALY,THAMARRURR/PINDI PINDI,NORTHERN LAND COUNCIL,DALY,TOP END,28.0,Homelands Service Provider Report 2023,-14.22945,129.85879,https://bushtel.nt.gov.au/profile/1026,Not listed,Not confirmed,,,,,,,,,,,,,13.75201143062142,4G/LTE + IoT,"IoT700, LTE700",2025,Telstra,822043,-14.351052,129.882057,,Y,Y,,,,,,,,,,,,,,147.89471398267247,3G/UMTS + 4G/LTE,"UMTS900, LTE700",2025,Optus,822091,-13.164608,130.679087,,Y,,Y,,,,,,,,,,,,Y,Federal Mobile Black Spot Program (MBSP),2.0,223.1937518272805,4G/LTE + 5G/NR,"LTE850, LTE1800, LTE2100, NR700",2025,TPG,800002,-12.4651,130.8425,,,Y,Y,Y,Y,,,,,,,,13.75201143062142,Telstra,443,Nganmarriyanga School,13.94206323552863,Combined,Government,Very Remote,School Single Entity,0,-14.3528,129.882,50110,56571.0,16571.0,50110,Nganmarriyanga School,13.94206323552863,Combined,Government,Very Remote,School Single Entity,0,-14.3528,129.882,50110,56571.0,16571.0,50110,0.1900518049072097,0.1900518049072097,No,No,No,No,,70400501,Thamarrurr exc. Wadeye,704005,Thamarrurr inc. Wadeye,704,Jabiru - Tiwi,7,Northern Territory,3352.8699,Within polygon,Matched,96,89,188,14,38,56,57,23,5,21,233,860,1.9,4.9,35.3,4,25,11,140,21,30,53,85,60.8,37.2,14.6,52,ABS 2021 Census Indigenous Profile,Indigenous Location (ILOC),2021
906,NAMERINNI,TOMKINSON CREEK,Family Outstation,BARKLY,KUWARRANGU,NORTHERN LAND COUNCIL,BARKLY,BARKLY,,Not recorded,-18.56818,133.71549,https://bushtel.nt.gov.au/profile/906,Not listed,Not confirmed,,,,,,,,,,,,,114.1025426677137,4G/LTE + IoT,"IoT700, LTE700",2025,Telstra,862001,-17.555,133.54444,,Y,Y,,,,,,,,,,,,,,29.00147843705906,3G/UMTS,UMTS900,2025,Optus,862040,-18.318584,133.795264,,Y,,,,,,,,,,,,,,,,,651.1843787555651,4G/LTE,LTE850,2025,TPG,4825002,-20.73424,139.49366,,,Y,,,,,,,,,,,29.00147843705906,Optus,290,Elliott School,114.14494886947789,Combined,Government,Very Remote,School Single Entity,0,-17.5553,133.54,50088,46826.0,6826.0,50088,Elliott School,114.14494886947789,Combined,Government,Very Remote,School Single Entity,0,-17.5553,133.54,50088,46826.0,6826.0,50088,85.14347043241881,85.14347043241881,No,No,Yes,No,,70700302,Elliott Surrounds - Outstations,707003,Barkly,707,Tennant Creek,7,Northern Territory,115005.6995,Within polygon,Matched,47,43,91,10,21,14,30,17,0,25,350,1542,1.1,3.6,16.0,0,17,9,61,21,0,27,38,8.0,40.3,37.1,31,ABS 2021 Census Indigenous Profile,Indigenous Location (ILOC),2021
389,NAMUGARDABU,"NAMAGARDABU,NAMAGARRARBU,NAMURGARDABU",Family Outstation,WEST ARNHEM,GUNBALANYA,NORTHERN LAND COUNCIL,ARAFURA,TOP END,,Not recorded,-12.15779,134.02473,https://bushtel.nt.gov.au/profile/389,Not listed,Not confirmed,,,,,,,,,,,,,25.145923403580053,4G/LTE + 5G/NR + IoT,"IoT700, LTE700, LTE850, LTE1800, LTE2100, LTE2600, NR850, NR2600",2025,Telstra,822008,-12.05532,134.23091,,Y,Y,Y,Y,Y,Y,,Y,,Y,,,Y,REGIONAL CO-INVESTMENT: RCP - TX Upgrade,1.0,119.6422142015946,3G/UMTS + 4G/LTE,"UMTS900, LTE700",2025,Optus,822106,-12.42654,132.95842,,Y,,Y,,,,,,,,,,,,Y,Federal Mobile Black Spot Program (MBSP),5.0,315.23110984954394,4G/LTE,"LTE850, LTE1800, LTE2100",2025,TPG,836002,-12.55419,131.15106,,,Y,Y,Y,,,,,,,,,25.145923403580053,Telstra,324,Maningrida College,24.673828907768183,Combined,Government,Very Remote,School Single Entity,0,-12.05041,134.22333,50061,47956.0,7956.0,50061,Maningrida College,24.673828907768183,Combined,Government,Very Remote,School Single Entity,0,-12.05041,134.22333,50061,47956.0,7956.0,50061,-0.4720944958118664,-0.4720944958118664,Yes,Yes,No,No,,70400401,Cobourg Peninsula - Demed Homelands,704004,North-West Arnhem,704,Jabiru - Tiwi,7,Northern Territory,23675.7318,Within polygon,Matched,145,127,279,27,57,40,102,44,3,27,239,1218,2.4,5.6,70.3,4,34,22,190,45,3,48,138,8.3,24.7,22.7,84,ABS 2021 Census Indigenous Profile,Indigenous Location (ILOC),2021
392,NANGAK,NANGARK,Family Outstation,WEST ARNHEM,MANINGRIDA,NORTHERN LAND COUNCIL,ARAFURA,TOP END,14.0,Homelands Service Provider Report 2023,-12.21148,134.28387,https://bushtel.nt.gov.au/profile/392,Not listed,Not confirmed,,,,,,,,,,,,,18.29380200968068,4G/LTE + 5G/NR + IoT,"IoT700, LTE700, LTE850, LTE1800, LTE2100, LTE2600, NR850, NR2600",2025,Telstra,822008,-12.05532,134.23091,,Y,Y,Y,Y,Y,Y,,Y,,Y,,,Y,REGIONAL CO-INVESTMENT: RCP - TX Upgrade,1.0,145.96200954202575,3G/UMTS + 4G/LTE,"UMTS900, LTE700",2025,Optus,822106,-12.42654,132.95842,,Y,,Y,,,,,,,,,,,,Y,Federal Mobile Black Spot Program (MBSP),5.0,342.3740216772432,4G/LTE,"LTE850, LTE1800, LTE2100",2025,TPG,836002,-12.55419,131.15106,,,Y,Y,Y,,,,,,,,,18.29380200968068,Telstra,383,Maningrida College,19.08114624796901,Combined,Government,Very Remote,School Single Entity,0,-12.05041,134.22333,50061,47956.0,7956.0,50061,Maningrida College,19.08114624796901,Combined,Government,Very Remote,School Single Entity,0,-12.05041,134.22333,50061,47956.0,7956.0,50061,0.7873442382883269,0.7873442382883269,No,No,No,No,,70400302,Maningrida Outstations,704003,Maningrida and Outstations,704,Jabiru - Tiwi,7,Northern Territory,9758.0375,Within polygon,Matched,170,195,366,23,65,77,131,58,11,26,207,900,2.1,5.9,72.3,4,34,42,283,10,22,35,226,60.6,11.8,4.6,88,ABS 2021 Census Indigenous Profile,Indigenous Location (ILOC),2021
393,NANGU,POINT PEARCE,Family Outstation,WEST DALY,THAMARRURR/PINDI PINDI,NORTHERN LAND COUNCIL,DALY,TOP END,,Not recorded,-14.37314,129.37335,https://bushtel.nt.gov.au/profile/393,Not listed,Not confirmed,,,,,,,,,,,,,21.627781570937447,4G/LTE + 5G/NR + IoT,"IoT700, LTE700, LTE850, LTE2600, NR850, NR2600",2025,Telstra,822038,-14.24033,129.52,,Y,Y,Y,,,Y,,Y,,Y,,,,,,157.18639414734335,3G/UMTS + 4G/LTE,"UMTS900, LTE700",2025,Optus,852121,-15.762983,129.106028,,Y,,Y,,,,,,,,,,,,Y,Federal Mobile Black Spot Program (MBSP),5.0,265.0678231063504,4G/LTE + 5G/NR,"LTE850, LTE1800, LTE2100, NR700",2025,TPG,800002,-12.4651,130.8425,,,Y,Y,Y,Y,,,,,,,,21.627781570937447,Telstra,356,Our Lady of the Sacred Heart Thamarrurr Catholic College,21.661865821887897,Combined,Catholic,Remote,School Single Entity,0,-14.2404,129.5205,50144,53310.0,13310.0,50144,Our Lady of the Sacred Heart Thamarrurr Catholic College,21.661865821887897,Combined,Catholic,Remote,School Single Entity,0,-14.2404,129.5205,50144,53310.0,13310.0,50144,0.0340842509504497,0.0340842509504497,No,No,No,No,,70400501,Thamarrurr exc. Wadeye,704005,Thamarrurr inc. Wadeye,704,Jabiru - Tiwi,7,Northern Territory,3352.8699,Within polygon,Matched,96,89,188,14,38,56,57,23,5,21,233,860,1.9,4.9,35.3,4,25,11,140,21,30,53,85,60.8,37.2,14.6,52,ABS 2021 Census Indigenous Profile,Indigenous Location (ILOC),2021
543,NANYINGBURRA,"NANGABURA,NANGINGBURRA,NANGINYBURRA,NANINGBURA POINT",Family Outstation,EAST ARNHEM,GUMURR MARTHAKAL,NORTHERN LAND COUNCIL,MULKA,EAST ARNHEM,7.0,Homelands Service Provider Report 2023,-11.76057,135.87365,https://bushtel.nt.gov.au/profile/543,Not listed,Not confirmed,,,,,,,,,,,,,44.62322262816597,4G/LTE + 5G/NR + IoT,"IoT700, LTE700, LTE850, LTE2600, NR850, NR2600",2025,Telstra,822005,-12.02483,135.56501,,Y,Y,Y,,,Y,,Y,,Y,,,,,,108.82320415792586,4G/LTE + IoT,"NBIoT700, LTE700, LTE2600",2025,Optus,880003,-12.181375,136.776877,Y,,,Y,,,,,Y,,,,,,,,,,520.870357497538,4G/LTE,"LTE850, LTE1800, LTE2100",2025,TPG,836002,-12.55419,131.15106,,,Y,Y,Y,,,,,,,,,44.62322262816597,Telstra,165,Gawa Christian School,3.3005828822821663,Combined,Independent,Very Remote,School Single Entity,0,-11.759762,135.903958,50163,58020.0,18020.0,50163,Gawa Christian School,3.3005828822821663,Combined,Independent,Very Remote,School Single Entity,0,-11.759762,135.903958,50163,58020.0,18020.0,50163,-41.322639745883805,-41.322639745883805,Yes,Yes,No,No,,70600402,Marthakal Homelands exc. Galiwinku,706004,Marthakal Homelands - Galiwinku,706,Nhulunbuy,7,Northern Territory,5177.5161,Within polygon,Matched,204,224,425,32,93,102,113,79,18,23,281,1312,1.8,5.7,64.7,8,68,36,308,27,25,58,245,43.6,18.0,10.2,125,ABS 2021 Census Indigenous Profile,Indigenous Location (ILOC),2021
974,NAPAGUNPA,NGAPAGUNPA,Family Outstation,BARKLY,PATTA,CENTRAL LAND COUNCIL,BARKLY,BARKLY,,Not recorded,-19.10426,133.61851,https://bushtel.nt.gov.au/profile/974,Not listed,Not confirmed,,,,,,,,,,,,,84.92409686383394,4G/LTE + 5G/NR + IoT,"IoT700, LTE700, LTE850, LTE2600, NR850, NR2600",2025,Telstra,860009,-19.65103,134.18377,,Y,Y,Y,,,Y,,Y,,Y,,,,,,72.10495626241422,3G/UMTS,UMTS900,2025,Optus,852095,-19.4368,134.20825,,Y,,,,,,,,,,,,,,,,,640.3301449189441,4G/LTE,LTE850,2025,TPG,4825002,-20.73424,139.49366,,,Y,,,,,,,,,,,72.10495626241422,Optus,55,Tennant Creek Primary School,85.2528956103437,Primary,Government,Very Remote,School Single Entity,0,-19.6501,134.18925,50046,56574.0,16574.0,50046,Tennant Creek High School,85.35497292841546,Secondary,Government,Very Remote,School Single Entity,0,-19.644142,134.196942,50007,47918.0,7918.0,50007,13.250016666001244,13.14793934792948,No,No,Yes,Yes,Review,70700302,Elliott Surrounds - Outstations,707003,Barkly,707,Tennant Creek,7,Northern Territory,115005.6995,Within polygon,Matched,47,43,91,10,21,14,30,17,0,25,350,1542,1.1,3.6,16.0,0,17,9,61,21,0,27,38,8.0,40.3,37.1,31,ABS 2021 Census Indigenous Profile,Indigenous Location (ILOC),2021
873,NATJITNAMA,No aliases recorded with NTG DIPL,Family Outstation,MACDONNELL,LJIRAPINTA,CENTRAL LAND COUNCIL,GWOJA,CENTRAL AUSTRALIA,,Not recorded,-24.02113,132.98113,https://bushtel.nt.gov.au/profile/873,Not listed,Not confirmed,,,,,,,,,,,,,15.777990148712506,4G/LTE + 5G/NR + IoT,"IoT700, LTE700, LTE850, NR850",2025,Telstra,872102,-24.12447,133.087629,,Y,Y,Y,,,,,Y,,,,,Y,Federal Mobile Black Spot Program (MBSP),1.0,24.802037438687574,3G/UMTS + 4G/LTE,"UMTS900, LTE700",2025,Optus,872189,-24.056241,132.739943,,Y,,Y,,,,,,,,,,,,Y,Federal Mobile Black Spot Program (MBSP),4.0,762.7095660233194,4G/LTE,LTE850,2025,TPG,4825002,-20.73424,139.49366,,,Y,,,,,,,,,,,15.777990148712506,Telstra,414,Wallace Rockhole School,15.517106483359967,Combined,Government,Very Remote,School Single Entity,0,-24.1233,133.085237,50127,56576.0,16576.0,50127,Wallace Rockhole School,15.517106483359967,Combined,Government,Very Remote,School Single Entity,0,-24.1233,133.085237,50127,56576.0,16576.0,50127,-0.260883665352539,-0.260883665352539,Yes,Yes,No,No,,70901403,Tjuwanpa Outstations,709014,West MacDonnell Ranges,709,Apatula,7,Northern Territory,15970.5215,Within polygon,Matched,90,98,188,21,38,31,60,36,8,27,352,1166,1.5,4.3,51.2,0,21,12,134,28,19,47,85,43.5,34.6,19.5,59,ABS 2021 Census Indigenous Profile,Indigenous Location (ILOC),2021
341,NDJUDDA,"NDJUDDA POINT,NJUDDA,NJUDDA POINT",Family Outstation,WEST ARNHEM,MANINGRIDA,NORTHERN LAND COUNCIL,ARAFURA,TOP END,,Not recorded,-11.98809,134.24773,https://bushtel.nt.gov.au/profile/341,Not listed,Not confirmed,,,,,,,,,,,,,7.696203515447781,4G/LTE + 5G/NR + IoT,"IoT700, LTE700, LTE850, LTE1800, LTE2100, LTE2600, NR850, NR2600",2025,Telstra,822008,-12.05532,134.23091,,Y,Y,Y,Y,Y,Y,,Y,,Y,,,Y,REGIONAL CO-INVESTMENT: RCP - TX Upgrade,1.0,148.36203179398711,3G/UMTS + 4G/LTE,"UMTS900, LTE700",2025,Optus,822106,-12.42654,132.95842,,Y,,Y,,,,,,,,,,,,Y,Federal Mobile Black Spot Program (MBSP),5.0,342.3016061380749,4G/LTE,"LTE850, LTE1800, LTE2100",2025,TPG,836002,-12.55419,131.15106,,,Y,Y,Y,,,,,,,,,7.696203515447781,Telstra,532,Maningrida College,7.420407815447088,Combined,Government,Very Remote,School Single Entity,0,-12.05041,134.22333,50061,47956.0,7956.0,50061,Maningrida College,7.420407815447088,Combined,Government,Very Remote,School Single Entity,0,-12.05041,134.22333,50061,47956.0,7956.0,50061,-0.2757957000006934,-0.2757957000006934,Yes,Yes,No,No,,70400302,Maningrida Outstations,704003,Maningrida and Outstations,704,Jabiru - Tiwi,7,Northern Territory,9758.0375,Within polygon,Matched,170,195,366,23,65,77,131,58,11,26,207,900,2.1,5.9,72.3,4,34,42,283,10,22,35,226,60.6,11.8,4.6,88,ABS 2021 Census Indigenous Profile,Indigenous Location (ILOC),2021
716,NEMARLUK,No aliases recorded with NTG DIPL,Family Outstation,WEST DALY,THAMARRURR/PINDI PINDI,NORTHERN LAND COUNCIL,DALY,TOP END,24.0,Homelands Service Provider Report 2023,-14.24122,130.00325,https://bushtel.nt.gov.au/profile/716,Not listed,Not confirmed,,,,,,,,,,,,,12.698432747170129,4G/LTE + IoT,"IoT700, LTE700",2025,Telstra,822068,-14.15629,130.082,,Y,Y,,,,,,,,,,,,,,140.22059612103783,3G/UMTS + 4G/LTE,"UMTS900, LTE700",2025,Optus,822091,-13.164608,130.679087,,Y,,Y,,,,,,,,,,,,Y,Federal Mobile Black Spot Program (MBSP),2.0,217.3660721651948,4G/LTE + 5G/NR,"LTE850, LTE1800, LTE2100, NR700",2025,TPG,800002,-12.4651,130.8425,,,Y,Y,Y,Y,,,,,,,,12.698432747170129,Telstra,458,Peppimenarti School,12.906888862668444,Combined,Government,Very Remote,School Single Entity,0,-14.14978,130.077,50114,47988.0,7988.0,50114,Peppimenarti School,12.906888862668444,Combined,Government,Very Remote,School Single Entity,0,-14.14978,130.077,50114,47988.0,7988.0,50114,0.2084561154983166,0.2084561154983166,No,No,No,No,,70400501,Thamarrurr exc. Wadeye,704005,Thamarrurr inc. Wadeye,704,Jabiru - Tiwi,7,Northern Territory,3352.8699,Within polygon,Matched,96,89,188,14,38,56,57,23,5,21,233,860,1.9,4.9,35.3,4,25,11,140,21,30,53,85,60.8,37.2,14.6,52,ABS 2021 Census Indigenous Profile,Indigenous Location (ILOC),2021
121,NEW BORE,WADIYAWANU,Family Outstation,MACDONNELL,LURITJA PINTUBI,CENTRAL LAND COUNCIL,GWOJA,CENTRAL AUSTRALIA,9.0,Homelands Service Provider Report 2023,-23.22172,131.32769,https://bushtel.nt.gov.au/profile/121,Not listed,Not confirmed,,,,,,,,,,,,,6.300513624584541,4G/LTE + IoT,"IoT700, LTE700",2025,Telstra,872082,-23.25451,131.2774,,Y,Y,,,,,,,,,,,Y,Federal Mobile Black Spot Program (MBSP),1.0,115.97165485830014,3G/UMTS + 4G/LTE,"UMTS900, LTE700",2025,Optus,872146,-24.251,131.5116,,Y,,Y,,,,,,,,,,,,Y,Federal Mobile Black Spot Program (MBSP),2.0,886.1051048999161,4G/LTE,LTE850,2025,TPG,4825002,-20.73424,139.49366,,,Y,,,,,,,,,,,6.300513624584541,Telstra,557,Watiyawanu School,7.346658614032291,Combined,Government,Very Remote,School Single Entity,0,-23.266169,131.274489,50130,47906.0,7906.0,50130,Watiyawanu School,7.346658614032291,Combined,Government,Very Remote,School Single Entity,0,-23.266169,131.274489,50130,47906.0,7906.0,50130,1.0461449894477504,1.0461449894477504,No,No,No,No,,70900602,Mount Liebig and Outstations,709006,Haasts Bluff - Mount Liebig (Watiyawanu),709,Apatula,7,Northern Territory,699.4702,Within polygon,Matched,113,118,234,21,60,35,57,48,5,24,229,1359,2.0,6.2,60.0,4,44,13,152,30,3,32,113,6.3,20.8,19.5,81,ABS 2021 Census Indigenous Profile,Indigenous Location (ILOC),2021
545,NGADUMIYERRKA,"LITTLE PARADISE,NGADUMI TERRN",Family Outstation,EAST ARNHEM,ANINDILYAKWA,ANINDILYAKWA LAND COUNCIL,ARNHEM,EAST ARNHEM,27.0,Homelands Service Provider Report 2023,-13.82001,136.4564,https://bushtel.nt.gov.au/profile/545,Yes,Confirmed,Primary name,NGADUMIYERRKA,0.0432047460806759,NGADUMIYERRKA,COMMUNITY,24.0,,,YES,TELSTRA,-13.82,136.456,3.8620165433956335,4G/LTE + IoT,"IoT700, LTE700, LTE2600",2025,Telstra,885001,-13.84722,136.43417,,Y,Y,,,,Y,,,,,,,,,,185.48674942462443,4G/LTE + IoT,"NBIoT700, LTE700, LTE2600",2025,Optus,880003,-12.181375,136.776877,Y,,,Y,,,,,Y,,,,,,,,,,589.676701621601,4G/LTE,"LTE850, LTE1800, LTE2100",2025,TPG,836004,-12.613261,131.151729,,,Y,Y,Y,,,,,,,,,3.8620165433956335,Telstra,581,Alyangula Area School,5.1193190662756285,Combined,Government,Very Remote,School Single Entity,0,-13.84964,136.42011,50051,47992.0,7992.0,50051,Alyangula Area School,5.1193190662756285,Combined,Government,Very Remote,School Single Entity,0,-13.84964,136.42011,50051,47992.0,7992.0,50051,1.257302522879995,1.257302522879995,No,No,No,No,,70600103,Angurugu Outstations,706001,Anindilyakwa (Groote),706,Nhulunbuy,7,Northern Territory,879.1342,Within polygon,Matched,76,58,135,13,31,30,41,17,8,22,312,1208,1.7,4.8,52.0,0,10,5,96,25,15,39,49,39.0,43.2,26.3,44,ABS 2021 Census Indigenous Profile,Indigenous Location (ILOC),2021
16207,NGANGURR,No aliases recorded with NTG DIPL,Family Outstation,MACDONNELL,IYARRKA,CENTRAL LAND COUNCIL,GWOJA,CENTRAL AUSTRALIA,,Not recorded,-25.22205,129.9158,https://bushtel.nt.gov.au/profile/16207,Not listed,Not confirmed,,,,,,,,,,,,,92.7365780545216,4G/LTE + IoT,"IoT700, LTE700",2025,Telstra,872125,-24.87253,129.079969,,Y,Y,,,,,,,,,,,,,,106.7266475540365,4G/LTE + 5G/NR + IoT,"NBIoT700, LTE700, LTE900, LTE2100, LTE2600, NR700, NR900, NR2100",2025,Optus,872155,-25.191336,130.976089,Y,,,Y,Y,,Y,,Y,Y,Y,Y,,,,,,,1030.2286395925964,4G/LTE,"LTE850, LTE1800",2025,TPG,6430002,-30.7382,121.47878,,,Y,Y,,,,,,,,,,92.7365780545216,Telstra,26,Nyangatjatjara College - Kaltukatjara Campus (Docker River) Primary Campus,92.49731902691468,Primary,Independent,Very Remote,School Sub-Campus,0,-24.8729892831282,129.082349495758,40902,77301.0,14570.0,50160,Nyangatjatjara College - Kaltukatjara Campus (Docker River) Secondary Campus,92.69270873673511,Secondary,Independent,Very Remote,School Sub-Campus,0,-24.8812918779094,129.076019609991,53390,89017.0,14570.0,50160,-0.0438693177864735,-0.2392590276069341,Yes,Yes,Yes,Yes,Review,70900802,Kaltukatjara Outstations,709008,Kaltukatjara and Outstations,709,Apatula,7,Northern Territory,87474.9608,Within polygon,Matched,28,34,60,8,7,8,17,16,3,29,295,966,1.7,3.7,40.0,0,5,6,46,14,5,12,35,14.3,29.8,25.5,15,ABS 2021 Census Indigenous Profile,Indigenous Location (ILOC),2021
765,NGANKIRITJA,NGANRRITJA,Family Outstation,MACDONNELL,LURITJA PINTUBI,CENTRAL LAND COUNCIL,GWOJA,CENTRAL AUSTRALIA,10.0,Homelands Service Provider Report 2023,-23.46459,131.87969,https://bushtel.nt.gov.au/profile/765,Not listed,Not confirmed,,,,,,,,,,,,,30.760018794225903,4G/LTE + IoT,"IoT700, LTE700",2025,Telstra,872058,-23.19087,131.92328,,Y,Y,,,,,,,,,,,,,,66.03764469584179,3G/UMTS + 4G/LTE,"UMTS900, LTE700",2025,Optus,872191,-23.5863,132.51367,,Y,,Y,,,,,,,,,,,,Y,Federal Mobile Black Spot Program (MBSP),5.0,840.9582828966404,4G/LTE,LTE850,2025,TPG,4825002,-20.73424,139.49366,,,Y,,,,,,,,,,,30.760018794225903,Telstra,267,Haasts Bluff School,1.8973050861090857,Combined,Government,Very Remote,School Single Entity,0,-23.44753,131.88003,50092,47887.0,7887.0,50092,Haasts Bluff School,1.8973050861090857,Combined,Government,Very Remote,School Single Entity,0,-23.44753,131.88003,50092,47887.0,7887.0,50092,-28.86271370811681,-28.86271370811681,Yes,Yes,No,No,,70900601,Haasts Bluff and Outstations,709006,Haasts Bluff - Mount Liebig (Watiyawanu),709,Apatula,7,Northern Territory,2854.43,Within polygon,Matched,53,62,118,11,19,26,37,18,5,25,228,1375,2.3,5.1,55.0,6,13,5,83,18,4,21,62,13.0,27.7,24.1,30,ABS 2021 Census Indigenous Profile,Indigenous Location (ILOC),2021
731,NGAPPAMILARNU,"MANGALAURNA,NGAPAMILARNU,NGAPPAMILARWU,PAWARINJI,YANKIRIKILANGU,YANKIRRAKALONG",Family Outstation,BARKLY,ALYAWARR,CENTRAL LAND COUNCIL,BARKLY,BARKLY,,Not recorded,-19.86188,133.27846,https://bushtel.nt.gov.au/profile/731,Not listed,Not confirmed,,,,,,,,,,,,,97.59835156753466,4G/LTE + 5G/NR + IoT,"IoT700, LTE700, LTE850, LTE2600, NR850, NR2600",2025,Telstra,860009,-19.65103,134.18377,,Y,Y,Y,,,Y,,Y,,Y,,,,,,97.75248975144322,4G/LTE + IoT,"NBIoT700, LTE700, LTE2600",2025,Optus,860007,-19.64497,134.183655,Y,,,Y,,,,,Y,,,,,,,,,,655.3543594775532,4G/LTE,LTE850,2025,TPG,4825002,-20.73424,139.49366,,,Y,,,,,,,,,,,97.59835156753466,Telstra,21,Tennant Creek Primary School,98.18015575007932,Primary,Government,Very Remote,School Single Entity,0,-19.6501,134.18925,50046,56574.0,16574.0,50046,Tennant Creek High School,99.12328526617088,Secondary,Government,Very Remote,School Single Entity,0,-19.644142,134.196942,50007,47918.0,7918.0,50007,1.524933698636204,0.5818041825446585,No,No,Yes,Yes,Review,70700304,Julalikari - Outstations,707003,Barkly,707,Tennant Creek,7,Northern Territory,107784.4629,Within polygon,Matched,67,66,137,15,28,18,41,25,8,27,369,1020,1.4,4.2,31.0,4,26,10,90,13,20,34,41,60.0,39.8,15.9,43,ABS 2021 Census Indigenous Profile,Indigenous Location (ILOC),2021
430,NGARDINITCHI,"NGARDINITH,WENTEK,WENTES NGANAMI WENTEK",Family Outstation,WEST DALY,THAMARRURR/PINDI PINDI,NORTHERN LAND COUNCIL,DALY,TOP END,,Not recorded,-14.19288,129.48431,https://bushtel.nt.gov.au/profile/430,Not listed,Not confirmed,,,,,,,,,,,,,6.529767138846014,4G/LTE + 5G/NR + IoT,"IoT700, LTE700, LTE850, LTE2600, NR850, NR2600",2025,Telstra,822038,-14.24033,129.52,,Y,Y,Y,,,Y,,Y,,Y,,,,,,172.44067178506964,3G/UMTS + 4G/LTE,"UMTS900, LTE700",2025,Optus,822091,-13.164608,130.679087,,Y,,Y,,,,,,,,,,,,Y,Federal Mobile Black Spot Program (MBSP),2.0,241.87679453072383,4G/LTE + 5G/NR,"LTE850, LTE1800, LTE2100, NR700",2025,TPG,800002,-12.4651,130.8425,,,Y,Y,Y,Y,,,,,,,,6.529767138846014,Telstra,553,Our Lady of the Sacred Heart Thamarrurr Catholic College,6.567923859603404,Combined,Catholic,Remote,School Single Entity,0,-14.2404,129.5205,50144,53310.0,13310.0,50144,Our Lady of the Sacred Heart Thamarrurr Catholic College,6.567923859603404,Combined,Catholic,Remote,School Single Entity,0,-14.2404,129.5205,50144,53310.0,13310.0,50144,0.0381567207573896,0.0381567207573896,No,No,No,No,,70400501,Thamarrurr exc. Wadeye,704005,Thamarrurr inc. Wadeye,704,Jabiru - Tiwi,7,Northern Territory,3352.8699,Within polygon,Matched,96,89,188,14,38,56,57,23,5,21,233,860,1.9,4.9,35.3,4,25,11,140,21,30,53,85,60.8,37.2,14.6,52,ABS 2021 Census Indigenous Profile,Indigenous Location (ILOC),2021
23746,NGARILIKIRLANGU,No aliases recorded with NTG DIPL,Family Outstation,CENTRAL DESERT,SOUTHERN TANAMI,CENTRAL LAND COUNCIL,GWOJA,CENTRAL AUSTRALIA,,Not recorded,-22.1251,131.7727,https://bushtel.nt.gov.au/profile/23746,Not listed,Not confirmed,,,,,,,,,,,,,14.315238673593251,4G/LTE + IoT,"IoT700, LTE700, LTE2600",2025,Telstra,872025,-22.25156,131.79875,,Y,Y,,,,Y,,,,,,,,,,169.34036239896747,3G/UMTS + 4G/LTE,"UMTS900, LTE700",2025,Optus,872135,-22.13295,133.4167,,Y,,Y,,,,,,,,,,,,,,,813.8990539164532,4G/LTE,LTE850,2025,TPG,4825002,-20.73424,139.49366,,,Y,,,,,,,,,,,14.315238673593251,Telstra,435,Yuendumu School,14.728604386670456,Combined,Government,Very Remote,School Single Entity,0,-22.25565,131.796889,50068,46730.0,6730.0,50068,Yuendumu School,14.728604386670456,Combined,Government,Very Remote,School Single Entity,0,-22.25565,131.796889,50068,46730.0,6730.0,50068,0.413365713077205,0.413365713077205,No,No,No,No,,70901701,Yuendumu and Outstations,709017,Yuendumu and Outstations,709,Apatula,7,Northern Territory,22120.9495,Within polygon,Matched,312,303,617,62,138,99,171,110,33,25,254,1012,1.6,4.7,43.2,12,102,36,418,73,29,95,307,28.1,22.7,16.4,200,ABS 2021 Census Indigenous Profile,Indigenous Location (ILOC),2021
913,NGARINTHI,WUMARR,Family Outstation,WEST DALY,THAMARRURR/PINDI PINDI,NORTHERN LAND COUNCIL,DALY,TOP END,,Not recorded,-14.46204,129.42257,https://bushtel.nt.gov.au/profile/913,Not listed,Not confirmed,,,,,,,,,,,,,26.79425831365426,4G/LTE + 5G/NR + IoT,"IoT700, LTE700, LTE850, LTE2600, NR850, NR2600",2025,Telstra,822038,-14.24033,129.52,,Y,Y,Y,,,Y,,Y,,Y,,,,,,148.59573412217284,3G/UMTS + 4G/LTE,"UMTS900, LTE700",2025,Optus,852121,-15.762983,129.106028,,Y,,Y,,,,,,,,,,,,Y,Federal Mobile Black Spot Program (MBSP),5.0,269.9647075520748,4G/LTE + 5G/NR,"LTE850, LTE1800, LTE2100, NR700",2025,TPG,800002,-12.4651,130.8425,,,Y,Y,Y,Y,,,,,,,,26.79425831365426,Telstra,310,Our Lady of the Sacred Heart Thamarrurr Catholic College,26.808246303498983,Combined,Catholic,Remote,School Single Entity,0,-14.2404,129.5205,50144,53310.0,13310.0,50144,Our Lady of the Sacred Heart Thamarrurr Catholic College,26.808246303498983,Combined,Catholic,Remote,School Single Entity,0,-14.2404,129.5205,50144,53310.0,13310.0,50144,0.0139879898447219,0.0139879898447219,No,No,No,No,,70400501,Thamarrurr exc. Wadeye,704005,Thamarrurr inc. Wadeye,704,Jabiru - Tiwi,7,Northern Territory,3352.8699,Within polygon,Matched,96,89,188,14,38,56,57,23,5,21,233,860,1.9,4.9,35.3,4,25,11,140,21,30,53,85,60.8,37.2,14.6,52,ABS 2021 Census Indigenous Profile,Indigenous Location (ILOC),2021
969,NGARLU NGARLU,KING RIVER,Family Outstation,WEST ARNHEM,BARRAH,NORTHERN LAND COUNCIL,ARAFURA,TOP END,,Not recorded,-11.86629,133.40906,https://bushtel.nt.gov.au/profile/969,Not listed,Not confirmed,,,,,,,,,,,,,24.410339124337003,4G/LTE + IoT,"IoT700, LTE700, LTE2600",2025,Telstra,822006,-11.64806,133.38472,,Y,Y,,,,Y,,,,,,,,,,79.25050077048525,3G/UMTS + 4G/LTE,"UMTS900, LTE700",2025,Optus,822106,-12.42654,132.95842,,Y,,Y,,,,,,,,,,,,Y,Federal Mobile Black Spot Program (MBSP),5.0,257.0412365757684,4G/LTE,"LTE850, LTE1800, LTE2100",2025,TPG,836002,-12.55419,131.15106,,,Y,Y,Y,,,,,,,,,24.410339124337003,Telstra,331,Warruwi School,24.43052613894085,Combined,Government,Very Remote,School Single Entity,0,-11.64742,133.38947,50129,47966.0,7966.0,50129,Warruwi School,24.43052613894085,Combined,Government,Very Remote,School Single Entity,0,-11.64742,133.38947,50129,47966.0,7966.0,50129,0.0201870146038487,0.0201870146038487,No,No,No,No,,70400401,Cobourg Peninsula - Demed Homelands,704004,North-West Arnhem,704,Jabiru - Tiwi,7,Northern Territory,23675.7318,Within polygon,Matched,145,127,279,27,57,40,102,44,3,27,239,1218,2.4,5.6,70.3,4,34,22,190,45,3,48,138,8.3,24.7,22.7,84,ABS 2021 Census Indigenous Profile,Indigenous Location (ILOC),2021
869,NGARNKA,BLUE BUSH,Family Outstation,CENTRAL DESERT,NORTHERN TANAMI,CENTRAL LAND COUNCIL,GWOJA,CENTRAL AUSTRALIA,,Not recorded,-20.17566,129.90876,https://bushtel.nt.gov.au/profile/869,Not listed,Not confirmed,,,,,,,,,,,,,38.99680199375901,4G/LTE + IoT,"IoT700, LTE700, LTE2600",2025,Telstra,872170,-20.52398,129.95232,,Y,Y,,,,Y,,,,,,,,,,245.021534180158,3G/UMTS + 4G/LTE,"UMTS900, LTE700",2025,Optus,6770029,-19.55522,127.66057,,Y,,Y,,,,,,,,,,,,Y,Federal Mobile Black Spot Program (MBSP),2.0,851.2719839399064,4G/LTE,"LTE850, LTE1800, LTE2100",2025,TPG,836004,-12.613261,131.151729,,,Y,Y,Y,,,,,,,,,38.99680199375901,Telstra,197,Lajamanu School,218.33955296016427,Combined,Government,Very Remote,School Single Entity,0,-18.3353,130.633981,50060,44761.0,4761.0,50060,Lajamanu School,218.33955296016427,Combined,Government,Very Remote,School Single Entity,0,-18.3353,130.633981,50060,44761.0,4761.0,50060,179.34275096640528,179.34275096640528,No,No,Yes,No,,70901002,Tanami Outstations,709010,Nyirripi and Tanami Outstations,709,Apatula,7,Northern Territory,142011.3404,Within polygon,Matched,13,16,30,0,0,3,15,5,3,41,1312,2250,1.4,5.0,50.0,0,0,0,30,20,0,20,3,0.0,70.4,70.4,0,ABS 2021 Census Indigenous Profile,Indigenous Location (ILOC),2021
544,NGAYAWILLI,"FIRST CREEK,NAYAWILLI",Family Outstation,EAST ARNHEM,GUMURR MARTHAKAL,NORTHERN LAND COUNCIL,MULKA,EAST ARNHEM,8.0,Homelands Service Provider Report 2023,-11.9943,135.5745,https://bushtel.nt.gov.au/profile/544,Yes,Confirmed,Primary name,NGAYAWILLI,0.0637995822944907,NGAYAWILLI,COMMUNITY,13.0,,,YES,TELSTRA,-11.994,135.575,3.5482240821294595,4G/LTE + 5G/NR + IoT,"IoT700, LTE700, LTE850, LTE2600, NR850, NR2600",2025,Telstra,822005,-12.02483,135.56501,,Y,Y,Y,,,Y,,Y,,Y,,,,,,132.37844083703715,4G/LTE + IoT,"NBIoT700, LTE700, LTE2600",2025,Optus,880003,-12.181375,136.776877,Y,,,Y,,,,,Y,,,,,,,,,,484.62926525004303,4G/LTE,"LTE850, LTE1800, LTE2100",2025,TPG,836002,-12.55419,131.15106,,,Y,Y,Y,,,,,,,,,3.5482240821294595,Telstra,587,Shepherdson College,3.883387868766691,Combined,Government,Very Remote,School Single Entity,0,-12.02856,135.56757,50066,55931.0,15931.0,50066,Shepherdson College,3.883387868766691,Combined,Government,Very Remote,School Single Entity,0,-12.02856,135.56757,50066,55931.0,15931.0,50066,0.3351637866372314,0.3351637866372314,No,No,No,No,,70600402,Marthakal Homelands exc. Galiwinku,706004,Marthakal Homelands - Galiwinku,706,Nhulunbuy,7,Northern Territory,5177.5161,Within polygon,Matched,204,224,425,32,93,102,113,79,18,23,281,1312,1.8,5.7,64.7,8,68,36,308,27,25,58,245,43.6,18.0,10.2,125,ABS 2021 Census Indigenous Profile,Indigenous Location (ILOC),2021
546,NGILIPITJI,NGULIPITJI,Family Outstation,EAST ARNHEM,GUMURR MIYARRKA,NORTHERN LAND COUNCIL,ARNHEM,EAST ARNHEM,,Not recorded,-13.54468,135.52562,https://bushtel.nt.gov.au/profile/546,Not listed,Not confirmed,,,,,,,,,,,,,77.4768970186386,4G/LTE,LTE700,2025,Telstra,885002,-13.78362,136.1992,,,Y,,,,,,,,,,,Y,REGIONAL CO-INVESTMENT: Small Cell Satellite,,203.41610350525173,4G/LTE + IoT,"NBIoT700, LTE700, LTE2600",2025,Optus,880003,-12.181375,136.776877,Y,,,Y,,,,,Y,,,,,,,,,,484.91605123492747,4G/LTE,"LTE850, LTE1800, LTE2100",2025,TPG,836004,-12.613261,131.151729,,,Y,Y,Y,,,,,,,,,77.4768970186386,Telstra,45,Milyakburra School,77.04239608935323,Combined,Government,Very Remote,School Single Entity,0,-13.7818,136.1956,50103,56564.0,16564.0,50103,Milyakburra School,77.04239608935323,Combined,Government,Very Remote,School Single Entity,0,-13.7818,136.1956,50103,56564.0,16564.0,50103,-0.4345009292853632,-0.4345009292853632,Yes,Yes,Yes,Yes,Review,70600705,Ramingining - Milingimbi Outstations,706007,Ramingining - Milingimbi and Outstations,706,Nhulunbuy,7,Northern Territory,11429.1805,Within polygon,Matched,85,80,169,3,31,36,53,40,11,30,247,1187,1.7,5.6,61.5,7,21,8,134,25,26,47,80,46.8,34.6,18.4,34,ABS 2021 Census Indigenous Profile,Indigenous Location (ILOC),2021
802,NGIPIN,"NGIJBIN,NGIJIPIN,SOUTH GOULBURN",Family Outstation,WEST ARNHEM,BARRAH,NORTHERN LAND COUNCIL,ARAFURA,TOP END,,Not recorded,-11.60003,133.45832,https://bushtel.nt.gov.au/profile/802,Not listed,Not confirmed,,,,,,,,,,,,,9.632295107688432,4G/LTE + IoT,"IoT700, LTE700, LTE2600",2025,Telstra,822006,-11.64806,133.38472,,Y,Y,,,,Y,,,,,,,,,,106.78132160715884,3G/UMTS + 4G/LTE,"UMTS900, LTE700",2025,Optus,822106,-12.42654,132.95842,,Y,,Y,,,,,,,,,,,,Y,Federal Mobile Black Spot Program (MBSP),5.0,272.38630401805693,4G/LTE,"LTE850, LTE1800, LTE2100",2025,TPG,836002,-12.55419,131.15106,,,Y,Y,Y,,,,,,,,,9.632295107688432,Telstra,507,Warruwi School,9.16513130039701,Combined,Government,Very Remote,School Single Entity,0,-11.64742,133.38947,50129,47966.0,7966.0,50129,Warruwi School,9.16513130039701,Combined,Government,Very Remote,School Single Entity,0,-11.64742,133.38947,50129,47966.0,7966.0,50129,-0.4671638072914224,-0.4671638072914224,Yes,Yes,No,No,,70400401,Cobourg Peninsula - Demed Homelands,704004,North-West Arnhem,704,Jabiru - Tiwi,7,Northern Territory,23675.7318,Within polygon,Matched,145,127,279,27,57,40,102,44,3,27,239,1218,2.4,5.6,70.3,4,34,22,190,45,3,48,138,8.3,24.7,22.7,84,ABS 2021 Census Indigenous Profile,Indigenous Location (ILOC),2021
126,NGKWARLERLANEM,"NGKWARLALANIMA,NGWALALANIMA",Family Outstation,BARKLY,ALYAWARR,CENTRAL LAND COUNCIL,BARKLY,BARKLY,,Not recorded,-21.72741,134.79113,https://bushtel.nt.gov.au/profile/126,Not listed,Not confirmed,,,,,,,,,,,,,39.9918458528421,4G/LTE + 5G/NR + IoT,"IoT700, LTE700, LTE850, NR850",2025,Telstra,872116,-22.086785,134.7758417,,Y,Y,Y,,,,,Y,,,,,,,,95.72628147445973,3G/UMTS,UMTS900,2025,Optus,872132,-21.53135,133.88937,,Y,,,,,,,,,,,,,,,,,499.7369939234402,4G/LTE,LTE850,2025,TPG,4825002,-20.73424,139.49366,,,Y,,,,,,,,,,,39.9918458528421,Telstra,189,Arlparra School,40.08881989282384,Combined,Government,Very Remote,School Single Entity,0,-22.087628,134.775047,40836,68613.0,28613.0,40836,Arlparra School,40.08881989282384,Combined,Government,Very Remote,School Single Entity,0,-22.087628,134.775047,40836,68613.0,28613.0,40836,0.0969740399817453,0.0969740399817453,No,No,No,No,,70901202,Illeuwurru - Inkawenyerre,709012,Urapuntja,709,Apatula,7,Northern Territory,1750.001,Within polygon,Matched,13,15,25,0,8,5,9,3,0,31,354,710,1.4,3.1,33.3,0,4,0,22,0,0,0,22,0.0,0.0,0.0,8,ABS 2021 Census Indigenous Profile,Indigenous Location (ILOC),2021
125,NGUMAN,"NEUMAN,NEUNMAN,NGUNMAN,NUGLUMAN",Family Outstation,MACDONNELL,LURITJA PINTUBI,CENTRAL LAND COUNCIL,GWOJA,CENTRAL AUSTRALIA,,Not recorded,-23.54158,129.75638,https://bushtel.nt.gov.au/profile/125,Not listed,Not confirmed,,,,,,,,,,,,,48.08364101195486,4G/LTE + IoT,"IoT700, LTE700",2025,Telstra,872046,-23.27311,129.386987,,Y,Y,,,,,,,,,,,Y,REGIONAL CO-INVESTMENT: NT ISCA,1.0,195.09763140746057,3G/UMTS + 4G/LTE,"UMTS900, LTE700",2025,Optus,872146,-24.251,131.5116,,Y,,Y,,,,,,,,,,,,Y,Federal Mobile Black Spot Program (MBSP),2.0,1050.0682160485906,4G/LTE,LTE850,2025,TPG,4825002,-20.73424,139.49366,,,Y,,,,,,,,,,,48.08364101195486,Telstra,142,Walungurru School,47.749492073362,Combined,Government,Very Remote,School Single Entity,0,-23.27712,129.38771,50128,56577.0,16577.0,50128,Yirara College - Kintore Campus,47.513029348624094,Secondary,Independent,Very Remote,School Sub-Campus,0,-23.278159,129.389765,40933,77481.0,14276.0,50156,-0.5706116633307659,-0.3341489385928611,Yes,Yes,No,No,,70901302,Walungurru Outstations,709013,Walungurru and Outstations,709,Apatula,7,Northern Territory,28754.6795,Within polygon,Matched,0,0,0,0,0,0,0,0,0,0,0,0,0.0,0.0,0.0,0,0,0,0,0,0,0,0,0.0,0.0,0.0,0,ABS 2021 Census Indigenous Profile,Indigenous Location (ILOC),2021
24900,NGUNGA,No aliases recorded with NTG DIPL,Family Outstation,MACDONNELL,LURITJA PINTUBI,CENTRAL LAND COUNCIL,GWOJA,CENTRAL AUSTRALIA,5.0,Homelands Service Provider Report 2023,-23.26484,131.2545,https://bushtel.nt.gov.au/profile/24900,Not listed,Not confirmed,,,,,,,,,,,,,2.6061898658016136,4G/LTE + IoT,"IoT700, LTE700",2025,Telstra,872082,-23.25451,131.2774,,Y,Y,,,,,,,,,,,Y,Federal Mobile Black Spot Program (MBSP),1.0,112.7345512989726,3G/UMTS + 4G/LTE,"UMTS900, LTE700",2025,Optus,872146,-24.251,131.5116,,Y,,Y,,,,,,,,,,,,Y,Federal Mobile Black Spot Program (MBSP),2.0,894.6448447220271,4G/LTE,LTE850,2025,TPG,4825002,-20.73424,139.49366,,,Y,,,,,,,,,,,2.6061898658016136,Telstra,601,Watiyawanu School,2.047280412785757,Combined,Government,Very Remote,School Single Entity,0,-23.266169,131.274489,50130,47906.0,7906.0,50130,Watiyawanu School,2.047280412785757,Combined,Government,Very Remote,School Single Entity,0,-23.266169,131.274489,50130,47906.0,7906.0,50130,-0.5589094530158567,-0.5589094530158567,Yes,Yes,No,No,,70900602,Mount Liebig and Outstations,709006,Haasts Bluff - Mount Liebig (Watiyawanu),709,Apatula,7,Northern Territory,699.4702,Within polygon,Matched,113,118,234,21,60,35,57,48,5,24,229,1359,2.0,6.2,60.0,4,44,13,152,30,3,32,113,6.3,20.8,19.5,81,ABS 2021 Census Indigenous Profile,Indigenous Location (ILOC),2021
915,NGUNTHAK,No aliases recorded with NTG DIPL,Family Outstation,WEST DALY,THAMARRURR/PINDI PINDI,NORTHERN LAND COUNCIL,DALY,TOP END,,Not recorded,-14.40445,129.36183,https://bushtel.nt.gov.au/profile/915,Not listed,Not confirmed,,,,,,,,,,,,,24.96871210685868,4G/LTE + 5G/NR + IoT,"IoT700, LTE700, LTE850, LTE2600, NR850, NR2600",2025,Telstra,822038,-14.24033,129.52,,Y,Y,Y,,,Y,,Y,,Y,,,,,,153.53829688535976,3G/UMTS + 4G/LTE,"UMTS900, LTE700",2025,Optus,852121,-15.762983,129.106028,,Y,,Y,,,,,,,,,,,,Y,Federal Mobile Black Spot Program (MBSP),5.0,268.5971584098657,4G/LTE + 5G/NR,"LTE850, LTE1800, LTE2100, NR700",2025,TPG,800002,-12.4651,130.8425,,,Y,Y,Y,Y,,,,,,,,24.96871210685868,Telstra,326,Our Lady of the Sacred Heart Thamarrurr Catholic College,24.99982702229309,Combined,Catholic,Remote,School Single Entity,0,-14.2404,129.5205,50144,53310.0,13310.0,50144,Our Lady of the Sacred Heart Thamarrurr Catholic College,24.99982702229309,Combined,Catholic,Remote,School Single Entity,0,-14.2404,129.5205,50144,53310.0,13310.0,50144,0.0311149154344114,0.0311149154344114,No,No,No,No,,70400501,Thamarrurr exc. Wadeye,704005,Thamarrurr inc. Wadeye,704,Jabiru - Tiwi,7,Northern Territory,3352.8699,Within polygon,Matched,96,89,188,14,38,56,57,23,5,21,233,860,1.9,4.9,35.3,4,25,11,140,21,30,53,85,60.8,37.2,14.6,52,ABS 2021 Census Indigenous Profile,Indigenous Location (ILOC),2021
907,NGURRARA,"FREWENA,WOLLALA",Family Outstation,BARKLY,KUWARRANGU,NORTHERN LAND COUNCIL,BARKLY,BARKLY,10.0,Homelands Service Provider Report 2023,-19.42135,135.40553,https://bushtel.nt.gov.au/profile/907,Not listed,Not confirmed,,,,,,,,,,,,,54.58171527291109,4G/LTE + IoT,"IoT700, LTE700",2025,Telstra,860001,-19.71028,135.82667,,Y,Y,,,,,,,,,,,,,,54.68902042779597,3G/UMTS,UMTS900,2025,Optus,862041,-19.71095,135.82742,,Y,,,,,,,,,,,,,,,,,451.2001082419899,4G/LTE,LTE850,2025,TPG,4825002,-20.73424,139.49366,,,Y,,,,,,,,,,,54.58171527291109,Telstra,108,Rockhampton Downs School,57.1301062763444,Combined,Government,Very Remote,School Single Entity,0,-18.947861,135.19435,50132,86706.0,16542.0,50132,Rockhampton Downs School,57.1301062763444,Combined,Government,Very Remote,School Single Entity,0,-18.947861,135.19435,50132,86706.0,16542.0,50132,2.5483910034333093,2.5483910034333093,No,No,Yes,Yes,Review,70700301,Barkly Tablelands - Outstations,707003,Barkly,707,Tennant Creek,7,Northern Territory,79907.8275,Within polygon,Matched,45,19,64,7,12,5,13,17,6,28,725,924,1.3,3.4,12.5,3,7,7,44,18,0,23,18,4.3,56.1,53.7,19,ABS 2021 Census Indigenous Profile,Indigenous Location (ILOC),2021
16217,NGURRUTIJI,No aliases recorded with NTG DIPL,Family Outstation,BARKLY,PATTA,CENTRAL LAND COUNCIL,BARKLY,BARKLY,,Not recorded,-20.1167,134.5167,https://bushtel.nt.gov.au/profile/16217,Not listed,Not confirmed,,,,,,,,,,,,,61.79160156630585,4G/LTE + 5G/NR + IoT,"IoT700, LTE700, LTE850, LTE2600, NR850, NR2600",2025,Telstra,860002,-19.63417,134.22361,,Y,Y,Y,,,Y,,Y,,Y,,,,,,55.2158719538403,3G/UMTS + 4G/LTE,"UMTS900, LTE700",2025,Optus,872187,-20.5558,134.2694,,Y,,Y,,,,,,,,,,,,Y,Federal Mobile Black Spot Program (MBSP),4.0,523.1216305930393,4G/LTE,LTE850,2025,TPG,4825002,-20.73424,139.49366,,,Y,,,,,,,,,,,55.2158719538403,Optus,104,Tennant Creek Primary School,62.16346566524107,Primary,Government,Very Remote,School Single Entity,0,-19.6501,134.18925,50046,56574.0,16574.0,50046,Tennant Creek High School,62.28233980442342,Secondary,Government,Very Remote,School Single Entity,0,-19.644142,134.196942,50007,47918.0,7918.0,50007,7.066467850583123,6.947593711400771,No,No,Yes,Yes,Review,70700304,Julalikari - Outstations,707003,Barkly,707,Tennant Creek,7,Northern Territory,107784.4629,Within polygon,Matched,67,66,137,15,28,18,41,25,8,27,369,1020,1.4,4.2,31.0,4,26,10,90,13,20,34,41,60.0,39.8,15.9,43,ABS 2021 Census Indigenous Profile,Indigenous Location (ILOC),2021
763,NGUTJUL,No aliases recorded with NTG DIPL,Family Outstation,MACDONNELL,LURITJA PINTUBI,CENTRAL LAND COUNCIL,GWOJA,CENTRAL AUSTRALIA,,Not recorded,-23.29677,129.46752,https://bushtel.nt.gov.au/profile/763,Not listed,Not confirmed,,,,,,,,,,,,,8.635993460447857,4G/LTE + IoT,"IoT700, LTE700",2025,Telstra,872046,-23.27311,129.386987,,Y,Y,,,,,,,,,,,Y,REGIONAL CO-INVESTMENT: NT ISCA,1.0,233.49934939307263,3G/UMTS + 4G/LTE,"UMTS900, LTE700",2025,Optus,872146,-24.251,131.5116,,Y,,Y,,,,,,,,,,,,Y,Federal Mobile Black Spot Program (MBSP),2.0,1071.8198271530828,4G/LTE,LTE850,2025,TPG,4825002,-20.73424,139.49366,,,Y,,,,,,,,,,,8.635993460447857,Telstra,519,Walungurru School,8.439291478677399,Combined,Government,Very Remote,School Single Entity,0,-23.27712,129.38771,50128,56577.0,16577.0,50128,Yirara College - Kintore Campus,8.20681510136305,Secondary,Independent,Very Remote,School Sub-Campus,0,-23.278159,129.389765,40933,77481.0,14276.0,50156,-0.4291783590848066,-0.1967019817704578,Yes,Yes,No,No,,70901302,Walungurru Outstations,709013,Walungurru and Outstations,709,Apatula,7,Northern Territory,28754.6795,Within polygon,Matched,0,0,0,0,0,0,0,0,0,0,0,0,0.0,0.0,0.0,0,0,0,0,0,0,0,0,0.0,0.0,0.0,0,ABS 2021 Census Indigenous Profile,Indigenous Location (ILOC),2021
839,NGUYARRAMINI,WAIRAMINNEE,Family Outstation,BARKLY,PATTA,CENTRAL LAND COUNCIL,BARKLY,BARKLY,25.0,Homelands Service Provider Report 2023,-20.08713,134.38577,https://bushtel.nt.gov.au/profile/839,Not listed,Not confirmed,,,,,,,,,,,,,52.69013745514062,4G/LTE + IoT,"IoT700, LTE700, LTE2100, LTE2600",2025,Telstra,860022,-19.64756,134.19761,,Y,Y,,,Y,Y,,,,,,,,,,53.50785103451624,3G/UMTS + 4G/LTE,"UMTS900, LTE700",2025,Optus,872187,-20.5558,134.2694,,Y,,Y,,,,,,,,,,,,Y,Federal Mobile Black Spot Program (MBSP),4.0,537.1292636770575,4G/LTE,LTE850,2025,TPG,4825002,-20.73424,139.49366,,,Y,,,,,,,,,,,52.69013745514062,Telstra,113,Tennant Creek Primary School,52.76252506513345,Primary,Government,Very Remote,School Single Entity,0,-19.6501,134.18925,50046,56574.0,16574.0,50046,Tennant Creek High School,53.06892768241224,Secondary,Government,Very Remote,School Single Entity,0,-19.644142,134.196942,50007,47918.0,7918.0,50007,0.3787902272716223,0.0723876099928304,No,No,Yes,Yes,Review,70700304,Julalikari - Outstations,707003,Barkly,707,Tennant Creek,7,Northern Territory,107784.4629,Within polygon,Matched,67,66,137,15,28,18,41,25,8,27,369,1020,1.4,4.2,31.0,4,26,10,90,13,20,34,41,60.0,39.8,15.9,43,ABS 2021 Census Indigenous Profile,Indigenous Location (ILOC),2021
547,NIKAWU,"HOWARD ISLAND,NIKAWUNGYURA",Family Outstation,EAST ARNHEM,GUMURR MARTHAKAL,NORTHERN LAND COUNCIL,MULKA,EAST ARNHEM,,Not recorded,-12.08962,135.54545,https://bushtel.nt.gov.au/profile/547,Not listed,Not confirmed,,,,,,,,,,,,,7.511755154681465,4G/LTE + 5G/NR + IoT,"IoT700, LTE700, LTE850, LTE2600, NR850, NR2600",2025,Telstra,822005,-12.02483,135.56501,,Y,Y,Y,,,Y,,Y,,Y,,,,,,134.25680785024716,4G/LTE + IoT,"NBIoT700, LTE700, LTE2600",2025,Optus,880003,-12.181375,136.776877,Y,,,Y,,,,,Y,,,,,,,,,,480.1584630726156,4G/LTE,"LTE850, LTE1800, LTE2100",2025,TPG,836002,-12.55419,131.15106,,,Y,Y,Y,,,,,,,,,7.511755154681465,Telstra,537,Shepherdson College,7.203056773768024,Combined,Government,Very Remote,School Single Entity,0,-12.02856,135.56757,50066,55931.0,15931.0,50066,Shepherdson College,7.203056773768024,Combined,Government,Very Remote,School Single Entity,0,-12.02856,135.56757,50066,55931.0,15931.0,50066,-0.3086983809134409,-0.3086983809134409,Yes,Yes,No,No,,70600402,Marthakal Homelands exc. Galiwinku,706004,Marthakal Homelands - Galiwinku,706,Nhulunbuy,7,Northern Territory,5177.5161,Within polygon,Matched,204,224,425,32,93,102,113,79,18,23,281,1312,1.8,5.7,64.7,8,68,36,308,27,25,58,245,43.6,18.0,10.2,125,ABS 2021 Census Indigenous Profile,Indigenous Location (ILOC),2021
814,NORTH ISLAND,"BARRANYI,WEBE POINT",Family Outstation,ROPER GULF,SOUTH WEST GULF,NORTHERN LAND COUNCIL,BARKLY,BIG RIVERS,,Not recorded,-15.56294,136.84527,https://bushtel.nt.gov.au/profile/814,Not listed,Not confirmed,,,,,,,,,,,,,79.39946617171549,4G/LTE + IoT,"IoT700, LTE700, LTE1800, LTE2100, LTE2600",2025,Telstra,854001,-16.05361,136.30611,,Y,Y,,Y,Y,Y,,,,,,,,,,172.63917263987236,3G/UMTS,UMTS900,2025,Optus,852089,-16.6834,135.7265,,Y,,,,,,,,,,,,,,Y,Federal Mobile Black Spot Program (MBSP),2.0,639.4443450917266,4G/LTE,LTE850,2025,TPG,4825002,-20.73424,139.49366,,,Y,,,,,,,,,,,79.39946617171549,Telstra,39,Borroloola School,79.72116704472704,Combined,Government,Very Remote,School Single Entity,0,-16.0582,136.30649,50056,47921.0,7921.0,50056,Borroloola School,79.72116704472704,Combined,Government,Very Remote,School Single Entity,0,-16.0582,136.30649,50056,47921.0,7921.0,50056,0.3217008730115509,0.3217008730115509,No,No,Yes,Yes,Review,70500401,Mabunji - Mungoorbada Outstations,705004,Gulf,705,Katherine,7,Northern Territory,55041.1368,Within polygon,Matched,62,43,104,7,17,23,30,21,8,30,407,916,1.9,3.6,48.1,4,12,3,79,23,9,28,52,22.2,34.6,26.9,24,ABS 2021 Census Indigenous Profile,Indigenous Location (ILOC),2021
770,NTAKARRA,No aliases recorded with NTG DIPL,Family Outstation,MACDONNELL,LJIRAPINTA,CENTRAL LAND COUNCIL,GWOJA,CENTRAL AUSTRALIA,4.0,Homelands Service Provider Report 2023,-23.89501,132.68001,https://bushtel.nt.gov.au/profile/770,Yes,Confirmed,Primary name,NTAKARRA,0.0015066522521485,NTAKARRA,COMMUNITY,5.0,,,YES,TELSTRA,-23.895,132.68,11.14741327390648,4G/LTE + IoT,"IoT700, LTE700, LTE2600",2025,Telstra,872034,-23.94213,132.77681,,Y,Y,,,,Y,,,,,,,,,,18.93397757861401,3G/UMTS + 4G/LTE,"UMTS900, LTE700",2025,Optus,872189,-24.056241,132.739943,,Y,,Y,,,,,,,,,,,,Y,Federal Mobile Black Spot Program (MBSP),4.0,783.9160301395013,4G/LTE,LTE850,2025,TPG,4825002,-20.73424,139.49366,,,Y,,,,,,,,,,,11.14741327390648,Telstra,482,Ntaria School,11.105230486966994,Combined,Government,Very Remote,School Single Entity,0,-23.94262,132.776051,50111,56572.0,16572.0,50111,Ntaria School,11.105230486966994,Combined,Government,Very Remote,School Single Entity,0,-23.94262,132.776051,50111,56572.0,16572.0,50111,-0.0421827869394864,-0.0421827869394864,Yes,Yes,No,No,,70901403,Tjuwanpa Outstations,709014,West MacDonnell Ranges,709,Apatula,7,Northern Territory,15970.5215,Within polygon,Matched,90,98,188,21,38,31,60,36,8,27,352,1166,1.5,4.3,51.2,0,21,12,134,28,19,47,85,43.5,34.6,19.5,59,ABS 2021 Census Indigenous Profile,Indigenous Location (ILOC),2021
251,NUDJABARRA,"NAJABARRA,NICHOLSON RIVER,NUDGABURRA,NUDGEBURRA",Family Outstation,BARKLY,KUWARRANGU,NORTHERN LAND COUNCIL,BARKLY,BARKLY,,Not recorded,-17.97998,137.96944,https://bushtel.nt.gov.au/profile/251,Not listed,Not confirmed,,,,,,,,,,,,,71.40833071430252,4G/LTE + IoT,"IoT700, LTE700",2025,Telstra,4830022,-17.454325,138.35672,,Y,Y,,,,,,,,,,,Y,REGIONAL CO-INVESTMENT: Small Cell Satellite,,98.79600032337471,3G/UMTS,UMTS900,2025,Optus,4825035,-18.69084,138.53096,,Y,,,,,,,,,,,,,,Y,Federal Mobile Black Spot Program (MBSP),2.0,345.4822049126293,4G/LTE,LTE850,2025,TPG,4825002,-20.73424,139.49366,,,Y,,,,,,,,,,,71.40833071430252,Telstra,56,Robinson River School,171.50646737468188,Combined,Government,Very Remote,School Single Entity,0,-16.7597,136.981,50118,56541.0,16541.0,50118,Robinson River School,171.50646737468188,Combined,Government,Very Remote,School Single Entity,0,-16.7597,136.981,50118,56541.0,16541.0,50118,100.09813666037935,100.09813666037935,No,No,Yes,Yes,Review,70700301,Barkly Tablelands - Outstations,707003,Barkly,707,Tennant Creek,7,Northern Territory,79907.8275,Within polygon,Matched,45,19,64,7,12,5,13,17,6,28,725,924,1.3,3.4,12.5,3,7,7,44,18,0,23,18,4.3,56.1,53.7,19,ABS 2021 Census Indigenous Profile,Indigenous Location (ILOC),2021
632,NULAWAN,"NALAWAN,NALLAWAN,NALLAWUN,NALLOWA",Family Outstation,ROPER GULF,YUGUL MANGI,NORTHERN LAND COUNCIL,ARNHEM,BIG RIVERS,4.0,Homelands Service Provider Report 2023,-14.78729,134.93128,https://bushtel.nt.gov.au/profile/632,Not listed,Not confirmed,,,,,,,,,,,,,22.16274670870326,4G/LTE + IoT,"IoT700, LTE700, LTE2600",2025,Telstra,852002,-14.73361,134.73278,,Y,Y,,,,Y,,,,,,,,,,184.8024445180712,3G/UMTS + 4G/LTE,"UMTS900, LTE700",2025,Optus,852113,-14.9541,133.2204,,Y,,Y,,,,,,,,,,,,Y,Federal Mobile Black Spot Program (MBSP),5.0,474.4775834552092,4G/LTE,"LTE850, LTE1800, LTE2100",2025,TPG,836004,-12.613261,131.151729,,,Y,Y,Y,,,,,,,,,22.16274670870326,Telstra,349,Ngukurr School,22.30010825616662,Combined,Government,Very Remote,School Single Entity,0,-14.7285,134.733,50063,47959.0,7959.0,50063,Ngukurr School,22.30010825616662,Combined,Government,Very Remote,School Single Entity,0,-14.7285,134.733,50063,47959.0,7959.0,50063,0.1373615474633602,0.1373615474633602,No,No,No,No,,70500405,Yugul Mangi Outstations,705004,Gulf,705,Katherine,7,Northern Territory,32782.3489,Within polygon,Matched,12,17,24,0,0,3,11,9,0,38,177,687,1.9,4.5,66.7,0,0,0,24,0,4,3,17,40.0,20.0,12.0,0,ABS 2021 Census Indigenous Profile,Indigenous Location (ILOC),2021
635,NUMMERLOORI,"NAMALIWIRRI,NAMALURI",Family Outstation,ROPER GULF,YUGUL MANGI,NORTHERN LAND COUNCIL,ARNHEM,BIG RIVERS,,Not recorded,-14.59159,134.97727,https://bushtel.nt.gov.au/profile/635,Not listed,Not confirmed,,,,,,,,,,,,,30.677554297149733,4G/LTE + IoT,"IoT700, LTE700, LTE2600",2025,Telstra,852002,-14.73361,134.73278,,Y,Y,,,,Y,,,,,,,,,,193.1498349079129,3G/UMTS + 4G/LTE,"UMTS900, LTE700",2025,Optus,852113,-14.9541,133.2204,,Y,,Y,,,,,,,,,,,,Y,Federal Mobile Black Spot Program (MBSP),5.0,468.3040508547044,4G/LTE,"LTE850, LTE1800, LTE2100",2025,TPG,836004,-12.613261,131.151729,,,Y,Y,Y,,,,,,,,,30.677554297149733,Telstra,268,Ngukurr School,30.3687480894686,Combined,Government,Very Remote,School Single Entity,0,-14.7285,134.733,50063,47959.0,7959.0,50063,Ngukurr School,30.3687480894686,Combined,Government,Very Remote,School Single Entity,0,-14.7285,134.733,50063,47959.0,7959.0,50063,-0.3088062076811368,-0.3088062076811368,Yes,Yes,No,No,,70500405,Yugul Mangi Outstations,705004,Gulf,705,Katherine,7,Northern Territory,32782.3489,Within polygon,Matched,12,17,24,0,0,3,11,9,0,38,177,687,1.9,4.5,66.7,0,0,0,24,0,4,3,17,40.0,20.0,12.0,0,ABS 2021 Census Indigenous Profile,Indigenous Location (ILOC),2021
253,NURADIDGEE,"NGURADIDGEE,NGURAMINYI,NGUYARRMINI,NURADIGEE",Family Outstation,BARKLY,PATTA,CENTRAL LAND COUNCIL,BARKLY,BARKLY,,Not recorded,-20.11437,134.50849,https://bushtel.nt.gov.au/profile/253,Not listed,Not confirmed,,,,,,,,,,,,,61.14402069361377,4G/LTE + 5G/NR + IoT,"IoT700, LTE700, LTE850, LTE2600, NR850, NR2600",2025,Telstra,860002,-19.63417,134.22361,,Y,Y,Y,,,Y,,Y,,Y,,,,,,55.05232443643799,3G/UMTS + 4G/LTE,"UMTS900, LTE700",2025,Optus,872187,-20.5558,134.2694,,Y,,Y,,,,,,,,,,,,Y,Federal Mobile Black Spot Program (MBSP),4.0,524.0075419359937,4G/LTE,LTE850,2025,TPG,4825002,-20.73424,139.49366,,,Y,,,,,,,,,,,55.05232443643799,Optus,105,Tennant Creek Primary School,61.47717644853011,Primary,Government,Very Remote,School Single Entity,0,-19.6501,134.18925,50046,56574.0,16574.0,50046,Tennant Creek High School,61.60577420668353,Secondary,Government,Very Remote,School Single Entity,0,-19.644142,134.196942,50007,47918.0,7918.0,50007,6.553449770245535,6.424852012092117,No,No,Yes,Yes,Review,70700304,Julalikari - Outstations,707003,Barkly,707,Tennant Creek,7,Northern Territory,107784.4629,Within polygon,Matched,67,66,137,15,28,18,41,25,8,27,369,1020,1.4,4.2,31.0,4,26,10,90,13,20,34,41,60.0,39.8,15.9,43,ABS 2021 Census Indigenous Profile,Indigenous Location (ILOC),2021
789,OAK VALLEY,ROBERT ROSS CAMP,Family Outstation,MACDONNELL,RODINGA,CENTRAL LAND COUNCIL,NAMATJIRA,CENTRAL AUSTRALIA,4.0,Homelands Service Provider Report 2023,-24.38498,133.93218,https://bushtel.nt.gov.au/profile/789,Not listed,Not confirmed,,,,,,,,,,,,,35.64068890457041,4G/LTE + IoT,"IoT700, LTE700",2025,Telstra,872032,-24.6772,134.07694,,Y,Y,,,,,,,,,,,,,,31.062955949635622,3G/UMTS + 4G/LTE,"UMTS900, LTE700",2025,Optus,872192,-24.321417,133.633583,,Y,,Y,,,,,,,,,,,,Y,Federal Mobile Black Spot Program (MBSP),4.0,700.5200198303077,4G/LTE,LTE850,2025,TPG,4825002,-20.73424,139.49366,,,Y,,,,,,,,,,,31.062955949635622,Optus,261,Titjikala School,35.00757427202982,Combined,Government,Remote,School Single Entity,0,-24.67244,134.07331,50123,56575.0,16575.0,50123,Titjikala School,35.00757427202982,Combined,Government,Remote,School Single Entity,0,-24.67244,134.07331,50123,56575.0,16575.0,50123,3.944618322394199,3.944618322394199,No,No,No,No,,70900103,South MacDonnell Ranges,709001,Amoonguna - Santa Teresa - Titjikala,709,Apatula,7,Northern Territory,31517.5382,Within polygon,Matched,651,171,821,14,29,137,420,188,34,35,360,645,1.0,2.5,10.9,6,16,14,773,55,7,64,688,12.3,8.4,7.4,43,ABS 2021 Census Indigenous Profile,Indigenous Location (ILOC),2021
914,OLD MISSION,WUNDAKUNNY,Family Outstation,WEST DALY,THAMARRURR/PINDI PINDI,NORTHERN LAND COUNCIL,DALY,TOP END,20.0,Homelands Service Provider Report 2023,-14.12918,129.49807,https://bushtel.nt.gov.au/profile/914,Not listed,Not confirmed,,,,,,,,,,,,,12.583416231475226,4G/LTE + 5G/NR + IoT,"IoT700, LTE700, LTE850, LTE2600, NR850, NR2600",2025,Telstra,822038,-14.24033,129.52,,Y,Y,Y,,,Y,,Y,,Y,,,,,,166.7005758460591,3G/UMTS + 4G/LTE,"UMTS900, LTE700",2025,Optus,822091,-13.164608,130.679087,,Y,,Y,,,,,,,,,,,,Y,Federal Mobile Black Spot Program (MBSP),2.0,235.3790611707131,4G/LTE + 5G/NR,"LTE850, LTE1800, LTE2100, NR700",2025,TPG,800002,-12.4651,130.8425,,,Y,Y,Y,Y,,,,,,,,12.583416231475226,Telstra,460,Our Lady of the Sacred Heart Thamarrurr Catholic College,12.601293486841175,Combined,Catholic,Remote,School Single Entity,0,-14.2404,129.5205,50144,53310.0,13310.0,50144,Our Lady of the Sacred Heart Thamarrurr Catholic College,12.601293486841175,Combined,Catholic,Remote,School Single Entity,0,-14.2404,129.5205,50144,53310.0,13310.0,50144,0.0178772553659491,0.0178772553659491,No,No,No,No,,70400501,Thamarrurr exc. Wadeye,704005,Thamarrurr inc. Wadeye,704,Jabiru - Tiwi,7,Northern Territory,3352.8699,Within polygon,Matched,96,89,188,14,38,56,57,23,5,21,233,860,1.9,4.9,35.3,4,25,11,140,21,30,53,85,60.8,37.2,14.6,52,ABS 2021 Census Indigenous Profile,Indigenous Location (ILOC),2021
100,OLD STATION,"MBAKUPUTA,MPAKAPUTA,PMAKAPUTA",Family Outstation,MACDONNELL,LJIRAPINTA,CENTRAL LAND COUNCIL,GWOJA,CENTRAL AUSTRALIA,2.0,Homelands Service Provider Report 2023,-24.01911,132.86345,https://bushtel.nt.gov.au/profile/100,Not listed,Not confirmed,,,,,,,,,,,,,12.27810253460111,4G/LTE + IoT,"IoT700, LTE700, LTE2600",2025,Telstra,872034,-23.94213,132.77681,,Y,Y,,,,Y,,,,,,,,,,13.204476787010291,3G/UMTS + 4G/LTE,"UMTS900, LTE700",2025,Optus,872189,-24.056241,132.739943,,Y,,Y,,,,,,,,,,,,Y,Federal Mobile Black Spot Program (MBSP),4.0,773.2452450204364,4G/LTE,LTE850,2025,TPG,4825002,-20.73424,139.49366,,,Y,,,,,,,,,,,12.27810253460111,Telstra,465,Ntaria School,12.29573848400185,Combined,Government,Very Remote,School Single Entity,0,-23.94262,132.776051,50111,56572.0,16572.0,50111,Ntaria School,12.29573848400185,Combined,Government,Very Remote,School Single Entity,0,-23.94262,132.776051,50111,56572.0,16572.0,50111,0.0176359494007396,0.0176359494007396,No,No,No,No,,70901403,Tjuwanpa Outstations,709014,West MacDonnell Ranges,709,Apatula,7,Northern Territory,15970.5215,Within polygon,Matched,90,98,188,21,38,31,60,36,8,27,352,1166,1.5,4.3,51.2,0,21,12,134,28,19,47,85,43.5,34.6,19.5,59,ABS 2021 Census Indigenous Profile,Indigenous Location (ILOC),2021
878,OONDALOO,No aliases recorded with NTG DIPL,Family Outstation,MACDONNELL,IYARRKA,CENTRAL LAND COUNCIL,GWOJA,CENTRAL AUSTRALIA,,Not recorded,-24.88715,129.06454,https://bushtel.nt.gov.au/profile/878,Not listed,Not confirmed,,,,,,,,,,,,,2.2506012835596185,4G/LTE + IoT,"IoT700, LTE700",2025,Telstra,872125,-24.87253,129.079969,,Y,Y,,,,,,,,,,,,,,195.5244116041568,4G/LTE + 5G/NR + IoT,"NBIoT700, LTE700, LTE900, LTE2100, LTE2600, NR700, NR900, NR2100",2025,Optus,872155,-25.191336,130.976089,Y,,,Y,Y,,Y,,Y,Y,Y,Y,,,,,,,989.3559788511868,4G/LTE,"LTE850, LTE1800",2025,TPG,6430002,-30.7382,121.47878,,,Y,Y,,,,,,,,,,2.2506012835596185,Telstra,607,Nyangatjatjara College - Kaltukatjara Campus (Docker River) Primary Campus,2.3889137910092897,Primary,Independent,Very Remote,School Sub-Campus,0,-24.8729892831282,129.082349495758,40902,77301.0,14570.0,50160,Nyangatjatjara College - Kaltukatjara Campus (Docker River) Secondary Campus,1.328610003388733,Secondary,Independent,Very Remote,School Sub-Campus,0,-24.8812918779094,129.076019609991,53390,89017.0,14570.0,50160,-0.9219912801708856,0.1383125074496711,No,Yes,No,No,,70900802,Kaltukatjara Outstations,709008,Kaltukatjara and Outstations,709,Apatula,7,Northern Territory,87474.9608,Within polygon,Matched,28,34,60,8,7,8,17,16,3,29,295,966,1.7,3.7,40.0,0,5,6,46,14,5,12,35,14.3,29.8,25.5,15,ABS 2021 Census Indigenous Profile,Indigenous Location (ILOC),2021
975,PAKULKI,No aliases recorded with NTG DIPL,Family Outstation,BARKLY,PATTA,CENTRAL LAND COUNCIL,BARKLY,BARKLY,6.0,Homelands Service Provider Report 2023,-19.50438,134.41846,https://bushtel.nt.gov.au/profile/975,Not listed,Not confirmed,,,,,,,,,,,,,25.000975564460937,4G/LTE + 5G/NR + IoT,"IoT700, LTE700, LTE850, LTE2600, NR850, NR2600",2025,Telstra,860002,-19.63417,134.22361,,Y,Y,Y,,,Y,,Y,,Y,,,,,,23.28356747011924,3G/UMTS,UMTS900,2025,Optus,852095,-19.4368,134.20825,,Y,,,,,,,,,,,,,,,,,547.2288674812187,4G/LTE,LTE850,2025,TPG,4825002,-20.73424,139.49366,,,Y,,,,,,,,,,,23.28356747011924,Optus,341,Tennant Creek Primary School,28.96899438101198,Primary,Government,Very Remote,School Single Entity,0,-19.6501,134.18925,50046,56574.0,16574.0,50046,Tennant Creek High School,27.930948654027,Secondary,Government,Very Remote,School Single Entity,0,-19.644142,134.196942,50007,47918.0,7918.0,50007,4.647381183907758,5.68542691089274,No,No,No,No,,70700304,Julalikari - Outstations,707003,Barkly,707,Tennant Creek,7,Northern Territory,107784.4629,Within polygon,Matched,67,66,137,15,28,18,41,25,8,27,369,1020,1.4,4.2,31.0,4,26,10,90,13,20,34,41,60.0,39.8,15.9,43,ABS 2021 Census Indigenous Profile,Indigenous Location (ILOC),2021
773,PALM PADDOCK,"INTIYA MANGAMA,INTIYAMANGAMA,INTYAMANGAMA,PALM VALLEY",Family Outstation,MACDONNELL,LJIRAPINTA,CENTRAL LAND COUNCIL,GWOJA,CENTRAL AUSTRALIA,4.0,Homelands Service Provider Report 2023,-24.08534,132.68126,https://bushtel.nt.gov.au/profile/773,Not listed,Not confirmed,,,,,,,,,,,,,18.64860745273856,4G/LTE + IoT,"IoT700, LTE700, LTE2600",2025,Telstra,872034,-23.94213,132.77681,,Y,Y,,,,Y,,,,,,,,,,6.779776748897225,3G/UMTS + 4G/LTE,"UMTS900, LTE700",2025,Optus,872189,-24.056241,132.739943,,Y,,Y,,,,,,,,,,,,Y,Federal Mobile Black Spot Program (MBSP),4.0,793.0786648741341,4G/LTE,LTE850,2025,TPG,4825002,-20.73424,139.49366,,,Y,,,,,,,,,,,6.779776748897225,Optus,546,Ntaria School,18.56198962680348,Combined,Government,Very Remote,School Single Entity,0,-23.94262,132.776051,50111,56572.0,16572.0,50111,Ntaria School,18.56198962680348,Combined,Government,Very Remote,School Single Entity,0,-23.94262,132.776051,50111,56572.0,16572.0,50111,11.782212877906248,11.782212877906248,No,No,No,No,,70901403,Tjuwanpa Outstations,709014,West MacDonnell Ranges,709,Apatula,7,Northern Territory,15970.5215,Within polygon,Matched,90,98,188,21,38,31,60,36,8,27,352,1166,1.5,4.3,51.2,0,21,12,134,28,19,47,85,43.5,34.6,19.5,59,ABS 2021 Census Indigenous Profile,Indigenous Location (ILOC),2021
369,PANDAYAL,"MCCALLUM CREEK,MCCULLUM,TWIN HILL,TWO SISTERS HILLS",Family Outstation,UN-INCORPORATED (COX-DALY),Not recorded,NORTHERN LAND COUNCIL,DALY,TOP END,8.0,Homelands Service Provider Report 2023,-13.07478,130.55589,https://bushtel.nt.gov.au/profile/369,Not listed,Not confirmed,,,,,,,,,,,,,29.3500515663162,4G/LTE + IoT,"IoT700, LTE700",2025,Telstra,822092,-12.81834,130.62004,,Y,Y,,,,,,,,,,,Y,Federal Mobile Black Spot Program (MBSP),2.0,16.06141442168561,4G/LTE + IoT,"NBIoT700, LTE700, LTE900",2025,Optus,822093,-13.12293,130.69571,Y,,,Y,Y,,,,,,,,,,,Y,Federal Mobile Black Spot Program (MBSP),2.0,74.57872675003297,4G/LTE + 5G/NR,"LTE850, LTE1800, LTE2100, NR700",2025,TPG,800002,-12.4651,130.8425,,,Y,Y,Y,Y,,,,,,,,16.06141442168561,Optus,410,Woolaning School,11.00233694188984,Combined,Government,Remote,School Single Entity,0,-13.098819,130.654431,40342,56578.0,16578.0,40342,Woolaning School,11.00233694188984,Combined,Government,Remote,School Single Entity,0,-13.098819,130.654431,40342,56578.0,16578.0,40342,-5.059077479795768,-5.059077479795768,Yes,Yes,No,No,,70300404,Cox - Finniss,703004,Cox - Finniss - Coomalie,703,Darwin,7,Northern Territory,6274.7088,Within polygon,Matched,59,72,132,3,21,10,26,48,27,48,414,974,1.0,2.6,13.6,0,9,11,108,33,10,43,64,23.3,40.6,31.1,24,ABS 2021 Census Indigenous Profile,Indigenous Location (ILOC),2021
997,PANTHARRPILENHE,"AMBALINDUM,PANEL WELL",Family Outstation,CENTRAL DESERT,AKITYARRE,CENTRAL LAND COUNCIL,NAMATJIRA,CENTRAL AUSTRALIA,4.0,Homelands Service Provider Report 2023,-23.37058,134.78921,https://bushtel.nt.gov.au/profile/997,Not listed,Not confirmed,,,,,,,,,,,,,46.53718439478845,4G/LTE + IoT,"IoT700, LTE700",2025,Telstra,872152,-22.97496,134.93773,,Y,Y,,,,,,,,,,,Y,REGIONAL CO-INVESTMENT: NT ISCA,1.0,14.102625862956632,3G/UMTS + 4G/LTE,"UMTS900, LTE700",2025,Optus,872188,-23.45604,134.68709,,Y,,Y,,,,,,,,,,,,Y,Federal Mobile Black Spot Program (MBSP),4.0,566.5035666818508,4G/LTE,LTE850,2025,TPG,4825002,-20.73424,139.49366,,,Y,,,,,,,,,,,14.102625862956632,Optus,438,Harts Range School,45.38716854961582,Combined,Government,Very Remote,School Single Entity,0,-22.9844,134.933,50093,56551.0,16551.0,50093,Harts Range School,45.38716854961582,Combined,Government,Very Remote,School Single Entity,0,-22.9844,134.933,50093,56551.0,16551.0,50093,31.28454268665919,31.28454268665919,No,No,No,No,,70900502,Atitjere - Akarnenehe Outstations,709005,Atitjere - Akarnenehe - Engawala,709,Apatula,7,Northern Territory,67455.8399,Within polygon,Matched,68,60,126,10,26,26,32,21,4,24,277,762,1.3,3.8,29.6,0,23,5,89,14,10,22,63,37.5,26.4,16.5,36,ABS 2021 Census Indigenous Profile,Indigenous Location (ILOC),2021
854,PANTYINTEME,CAVE HOLE,Family Outstation,MACDONNELL,LJIRAPINTA,CENTRAL LAND COUNCIL,GWOJA,CENTRAL AUSTRALIA,12.0,Homelands Service Provider Report 2023,-24.45011,133.11207,https://bushtel.nt.gov.au/profile/854,Not listed,Not confirmed,,,,,,,,,,,,,36.29420185725955,4G/LTE + 5G/NR + IoT,"IoT700, LTE700, LTE850, NR850",2025,Telstra,872102,-24.12447,133.087629,,Y,Y,Y,,,,,Y,,,,,Y,Federal Mobile Black Spot Program (MBSP),1.0,37.17879577404866,3G/UMTS,UMTS900,2025,Optus,872145,-24.34009,133.45876,,Y,,,,,,,,,,,,,,Y,Federal Mobile Black Spot Program (MBSP),2.0,774.3696701243697,4G/LTE,LTE850,2025,TPG,4825002,-20.73424,139.49366,,,Y,,,,,,,,,,,36.29420185725955,Telstra,217,Wallace Rockhole School,36.44128953460064,Combined,Government,Very Remote,School Single Entity,0,-24.1233,133.085237,50127,56576.0,16576.0,50127,Wallace Rockhole School,36.44128953460064,Combined,Government,Very Remote,School Single Entity,0,-24.1233,133.085237,50127,56576.0,16576.0,50127,0.1470876773410836,0.1470876773410836,No,No,No,No,,70900802,Kaltukatjara Outstations,709008,Kaltukatjara and Outstations,709,Apatula,7,Northern Territory,87474.9608,Within polygon,Matched,28,34,60,8,7,8,17,16,3,29,295,966,1.7,3.7,40.0,0,5,6,46,14,5,12,35,14.3,29.8,25.5,15,ABS 2021 Census Indigenous Profile,Indigenous Location (ILOC),2021
405,PAPANGALA,"MULCHILL,PERREDERR",Family Outstation,WEST DALY,THAMARRURR/PINDI PINDI,NORTHERN LAND COUNCIL,DALY,TOP END,12.0,Homelands Service Provider Report 2023,-14.30762,130.02548,https://bushtel.nt.gov.au/profile/405,Not listed,Not confirmed,,,,,,,,,,,,,16.188908794767887,4G/LTE + IoT,"IoT700, LTE700",2025,Telstra,822043,-14.351052,129.882057,,Y,Y,,,,,,,,,,,,,,145.3883948790808,3G/UMTS + 4G/LTE,"UMTS900, LTE700",2025,Optus,822091,-13.164608,130.679087,,Y,,Y,,,,,,,,,,,,Y,Federal Mobile Black Spot Program (MBSP),2.0,223.1272279738801,4G/LTE + 5G/NR,"LTE850, LTE1800, LTE2100, NR700",2025,TPG,800002,-12.4651,130.8425,,,Y,Y,Y,Y,,,,,,,,16.188908794767887,Telstra,407,Nganmarriyanga School,16.25373431823829,Combined,Government,Very Remote,School Single Entity,0,-14.3528,129.882,50110,56571.0,16571.0,50110,Nganmarriyanga School,16.25373431823829,Combined,Government,Very Remote,School Single Entity,0,-14.3528,129.882,50110,56571.0,16571.0,50110,0.0648255234704038,0.0648255234704038,No,No,No,No,,70400101,Douglas-Daly,704001,Douglas-Daly,704,Jabiru - Tiwi,7,Northern Territory,34368.2996,Within polygon,Matched,87,77,169,14,32,24,65,18,15,30,340,919,1.6,3.3,25.0,0,24,3,119,32,4,34,78,9.4,27.1,24.6,46,ABS 2021 Census Indigenous Profile,Indigenous Location (ILOC),2021
281,PARADISE FARM,"ALDERSON,ALDERSON STATION,JIM JIM PARK HQ,JIM JIM RANGER STATION",Family Outstation,WEST ARNHEM,KAKADU,NORTHERN LAND COUNCIL,ARAFURA,TOP END,12.0,Homelands Service Provider Report 2023,-12.9391,132.53271,https://bushtel.nt.gov.au/profile/281,Yes,Confirmed,Primary name,PARADISE FARM,0.0333369123082857,PARADISE FARM,COMMUNITY,10.0,,,YES,TELSTRA,-12.939,132.533,3.8406773778264633,4G/LTE + 5G/NR + IoT,"IoT700, LTE700, LTE850, NR850",2025,Telstra,886002,-12.90601,132.52255,,Y,Y,Y,,,,,Y,,,,,,,,44.37721393131899,4G/LTE + IoT,"NBIoT700, LTE700, LTE2600",2025,Optus,886001,-12.669492,132.834471,Y,,,Y,,,,,Y,,,,,,,,,,154.0765794464133,4G/LTE,"LTE850, LTE1800, LTE2100",2025,TPG,836004,-12.613261,131.151729,,,Y,Y,Y,,,,,,,,,3.8406773778264633,Telstra,583,Jabiru Area School,43.97859640150524,Combined,Government,Remote,School Single Entity,0,-12.67577,132.83534,50053,47971.0,7971.0,50053,Jabiru Area School,43.97859640150524,Combined,Government,Remote,School Single Entity,0,-12.67577,132.83534,50053,47971.0,7971.0,50053,40.13791902367877,40.13791902367877,No,No,No,No,,70400202,Kakadu - Marrakai - Surrounds,704002,Kakadu - Marrakai - Jabiru,704,Jabiru - Tiwi,7,Northern Territory,25261.6924,Within polygon,Matched,104,101,206,14,30,35,53,66,11,33,496,1649,1.3,3.2,17.8,3,24,10,165,82,13,94,62,14.0,56.4,48.5,44,ABS 2021 Census Indigenous Profile,Indigenous Location (ILOC),2021
638,PARNTA,WINNECKE,Family Outstation,CENTRAL DESERT,NORTHERN TANAMI,CENTRAL LAND COUNCIL,GWOJA,BIG RIVERS,,Not recorded,-18.68438,130.65104,https://bushtel.nt.gov.au/profile/638,Not listed,Not confirmed,,,,,,,,,,,,,39.2910390128132,4G/LTE + 5G/NR + IoT,"IoT700, LTE700, LTE850, LTE2600, NR850, NR2600",2025,Telstra,852001,-18.33139,130.63417,,Y,Y,Y,,,Y,,Y,,Y,,,,,,244.3451101122309,3G/UMTS + 4G/LTE,"UMTS900, LTE700",2025,Optus,852107,-16.486946,130.643636,,Y,,Y,,,,,,,,,,,,Y,Federal Mobile Black Spot Program (MBSP),2.0,677.2014673542744,4G/LTE,"LTE850, LTE1800, LTE2100",2025,TPG,836004,-12.613261,131.151729,,,Y,Y,Y,,,,,,,,,39.2910390128132,Telstra,195,Lajamanu School,38.857633520490886,Combined,Government,Very Remote,School Single Entity,0,-18.3353,130.633981,50060,44761.0,4761.0,50060,Lajamanu School,38.857633520490886,Combined,Government,Very Remote,School Single Entity,0,-18.3353,130.633981,50060,44761.0,4761.0,50060,-0.4334054923223149,-0.4334054923223149,Yes,Yes,No,No,,70901002,Tanami Outstations,709010,Nyirripi and Tanami Outstations,709,Apatula,7,Northern Territory,142011.3404,Within polygon,Matched,13,16,30,0,0,3,15,5,3,41,1312,2250,1.4,5.0,50.0,0,0,0,30,20,0,20,3,0.0,70.4,70.4,0,ABS 2021 Census Indigenous Profile,Indigenous Location (ILOC),2021
40,PARRULYU,"MT DAVIDSON,YARRIPIRRI",Family Outstation,CENTRAL DESERT,NORTHERN TANAMI,CENTRAL LAND COUNCIL,GWOJA,CENTRAL AUSTRALIA,,Not recorded,-20.45276,130.90912,https://bushtel.nt.gov.au/profile/40,Not listed,Not confirmed,,,,,,,,,,,,,60.956465798040746,4G/LTE + IoT,"IoT700, LTE700, LTE850, LTE2100, LTE2600",2025,Telstra,872122,-20.55027,130.33319,,Y,Y,Y,,Y,Y,,,,,,,,,,319.985690912538,3G/UMTS + 4G/LTE,"UMTS900, LTE700",2025,Optus,872135,-22.13295,133.4167,,Y,,Y,,,,,,,,,,,,,,,872.096503827758,4G/LTE,"LTE850, LTE1800, LTE2100",2025,TPG,836004,-12.613261,131.151729,,,Y,Y,Y,,,,,,,,,60.956465798040746,Telstra,80,Willowra School,198.0241785585475,Combined,Government,Very Remote,School Single Entity,0,-21.244506,132.616106,50131,47899.0,7899.0,50131,Willowra School,198.0241785585475,Combined,Government,Very Remote,School Single Entity,0,-21.244506,132.616106,50131,47899.0,7899.0,50131,137.06771276050677,137.06771276050677,No,No,Yes,Yes,Review,70901002,Tanami Outstations,709010,Nyirripi and Tanami Outstations,709,Apatula,7,Northern Territory,142011.3404,Within polygon,Matched,13,16,30,0,0,3,15,5,3,41,1312,2250,1.4,5.0,50.0,0,0,0,30,20,0,20,3,0.0,70.4,70.4,0,ABS 2021 Census Indigenous Profile,Indigenous Location (ILOC),2021
407,PARU,No aliases recorded with NTG DIPL,Family Outstation,TIWI ISLANDS,PIRLANGIMPI WARD,TIWI LAND COUNCIL,ARAFURA,TOP END,3.0,Homelands Service Provider Report 2023,-11.74982,130.64642,https://bushtel.nt.gov.au/profile/407,Yes,Confirmed,Primary name,PARU,0.0499122015776625,PARU,COMMUNITY,5.0,,,YES,TELSTRA,-11.75,130.646,1.264432477886191,4G/LTE + IoT,"IoT700, LTE700, LTE2600",2025,Telstra,822025,-11.75639,130.63694,,Y,Y,,,,Y,,,,,,,,,,72.09904504311206,4G/LTE + IoT,"NBIoT700, LTE700, LTE1800, LTE2100, LTE2600",2025,Optus,810002,-12.355865,130.882125,Y,,,Y,,Y,Y,,Y,,,,,,,,,,72.07783243274928,4G/LTE,"LTE850, LTE1800, LTE2100",2025,TPG,810002,-12.35583,130.88167,,,Y,Y,Y,,,,,,,,,1.264432477886191,Telstra,617,Murrupurtiyanuwu Catholic Primary School,1.3299660500998425,Primary,Catholic,Remote,School Single Entity,0,-11.758671,130.638203,50143,53313.0,13313.0,50143,Xavier Catholic College,1.167730859345469,Secondary,Catholic,Remote,School Single Entity,0,-11.757347,130.63894,50146,53314.0,13314.0,50146,-0.0967016185407221,0.0655335722136511,No,Yes,No,No,,70400603,Tiwi Islands - Wilderness,704006,Tiwi Islands,704,Jabiru - Tiwi,7,Northern Territory,7449.7682,Within polygon,Matched,77,62,141,9,43,42,29,13,3,16,185,949,1.5,4.0,30.4,0,20,48,87,22,7,33,54,31.3,36.8,25.3,52,ABS 2021 Census Indigenous Profile,Indigenous Location (ILOC),2021
409,PATONGA (AIRSTRIP),MURDUJUL,Family Outstation,WEST ARNHEM,KAKADU,NORTHERN LAND COUNCIL,ARAFURA,TOP END,15.0,Homelands Service Provider Report 2023,-12.94826,132.56901,https://bushtel.nt.gov.au/profile/409,Not listed,Not confirmed,,,,,,,,,,,,,1.5922736144157004,4G/LTE,"LTE700, LTE850",2025,Telstra,886011,-12.93424,132.572,,,Y,Y,,,,,,,,,,Y,REGIONAL CO-INVESTMENT: Kakadu Connect - Brownfield,,42.30053696451829,4G/LTE + IoT,"NBIoT700, LTE700, LTE2600",2025,Optus,886001,-12.669492,132.834471,Y,,,Y,,,,,Y,,,,,,,,,,158.13942748874936,4G/LTE,"LTE850, LTE1800, LTE2100",2025,TPG,836004,-12.613261,131.151729,,,Y,Y,Y,,,,,,,,,1.5922736144157004,Telstra,615,Jabiru Area School,41.85638864547092,Combined,Government,Remote,School Single Entity,0,-12.67577,132.83534,50053,47971.0,7971.0,50053,Jabiru Area School,41.85638864547092,Combined,Government,Remote,School Single Entity,0,-12.67577,132.83534,50053,47971.0,7971.0,50053,40.26411503105521,40.26411503105521,No,No,No,No,,70400202,Kakadu - Marrakai - Surrounds,704002,Kakadu - Marrakai - Jabiru,704,Jabiru - Tiwi,7,Northern Territory,25261.6924,Within polygon,Matched,104,101,206,14,30,35,53,66,11,33,496,1649,1.3,3.2,17.8,3,24,10,165,82,13,94,62,14.0,56.4,48.5,44,ABS 2021 Census Indigenous Profile,Indigenous Location (ILOC),2021
900,PATONGA (HOMESTEAD),No aliases recorded with NTG DIPL,Family Outstation,WEST ARNHEM,KAKADU,NORTHERN LAND COUNCIL,ARAFURA,TOP END,10.0,Homelands Service Provider Report 2023,-12.95803,132.58047,https://bushtel.nt.gov.au/profile/900,Not listed,Not confirmed,,,,,,,,,,,,,2.800050661003496,4G/LTE,"LTE700, LTE850",2025,Telstra,886011,-12.93424,132.572,,,Y,Y,,,,,,,,,,Y,REGIONAL CO-INVESTMENT: Kakadu Connect - Brownfield,,42.28296126473796,4G/LTE + IoT,"NBIoT700, LTE700, LTE2600",2025,Optus,886001,-12.669492,132.834471,Y,,,Y,,,,,Y,,,,,,,,,,159.60197520119922,4G/LTE,"LTE850, LTE1800, LTE2100",2025,TPG,836004,-12.613261,131.151729,,,Y,Y,Y,,,,,,,,,2.800050661003496,Telstra,598,Jabiru Area School,41.81771478642147,Combined,Government,Remote,School Single Entity,0,-12.67577,132.83534,50053,47971.0,7971.0,50053,Jabiru Area School,41.81771478642147,Combined,Government,Remote,School Single Entity,0,-12.67577,132.83534,50053,47971.0,7971.0,50053,39.01766412541797,39.01766412541797,No,No,No,No,,70400202,Kakadu - Marrakai - Surrounds,704002,Kakadu - Marrakai - Jabiru,704,Jabiru - Tiwi,7,Northern Territory,25261.6924,Within polygon,Matched,104,101,206,14,30,35,53,66,11,33,496,1649,1.3,3.2,17.8,3,24,10,165,82,13,94,62,14.0,56.4,48.5,44,ABS 2021 Census Indigenous Profile,Indigenous Location (ILOC),2021
926,PAYEPERRENTYE (B),No aliases recorded with NTG DIPL,Family Outstation,MACDONNELL,RODINGA,CENTRAL LAND COUNCIL,NAMATJIRA,CENTRAL AUSTRALIA,4.0,Homelands Service Provider Report 2023,-23.77074,133.55621,https://bushtel.nt.gov.au/profile/926,Yes,Confirmed,Primary name,PAYEPERRENTYE (B),0.0359514376339297,PAYEPERRENTYE (B),COMMUNITY,9.0,,,YES,OPTUS/TELSTRA,-23.771,133.556,10.316406345178288,4G/LTE + IoT,"IoT700, LTE700",2025,Telstra,872167,-23.7218,133.4701,,Y,Y,,,,,,,,,,,Y,REGIONAL CO-INVESTMENT: Small Cell Satellite,,30.10625539310827,4G/LTE + 5G/NR + IoT,"NBIoT700, LTE700, LTE900, LTE1800, LTE2100, LTE2600, NR700, NR900, NR2100",2025,Optus,870064,-23.69695,133.84078,Y,,,Y,Y,Y,Y,,Y,Y,Y,Y,,,,,,,697.997257193882,4G/LTE,LTE850,2025,TPG,4825002,-20.73424,139.49366,,,Y,,,,,,,,,,,10.316406345178288,Telstra,493,Living Waters Lutheran School,29.18125901099751,Primary,Independent,Remote,School Single Entity,0,-23.69766,133.83155,50151,46877.0,6877.0,50151,Araluen Christian College,30.94415858693321,Combined,Independent,Remote,School Single Entity,0,-23.70771,133.85232,40343,55336.0,15336.0,40343,20.62775224175492,18.86485266581922,No,No,No,No,,70900103,South MacDonnell Ranges,709001,Amoonguna - Santa Teresa - Titjikala,709,Apatula,7,Northern Territory,31517.5382,Within polygon,Matched,651,171,821,14,29,137,420,188,34,35,360,645,1.0,2.5,10.9,6,16,14,773,55,7,64,688,12.3,8.4,7.4,43,ABS 2021 Census Indigenous Profile,Indigenous Location (ILOC),2021
1014,PENYEME,No aliases recorded with NTG DIPL,Family Outstation,CENTRAL DESERT,AKITYARRE,CENTRAL LAND COUNCIL,NAMATJIRA,CENTRAL AUSTRALIA,,Not recorded,-22.78725,135.67273,https://bushtel.nt.gov.au/profile/1014,Not listed,Not confirmed,,,,,,,,,,,,,78.13673251747672,4G/LTE + IoT,"IoT700, LTE700",2025,Telstra,872152,-22.97496,134.93773,,Y,Y,,,,,,,,,,,Y,REGIONAL CO-INVESTMENT: NT ISCA,1.0,125.25840274697606,3G/UMTS + 4G/LTE,"UMTS900, LTE700",2025,Optus,872188,-23.45604,134.68709,,Y,,Y,,,,,,,,,,,,Y,Federal Mobile Black Spot Program (MBSP),4.0,455.8338994632812,4G/LTE,LTE850,2025,TPG,4825002,-20.73424,139.49366,,,Y,,,,,,,,,,,78.13673251747672,Telstra,41,Bonya School,50.65519528493626,Combined,Government,Very Remote,School Single Entity,0,-22.77886,136.16675,50081,66018.0,26018.0,50081,Bonya School,50.65519528493626,Combined,Government,Very Remote,School Single Entity,0,-22.77886,136.16675,50081,66018.0,26018.0,50081,-27.48153723254045,-27.48153723254045,Yes,Yes,Yes,Yes,Review,70900502,Atitjere - Akarnenehe Outstations,709005,Atitjere - Akarnenehe - Engawala,709,Apatula,7,Northern Territory,67455.8399,Within polygon,Matched,68,60,126,10,26,26,32,21,4,24,277,762,1.3,3.8,29.6,0,23,5,89,14,10,22,63,37.5,26.4,16.5,36,ABS 2021 Census Indigenous Profile,Indigenous Location (ILOC),2021
406,PERREDERR,"MULCHILL,PARADALE",Family Outstation,WEST DALY,THAMARRURR/PINDI PINDI,NORTHERN LAND COUNCIL,DALY,TOP END,61.0,Homelands Service Provider Report 2023,-14.01963,129.82661,https://bushtel.nt.gov.au/profile/406,Not listed,Not confirmed,,,,,,,,,,,,,31.45769672626917,4G/LTE + IoT,"IoT700, LTE700",2025,Telstra,822068,-14.15629,130.082,,Y,Y,,,,,,,,,,,,,,132.393522657935,3G/UMTS + 4G/LTE,"UMTS900, LTE700",2025,Optus,822091,-13.164608,130.679087,,Y,,Y,,,,,,,,,,,,Y,Federal Mobile Black Spot Program (MBSP),2.0,204.86378565226084,4G/LTE + 5G/NR,"LTE850, LTE1800, LTE2100, NR700",2025,TPG,800002,-12.4651,130.8425,,,Y,Y,Y,Y,,,,,,,,31.45769672626917,Telstra,257,St Francis Xavier Catholic School - Wudikapildiyer Homeland Learning Centre Campus,26.013388566071523,Combined,Catholic,Very Remote,School Sub-Campus,0,-13.8593246864877,130.002167496203,53319,,13312.0,50145,St Francis Xavier Catholic School - Wudikapildiyer Homeland Learning Centre Campus,26.013388566071523,Combined,Catholic,Very Remote,School Sub-Campus,0,-13.8593246864877,130.002167496203,53319,,13312.0,50145,-5.444308160197647,-5.444308160197647,Yes,Yes,No,No,,70400501,Thamarrurr exc. Wadeye,704005,Thamarrurr inc. Wadeye,704,Jabiru - Tiwi,7,Northern Territory,3352.8699,Within polygon,Matched,96,89,188,14,38,56,57,23,5,21,233,860,1.9,4.9,35.3,4,25,11,140,21,30,53,85,60.8,37.2,14.6,52,ABS 2021 Census Indigenous Profile,Indigenous Location (ILOC),2021
859,PERTARRATENGE,BOOMERANG BORE,Family Outstation,MACDONNELL,LJIRAPINTA,CENTRAL LAND COUNCIL,GWOJA,CENTRAL AUSTRALIA,24.0,Homelands Service Provider Report 2023,-24.41326,133.31956,https://bushtel.nt.gov.au/profile/859,Not listed,Not confirmed,,,,,,,,,,,,,16.237749040604925,4G/LTE + IoT,"IoT700, LTE700",2025,Telstra,872168,-24.33977,133.4581,,Y,Y,,,,,,,,,,,,,,16.277718388944447,3G/UMTS,UMTS900,2025,Optus,872145,-24.34009,133.45876,,Y,,,,,,,,,,,,,,Y,Federal Mobile Black Spot Program (MBSP),2.0,754.2919115429792,4G/LTE,LTE850,2025,TPG,4825002,-20.73424,139.49366,,,Y,,,,,,,,,,,16.237749040604925,Telstra,406,Wallace Rockhole School,40.04697765406621,Combined,Government,Very Remote,School Single Entity,0,-24.1233,133.085237,50127,56576.0,16576.0,50127,Wallace Rockhole School,40.04697765406621,Combined,Government,Very Remote,School Single Entity,0,-24.1233,133.085237,50127,56576.0,16576.0,50127,23.80922861346128,23.80922861346128,No,No,No,No,,70900802,Kaltukatjara Outstations,709008,Kaltukatjara and Outstations,709,Apatula,7,Northern Territory,87474.9608,Within polygon,Matched,28,34,60,8,7,8,17,16,3,29,295,966,1.7,3.7,40.0,0,5,6,46,14,5,12,35,14.3,29.8,25.5,15,ABS 2021 Census Indigenous Profile,Indigenous Location (ILOC),2021
927,PERTE THERRE,No aliases recorded with NTG DIPL,Family Outstation,MACDONNELL,RODINGA,CENTRAL LAND COUNCIL,NAMATJIRA,CENTRAL AUSTRALIA,17.0,Homelands Service Provider Report 2023,-23.75818,133.64573,https://bushtel.nt.gov.au/profile/927,Yes,Confirmed,Primary name,PERTE THERRE,0.0339950972577957,PERTE THERRE,COMMUNITY,18.0,,,YES,OPTUS/TELSTRA,-23.758,133.646,17.278517874764535,4G/LTE + IoT,"IoT700, LTE700, LTE2600",2025,Telstra,873001,-23.74989,133.81526,,Y,Y,,,,Y,,,,,,,,,,20.99013841124631,4G/LTE + 5G/NR + IoT,"NBIoT700, LTE700, LTE900, LTE1800, LTE2100, LTE2600, NR700, NR900, NR2100",2025,Optus,870064,-23.69695,133.84078,Y,,,Y,Y,Y,Y,,Y,Y,Y,Y,,,,,,,689.2933325252021,4G/LTE,LTE850,2025,TPG,4825002,-20.73424,139.49366,,,Y,,,,,,,,,,,17.278517874764535,Telstra,395,Living Waters Lutheran School,20.077027515287305,Primary,Independent,Remote,School Single Entity,0,-23.69766,133.83155,50151,46877.0,6877.0,50151,Araluen Christian College,21.765053246192657,Combined,Independent,Remote,School Single Entity,0,-23.70771,133.85232,40343,55336.0,15336.0,40343,4.486535371428122,2.79850964052277,No,No,No,No,,70900103,South MacDonnell Ranges,709001,Amoonguna - Santa Teresa - Titjikala,709,Apatula,7,Northern Territory,31517.5382,Within polygon,Matched,651,171,821,14,29,137,420,188,34,35,360,645,1.0,2.5,10.9,6,16,14,773,55,7,64,688,12.3,8.4,7.4,43,ABS 2021 Census Indigenous Profile,Indigenous Location (ILOC),2021
860,PETYALE,No aliases recorded with NTG DIPL,Family Outstation,CENTRAL DESERT,ANMATJERE,CENTRAL LAND COUNCIL,BARKLY,CENTRAL AUSTRALIA,3.0,Homelands Service Provider Report 2023,-21.99972,133.43363,https://bushtel.nt.gov.au/profile/860,Not listed,Not confirmed,,,,,,,,,,,,,22.55558618036375,4G/LTE + IoT,"IoT700, LTE700",2025,Telstra,872001,-22.20222,133.42083,,Y,Y,,,,,,,,,,,,,,14.916895540794922,3G/UMTS + 4G/LTE,"UMTS900, LTE700",2025,Optus,872135,-22.13295,133.4167,,Y,,Y,,,,,,,,,,,,,,,643.056561583832,4G/LTE,LTE850,2025,TPG,4825002,-20.73424,139.49366,,,Y,,,,,,,,,,,14.916895540794922,Optus,427,Ti Tree School,14.327793776655914,Combined,Government,Very Remote,School Single Entity,0,-22.12793,133.41976,50120,47895.0,7895.0,50120,Ti Tree School,14.327793776655914,Combined,Government,Very Remote,School Single Entity,0,-22.12793,133.41976,50120,47895.0,7895.0,50120,-0.5891017641390075,-0.5891017641390075,Yes,Yes,No,No,,70900301,Anmatjere - Surrounds,709003,Anmatjere,709,Apatula,7,Northern Territory,49609.3293,Within polygon,Matched,59,43,104,14,10,13,33,25,7,31,226,675,1.5,4.1,40.9,4,12,6,78,0,10,15,58,80.0,19.5,3.9,24,ABS 2021 Census Indigenous Profile,Indigenous Location (ILOC),2021
133,PHILLIPSON BORE,PHILIPSON BORE,Family Outstation,MACDONNELL,RODINGA,CENTRAL LAND COUNCIL,NAMATJIRA,CENTRAL AUSTRALIA,6.0,Homelands Service Provider Report 2023,-24.09593,134.43038,https://bushtel.nt.gov.au/profile/133,Yes,Confirmed,Primary name,PHILLIPSON BORE,0.0393497417631831,PHILLIPSON BORE,COMMUNITY,5.0,,,YES,TELSTRA,-24.096,134.43,6.7027516213014735,4G/LTE + IoT,"IoT700, LTE700",2025,Telstra,872023,-24.13028,134.37611,,Y,Y,,,,,,,,,,,,,,55.91204420202006,3G/UMTS,UMTS900,2025,Optus,872149,-23.5959,134.4883,,Y,,,,,,,,,,,,,,,,,640.6863010914986,4G/LTE,LTE850,2025,TPG,4825002,-20.73424,139.49366,,,Y,,,,,,,,,,,6.7027516213014735,Telstra,548,Ltyentye Apurte Catholic School,6.763199799394619,Combined,Catholic,Remote,School Single Entity,0,-24.12922,134.37461,50142,53311.0,13311.0,50142,Ltyentye Apurte Catholic School,6.763199799394619,Combined,Catholic,Remote,School Single Entity,0,-24.12922,134.37461,50142,53311.0,13311.0,50142,0.0604481780931456,0.0604481780931456,No,No,No,No,,70900102,Santa Teresa (Ltyentye Purte),709001,Amoonguna - Santa Teresa - Titjikala,709,Apatula,7,Northern Territory,1247.1447,Within polygon,Matched,277,285,561,55,126,105,163,86,17,23,258,1010,1.8,5.2,59.6,10,99,39,378,127,11,132,237,5.2,35.7,33.9,181,ABS 2021 Census Indigenous Profile,Indigenous Location (ILOC),2021
604,PICININNY BORE,"BLACK HILLS,TJABALAJABALA",Family Outstation,CENTRAL DESERT,NORTHERN TANAMI,CENTRAL LAND COUNCIL,GWOJA,CENTRAL AUSTRALIA,,Not recorded,-19.82711,129.78279,https://bushtel.nt.gov.au/profile/604,Not listed,Not confirmed,,,,,,,,,,,,,79.48301639252999,4G/LTE + IoT,"IoT700, LTE700, LTE2600",2025,Telstra,872170,-20.52398,129.95232,,Y,Y,,,,Y,,,,,,,,,,224.22666864384271,3G/UMTS + 4G/LTE,"UMTS900, LTE700",2025,Optus,6770029,-19.55522,127.66057,,Y,,Y,,,,,,,,,,,,Y,Federal Mobile Black Spot Program (MBSP),2.0,815.3300947579096,4G/LTE,"LTE850, LTE1800, LTE2100",2025,TPG,836004,-12.613261,131.151729,,,Y,Y,Y,,,,,,,,,79.48301639252999,Telstra,38,Lajamanu School,188.45985095655263,Combined,Government,Very Remote,School Single Entity,0,-18.3353,130.633981,50060,44761.0,4761.0,50060,Lajamanu School,188.45985095655263,Combined,Government,Very Remote,School Single Entity,0,-18.3353,130.633981,50060,44761.0,4761.0,50060,108.97683456402268,108.97683456402268,No,No,Yes,Yes,Review,70901002,Tanami Outstations,709010,Nyirripi and Tanami Outstations,709,Apatula,7,Northern Territory,142011.3404,Within polygon,Matched,13,16,30,0,0,3,15,5,3,41,1312,2250,1.4,5.0,50.0,0,0,0,30,20,0,20,3,0.0,70.4,70.4,0,ABS 2021 Census Indigenous Profile,Indigenous Location (ILOC),2021
134,PINE HILL,"ANYUMGYUMBA,AYUNGYMBA",Family Outstation,CENTRAL DESERT,ANMATJERE,CENTRAL LAND COUNCIL,BARKLY,CENTRAL AUSTRALIA,,Not recorded,-22.37949,133.05366,https://bushtel.nt.gov.au/profile/134,Not listed,Not confirmed,,,,,,,,,,,,,34.31112287580297,4G/LTE + IoT,"IoT700, LTE700",2025,Telstra,872021,-22.515106,132.75377,,Y,Y,,,,,,,,,,,Y,REGIONAL CO-INVESTMENT: NT RTCP - Brownfield,2.0,42.05839161840594,3G/UMTS,UMTS900,2025,Optus,870011,-22.64468,133.34561,,Y,,,,,,,,,,,,,,,,,690.598944497446,4G/LTE,LTE850,2025,TPG,4825002,-20.73424,139.49366,,,Y,,,,,,,,,,,34.31112287580297,Telstra,234,Laramba School,34.954486595723246,Combined,Government,Very Remote,School Single Entity,0,-22.533,132.75683,50096,56560.0,16560.0,50096,Laramba School,34.954486595723246,Combined,Government,Very Remote,School Single Entity,0,-22.533,132.75683,50096,56560.0,16560.0,50096,0.6433637199202735,0.6433637199202735,No,No,No,No,,70900301,Anmatjere - Surrounds,709003,Anmatjere,709,Apatula,7,Northern Territory,49609.3293,Within polygon,Matched,59,43,104,14,10,13,33,25,7,31,226,675,1.5,4.1,40.9,4,12,6,78,0,10,15,58,80.0,19.5,3.9,24,ABS 2021 Census Indigenous Profile,Indigenous Location (ILOC),2021
255,PINGALA,"JRUNTU JANGU,JURNTA JUNGU,JURNTU JUNGU,NUALIDU",Family Outstation,BARKLY,PATTA,CENTRAL LAND COUNCIL,BARKLY,BARKLY,,Not recorded,-19.0932,133.88269,https://bushtel.nt.gov.au/profile/255,Not listed,Not confirmed,,,,,,,,,,,,,69.60570391204703,4G/LTE + 5G/NR + IoT,"IoT700, LTE700, LTE850, LTE2600, NR850, NR2600",2025,Telstra,860009,-19.65103,134.18377,,Y,Y,Y,,,Y,,Y,,Y,,,,,,51.25984340200664,3G/UMTS,UMTS900,2025,Optus,852095,-19.4368,134.20825,,Y,,,,,,,,,,,,,,,,,614.2798255914296,4G/LTE,LTE850,2025,TPG,4825002,-20.73424,139.49366,,,Y,,,,,,,,,,,51.25984340200664,Optus,125,Tennant Creek Primary School,69.77666592063028,Primary,Government,Very Remote,School Single Entity,0,-19.6501,134.18925,50046,56574.0,16574.0,50046,Tennant Creek High School,69.56837371441974,Secondary,Government,Very Remote,School Single Entity,0,-19.644142,134.196942,50007,47918.0,7918.0,50007,18.308530312413097,18.51682251862364,No,No,Yes,Yes,Review,70700304,Julalikari - Outstations,707003,Barkly,707,Tennant Creek,7,Northern Territory,107784.4629,Within polygon,Matched,67,66,137,15,28,18,41,25,8,27,369,1020,1.4,4.2,31.0,4,26,10,90,13,20,34,41,60.0,39.8,15.9,43,ABS 2021 Census Indigenous Profile,Indigenous Location (ILOC),2021
752,PINJA,"MT WINNECKE,PIELEGJA,PILEAJA,WINNECKE CREEK",Family Outstation,CENTRAL DESERT,NORTHERN TANAMI,CENTRAL LAND COUNCIL,GWOJA,BIG RIVERS,,Not recorded,-18.80958,130.37095,https://bushtel.nt.gov.au/profile/752,Not listed,Not confirmed,,,,,,,,,,,,,59.975581936171935,4G/LTE + 5G/NR + IoT,"IoT700, LTE700, LTE850, LTE2600, NR850, NR2600",2025,Telstra,852001,-18.33139,130.63417,,Y,Y,Y,,,Y,,Y,,Y,,,,,,259.8764815466712,3G/UMTS + 4G/LTE,"UMTS900, LTE700",2025,Optus,852107,-16.486946,130.643636,,Y,,Y,,,,,,,,,,,,Y,Federal Mobile Black Spot Program (MBSP),2.0,694.0443880917278,4G/LTE,"LTE850, LTE1800, LTE2100",2025,TPG,836004,-12.613261,131.151729,,,Y,Y,Y,,,,,,,,,59.975581936171935,Telstra,85,Lajamanu School,59.5810463953452,Combined,Government,Very Remote,School Single Entity,0,-18.3353,130.633981,50060,44761.0,4761.0,50060,Lajamanu School,59.5810463953452,Combined,Government,Very Remote,School Single Entity,0,-18.3353,130.633981,50060,44761.0,4761.0,50060,-0.3945355408267375,-0.3945355408267375,Yes,Yes,Yes,Yes,Review,70901002,Tanami Outstations,709010,Nyirripi and Tanami Outstations,709,Apatula,7,Northern Territory,142011.3404,Within polygon,Matched,13,16,30,0,0,3,15,5,3,41,1312,2250,1.4,5.0,50.0,0,0,0,30,20,0,20,3,0.0,70.4,70.4,0,ABS 2021 Census Indigenous Profile,Indigenous Location (ILOC),2021
136,PINPIRNGA,"DESERT BORE,PINIARNGA,PINPIARNA,PINPIARNGA,PINPIRRNGA",Family Outstation,MACDONNELL,LURITJA PINTUBI,CENTRAL LAND COUNCIL,GWOJA,CENTRAL AUSTRALIA,,Not recorded,-23.16275,129.46322,https://bushtel.nt.gov.au/profile/136,Not listed,Not confirmed,,,,,,,,,,,,,14.53536909721354,4G/LTE + IoT,"IoT700, LTE700",2025,Telstra,872046,-23.27311,129.386987,,Y,Y,,,,,,,,,,,Y,REGIONAL CO-INVESTMENT: NT ISCA,1.0,241.10772730621463,3G/UMTS + 4G/LTE,"UMTS900, LTE700",2025,Optus,872146,-24.251,131.5116,,Y,,Y,,,,,,,,,,,,Y,Federal Mobile Black Spot Program (MBSP),2.0,1068.869536628307,4G/LTE,LTE850,2025,TPG,4825002,-20.73424,139.49366,,,Y,,,,,,,,,,,14.53536909721354,Telstra,432,Walungurru School,14.875208815289716,Combined,Government,Very Remote,School Single Entity,0,-23.27712,129.38771,50128,56577.0,16577.0,50128,Yirara College - Kintore Campus,14.866963647243384,Secondary,Independent,Very Remote,School Sub-Campus,0,-23.278159,129.389765,40933,77481.0,14276.0,50156,0.3315945500298447,0.3398397180761776,No,No,No,No,,70901302,Walungurru Outstations,709013,Walungurru and Outstations,709,Apatula,7,Northern Territory,28754.6795,Within polygon,Matched,0,0,0,0,0,0,0,0,0,0,0,0,0.0,0.0,0.0,0,0,0,0,0,0,0,0,0.0,0.0,0.0,0,ABS 2021 Census Indigenous Profile,Indigenous Location (ILOC),2021
701,POLICEMANS HOLE,"LITTLE POLICEMANS HOLE,NYAWANYAWAN DAWANG",Family Outstation,VICTORIA DALY,TIMBER CREEK,NORTHERN LAND COUNCIL,GWOJA,BIG RIVERS,,Not recorded,-15.77853,129.10654,https://bushtel.nt.gov.au/profile/701,Not listed,Not confirmed,,,,,,,,,,,,,25.327819385090063,4G/LTE + IoT,"IoT700, LTE700",2025,Telstra,6743043,-15.98162,128.99931,,Y,Y,,,,,,,,,,,Y,Federal Mobile Black Spot Program (MBSP),5.0,1.729617897265321,3G/UMTS + 4G/LTE,"UMTS900, LTE700",2025,Optus,852121,-15.762983,129.106028,,Y,,Y,,,,,,,,,,,,Y,Federal Mobile Black Spot Program (MBSP),5.0,413.2514050079984,4G/LTE + 5G/NR,"LTE850, LTE1800, LTE2100, NR700",2025,TPG,800002,-12.4651,130.8425,,,Y,Y,Y,Y,,,,,,,,1.729617897265321,Optus,614,Bulla Camp School,67.08797069381575,Combined,Government,Very Remote,School Single Entity,0,-15.9353,129.7122,50082,56531.0,16531.0,50082,Bulla Camp School,67.08797069381575,Combined,Government,Very Remote,School Single Entity,0,-15.9353,129.7122,50082,56531.0,16531.0,50082,65.35835279655043,65.35835279655043,No,No,Yes,No,,70500805,Timber Creek - Surrounds,705008,Victoria River,705,Katherine,7,Northern Territory,64510.5948,Within polygon,Matched,66,56,127,14,28,25,30,15,14,23,336,860,2.0,4.3,46.2,0,17,6,88,14,19,29,51,56.7,34.5,14.9,42,ABS 2021 Census Indigenous Profile,Indigenous Location (ILOC),2021
139,PULARDI,"DESERT BORE,MT ALLAN",Family Outstation,CENTRAL DESERT,ANMATJERE,CENTRAL LAND COUNCIL,GWOJA,CENTRAL AUSTRALIA,40.0,Homelands Service Provider Report 2023,-22.56332,132.37978,https://bushtel.nt.gov.au/profile/139,Not listed,Not confirmed,,,,,,,,,,,,,35.61297263103507,4G/LTE + IoT,"IoT700, LTE700",2025,Telstra,872028,-22.8111,132.59973,,Y,Y,,,,,,,,,,,Y,Northern Territory Co-investment Northern Territory ISCA,,99.5574929701504,3G/UMTS,UMTS900,2025,Optus,870011,-22.64468,133.34561,,Y,,,,,,,,,,,,,,,,,762.73743609597,4G/LTE,LTE850,2025,TPG,4825002,-20.73424,139.49366,,,Y,,,,,,,,,,,35.61297263103507,Telstra,227,Mount Allan School,38.40134886438628,Combined,Government,Very Remote,School Single Entity,0,-22.2566,132.2081,50105,56567.0,16567.0,50105,Mount Allan School,38.40134886438628,Combined,Government,Very Remote,School Single Entity,0,-22.2566,132.2081,50105,56567.0,16567.0,50105,2.788376233351208,2.788376233351208,No,No,No,No,,70900301,Anmatjere - Surrounds,709003,Anmatjere,709,Apatula,7,Northern Territory,49609.3293,Within polygon,Matched,59,43,104,14,10,13,33,25,7,31,226,675,1.5,4.1,40.9,4,12,6,78,0,10,15,58,80.0,19.5,3.9,24,ABS 2021 Census Indigenous Profile,Indigenous Location (ILOC),2021
730,PUNGALINDUM,"ALPARRINYA,APENGARLINTEM,APUNGALINDUM,PUNGALINDEM,PUNGALINOEM",Family Outstation,BARKLY,ALYAWARR,CENTRAL LAND COUNCIL,BARKLY,BARKLY,33.0,Homelands Service Provider Report 2023,-22.07061,134.68879,https://bushtel.nt.gov.au/profile/730,Not listed,Not confirmed,,,,,,,,,,,,,9.14843415832293,4G/LTE + 5G/NR + IoT,"IoT700, LTE700, LTE850, NR850",2025,Telstra,872116,-22.086785,134.7758417,,Y,Y,Y,,,,,Y,,,,,,,,102.01637025738596,3G/UMTS,UMTS900,2025,Optus,872132,-21.53135,133.88937,,Y,,,,,,,,,,,,,,,,,519.1208602591362,4G/LTE,LTE850,2025,TPG,4825002,-20.73424,139.49366,,,Y,,,,,,,,,,,9.14843415832293,Telstra,512,Arlparra School,9.087190322597824,Combined,Government,Very Remote,School Single Entity,0,-22.087628,134.775047,40836,68613.0,28613.0,40836,Arlparra School,9.087190322597824,Combined,Government,Very Remote,School Single Entity,0,-22.087628,134.775047,40836,68613.0,28613.0,40836,-0.0612438357251043,-0.0612438357251043,Yes,Yes,No,No,,70901204,Utopia - Arawerr - Arlparra,709012,Urapuntja,709,Apatula,7,Northern Territory,2624.214,Within polygon,Matched,159,209,372,30,92,60,108,59,22,25,373,1297,2.3,5.1,59.1,12,60,27,249,31,19,47,159,37.0,18.5,11.7,122,ABS 2021 Census Indigenous Profile,Indigenous Location (ILOC),2021
840,PUNJARRIJI,MOSQUITO CREEK,Family Outstation,BARKLY,PATTA,CENTRAL LAND COUNCIL,BARKLY,BARKLY,,Not recorded,-20.31062,134.50807,https://bushtel.nt.gov.au/profile/840,Not listed,Not confirmed,,,,,,,,,,,,,47.26522419375201,4G/LTE + IoT,"IoT700, LTE700",2025,Telstra,872143,-20.64109,134.2227,,Y,Y,,,,,,,,,,,,,,36.90164260668604,3G/UMTS + 4G/LTE,"UMTS900, LTE700",2025,Optus,872187,-20.5558,134.2694,,Y,,Y,,,,,,,,,,,,Y,Federal Mobile Black Spot Program (MBSP),4.0,521.300509051949,4G/LTE,LTE850,2025,TPG,4825002,-20.73424,139.49366,,,Y,,,,,,,,,,,36.90164260668604,Optus,210,Alekarenge School,77.81185746516779,Combined,Government,Very Remote,School Single Entity,0,-21.003806,134.405661,50054,47898.0,7898.0,50054,Alekarenge School,77.81185746516779,Combined,Government,Very Remote,School Single Entity,0,-21.003806,134.405661,50054,47898.0,7898.0,50054,40.91021485848175,40.91021485848175,No,No,Yes,No,,70700304,Julalikari - Outstations,707003,Barkly,707,Tennant Creek,7,Northern Territory,107784.4629,Within polygon,Matched,67,66,137,15,28,18,41,25,8,27,369,1020,1.4,4.2,31.0,4,26,10,90,13,20,34,41,60.0,39.8,15.9,43,ABS 2021 Census Indigenous Profile,Indigenous Location (ILOC),2021
140,PUNRITJANTA,"BLOODS RANGE,PUNITJANTA,PUNTITJARA,PUNTITJATA",Family Outstation,MACDONNELL,IYARRKA,CENTRAL LAND COUNCIL,GWOJA,CENTRAL AUSTRALIA,,Not recorded,-24.67392,129.29393,https://bushtel.nt.gov.au/profile/140,Not listed,Not confirmed,,,,,,,,,,,,,30.89283573196401,4G/LTE + IoT,"IoT700, LTE700",2025,Telstra,872125,-24.87253,129.079969,,Y,Y,,,,,,,,,,,,,,179.10604696094242,4G/LTE + 5G/NR + IoT,"NBIoT700, LTE700, LTE900, LTE2100, LTE2600, NR700, NR900, NR2100",2025,Optus,872155,-25.191336,130.976089,Y,,,Y,Y,,Y,,Y,Y,Y,Y,,,,,,,1022.4605479562543,4G/LTE,"LTE850, LTE1800",2025,TPG,6430002,-30.7382,121.47878,,,Y,Y,,,,,,,,,,30.89283573196401,Telstra,264,Nyangatjatjara College - Kaltukatjara Campus (Docker River) Primary Campus,30.76195820788646,Primary,Independent,Very Remote,School Sub-Campus,0,-24.8729892831282,129.082349495758,40902,77301.0,14570.0,50160,Nyangatjatjara College - Kaltukatjara Campus (Docker River) Secondary Campus,31.87006618311665,Secondary,Independent,Very Remote,School Sub-Campus,0,-24.8812918779094,129.076019609991,53390,89017.0,14570.0,50160,0.9772304511526392,-0.1308775240775475,Yes,No,No,No,,70900802,Kaltukatjara Outstations,709008,Kaltukatjara and Outstations,709,Apatula,7,Northern Territory,87474.9608,Within polygon,Matched,28,34,60,8,7,8,17,16,3,29,295,966,1.7,3.7,40.0,0,5,6,46,14,5,12,35,14.3,29.8,25.5,15,ABS 2021 Census Indigenous Profile,Indigenous Location (ILOC),2021
732,PURRUKUWURRU,No aliases recorded with NTG DIPL,Family Outstation,BARKLY,ALYAWARR,CENTRAL LAND COUNCIL,BARKLY,BARKLY,,Not recorded,-19.94562,135.69629,https://bushtel.nt.gov.au/profile/732,Not listed,Not confirmed,,,,,,,,,,,,,29.50926050329674,4G/LTE + IoT,"IoT700, LTE700",2025,Telstra,860001,-19.71028,135.82667,,Y,Y,,,,,,,,,,,,,,29.47962146279891,3G/UMTS,UMTS900,2025,Optus,862041,-19.71095,135.82742,,Y,,,,,,,,,,,,,,,,,405.5023341300521,4G/LTE,LTE850,2025,TPG,4825002,-20.73424,139.49366,,,Y,,,,,,,,,,,29.47962146279891,Optus,283,Epenarra School,74.04552518626178,Combined,Government,Very Remote,School Single Entity,0,-20.46311,135.24972,50089,56549.0,16549.0,50089,Epenarra School,74.04552518626178,Combined,Government,Very Remote,School Single Entity,0,-20.46311,135.24972,50089,56549.0,16549.0,50089,44.56590372346288,44.56590372346288,No,No,Yes,No,,70700304,Julalikari - Outstations,707003,Barkly,707,Tennant Creek,7,Northern Territory,107784.4629,Within polygon,Matched,67,66,137,15,28,18,41,25,8,27,369,1020,1.4,4.2,31.0,4,26,10,90,13,20,34,41,60.0,39.8,15.9,43,ABS 2021 Census Indigenous Profile,Indigenous Location (ILOC),2021
141,PUTA PUTA,No aliases recorded with NTG DIPL,Family Outstation,MACDONNELL,IYARRKA,CENTRAL LAND COUNCIL,GWOJA,CENTRAL AUSTRALIA,,Not recorded,-25.07345,129.64045,https://bushtel.nt.gov.au/profile/141,Not listed,Not confirmed,,,,,,,,,,,,,60.75294902061531,4G/LTE + IoT,"IoT700, LTE700",2025,Telstra,872125,-24.87253,129.079969,,Y,Y,,,,,,,,,,,,,,135.09313502874969,4G/LTE + 5G/NR + IoT,"NBIoT700, LTE700, LTE900, LTE2100, LTE2600, NR700, NR900, NR2100",2025,Optus,872155,-25.191336,130.976089,Y,,,Y,Y,,Y,,Y,Y,Y,Y,,,,,,,1019.203546327681,4G/LTE,"LTE850, LTE1800",2025,TPG,6430002,-30.7382,121.47878,,,Y,Y,,,,,,,,,,60.75294902061531,Telstra,81,Nyangatjatjara College - Kaltukatjara Campus (Docker River) Primary Campus,60.51094740403872,Primary,Independent,Very Remote,School Sub-Campus,0,-24.8729892831282,129.082349495758,40902,77301.0,14570.0,50160,Nyangatjatjara College - Kaltukatjara Campus (Docker River) Secondary Campus,60.77208621239757,Secondary,Independent,Very Remote,School Sub-Campus,0,-24.8812918779094,129.076019609991,53390,89017.0,14570.0,50160,0.0191371917822564,-0.2420016165765872,Yes,No,Yes,Yes,Review,70900802,Kaltukatjara Outstations,709008,Kaltukatjara and Outstations,709,Apatula,7,Northern Territory,87474.9608,Within polygon,Matched,28,34,60,8,7,8,17,16,3,29,295,966,1.7,3.7,40.0,0,5,6,46,14,5,12,35,14.3,29.8,25.5,15,ABS 2021 Census Indigenous Profile,Indigenous Location (ILOC),2021
1020,PUTJAMIRRA,PITJAMIRRA,Family Outstation,TIWI ISLANDS,PIRLANGIMPI WARD,TIWI LAND COUNCIL,ARAFURA,TOP END,4.0,Homelands Service Provider Report 2023,-11.22457,130.36849,https://bushtel.nt.gov.au/profile/1020,Not listed,Not confirmed,,,,,,,,,,,,,0.1001810979641567,4G/LTE,LTE700,2025,Telstra,822095,-11.22439,130.36939,,,Y,,,,,,,,,,,,,,137.6586708022053,4G/LTE + IoT,"NBIoT700, LTE700, LTE1800, LTE2100, LTE2600",2025,Optus,810002,-12.355865,130.882125,Y,,,Y,,Y,Y,,Y,,,,,,,,,,137.63500890617036,4G/LTE,"LTE850, LTE1800, LTE2100",2025,TPG,810002,-12.35583,130.88167,,,Y,Y,Y,,,,,,,,,0.1001810979641567,Telstra,624,Pularumpi School,20.597934912468794,Combined,Government,Very Remote,School Single Entity,0,-11.4036,130.417,50117,47962.0,7962.0,50117,Pularumpi School,20.597934912468794,Combined,Government,Very Remote,School Single Entity,0,-11.4036,130.417,50117,47962.0,7962.0,50117,20.49775381450464,20.49775381450464,No,No,No,No,,70400603,Tiwi Islands - Wilderness,704006,Tiwi Islands,704,Jabiru - Tiwi,7,Northern Territory,7449.7682,Within polygon,Matched,77,62,141,9,43,42,29,13,3,16,185,949,1.5,4.0,30.4,0,20,48,87,22,7,33,54,31.3,36.8,25.3,52,ABS 2021 Census Indigenous Profile,Indigenous Location (ILOC),2021
117,PUTULU,"MT. THEO,PITULU,PUTULAI,PUTURLU,WANAYAKA",Family Outstation,CENTRAL DESERT,SOUTHERN TANAMI,CENTRAL LAND COUNCIL,GWOJA,CENTRAL AUSTRALIA,,Not recorded,-21.34382,131.36997,https://bushtel.nt.gov.au/profile/117,Not listed,Not confirmed,,,,,,,,,,,,,110.21718288946106,4G/LTE + IoT,"IoT700, LTE700, LTE2600",2025,Telstra,872025,-22.25156,131.79875,,Y,Y,,,,Y,,,,,,,,,,228.8852763048104,3G/UMTS + 4G/LTE,"UMTS900, LTE700",2025,Optus,872135,-22.13295,133.4167,,Y,,Y,,,,,,,,,,,,,,,845.7196406872768,4G/LTE,LTE850,2025,TPG,4825002,-20.73424,139.49366,,,Y,,,,,,,,,,,110.21718288946106,Telstra,11,Yuendumu School,110.55683232537132,Combined,Government,Very Remote,School Single Entity,0,-22.25565,131.796889,50068,46730.0,6730.0,50068,Yuendumu School,110.55683232537132,Combined,Government,Very Remote,School Single Entity,0,-22.25565,131.796889,50068,46730.0,6730.0,50068,0.3396494359102746,0.3396494359102746,No,No,Yes,Yes,Review,70901701,Yuendumu and Outstations,709017,Yuendumu and Outstations,709,Apatula,7,Northern Territory,22120.9495,Within polygon,Matched,312,303,617,62,138,99,171,110,33,25,254,1012,1.6,4.7,43.2,12,102,36,418,73,29,95,307,28.1,22.7,16.4,200,ABS 2021 Census Indigenous Profile,Indigenous Location (ILOC),2021
142,PUYURRU,No aliases recorded with NTG DIPL,Family Outstation,CENTRAL DESERT,SOUTHERN TANAMI,CENTRAL LAND COUNCIL,GWOJA,CENTRAL AUSTRALIA,,Not recorded,-21.33117,130.81753,https://bushtel.nt.gov.au/profile/142,Not listed,Not confirmed,,,,,,,,,,,,,100.34826691598454,4G/LTE + IoT,"IoT700, LTE700, LTE850, LTE2100, LTE2600",2025,Telstra,872122,-20.55027,130.33319,,Y,Y,Y,,Y,Y,,,,,,,,,,282.88325204730097,3G/UMTS + 4G/LTE,"UMTS900, LTE700",2025,Optus,872135,-22.13295,133.4167,,Y,,Y,,,,,,,,,,,,,,,902.7941007499956,4G/LTE,LTE850,2025,TPG,4825002,-20.73424,139.49366,,,Y,,,,,,,,,,,100.34826691598454,Telstra,18,Yuendumu School,144.19282254350432,Combined,Government,Very Remote,School Single Entity,0,-22.25565,131.796889,50068,46730.0,6730.0,50068,Yuendumu School,144.19282254350432,Combined,Government,Very Remote,School Single Entity,0,-22.25565,131.796889,50068,46730.0,6730.0,50068,43.84455562751978,43.84455562751978,No,No,Yes,Yes,Review,70901701,Yuendumu and Outstations,709017,Yuendumu and Outstations,709,Apatula,7,Northern Territory,22120.9495,Within polygon,Matched,312,303,617,62,138,99,171,110,33,25,254,1012,1.6,4.7,43.2,12,102,36,418,73,29,95,307,28.1,22.7,16.4,200,ABS 2021 Census Indigenous Profile,Indigenous Location (ILOC),2021
940,PWERTE MARNTE MARNTE,JOHN HOLLAND BORE,Family Outstation,MACDONNELL,RODINGA,CENTRAL LAND COUNCIL,NAMATJIRA,CENTRAL AUSTRALIA,20.0,Homelands Service Provider Report 2023,-24.37338,133.71982,https://bushtel.nt.gov.au/profile/940,Not listed,Not confirmed,,,,,,,,,,,,,26.773912319881607,4G/LTE + IoT,"IoT700, LTE700",2025,Telstra,872168,-24.33977,133.4581,,Y,Y,,,,,,,,,,,,,,10.474182939649632,3G/UMTS + 4G/LTE,"UMTS900, LTE700",2025,Optus,872192,-24.321417,133.633583,,Y,,Y,,,,,,,,,,,,Y,Federal Mobile Black Spot Program (MBSP),4.0,717.6885022716788,4G/LTE,LTE850,2025,TPG,4825002,-20.73424,139.49366,,,Y,,,,,,,,,,,10.474182939649632,Optus,489,Titjikala School,48.83291197875928,Combined,Government,Remote,School Single Entity,0,-24.67244,134.07331,50123,56575.0,16575.0,50123,Titjikala School,48.83291197875928,Combined,Government,Remote,School Single Entity,0,-24.67244,134.07331,50123,56575.0,16575.0,50123,38.35872903910965,38.35872903910965,No,No,No,No,,70900103,South MacDonnell Ranges,709001,Amoonguna - Santa Teresa - Titjikala,709,Apatula,7,Northern Territory,31517.5382,Within polygon,Matched,651,171,821,14,29,137,420,188,34,35,360,645,1.0,2.5,10.9,6,16,14,773,55,7,64,688,12.3,8.4,7.4,43,ABS 2021 Census Indigenous Profile,Indigenous Location (ILOC),2021
791,PWERTENTYE,JACK BRISCOE'S CAMP,Family Outstation,CENTRAL DESERT,AKITYARRE,CENTRAL LAND COUNCIL,NAMATJIRA,CENTRAL AUSTRALIA,,Not recorded,-23.37291,134.79239,https://bushtel.nt.gov.au/profile/791,Not listed,Not confirmed,,,,,,,,,,,,,46.6776454403103,4G/LTE + IoT,"IoT700, LTE700",2025,Telstra,872152,-22.97496,134.93773,,Y,Y,,,,,,,,,,,Y,REGIONAL CO-INVESTMENT: NT ISCA,1.0,14.17366852258752,3G/UMTS + 4G/LTE,"UMTS900, LTE700",2025,Optus,872188,-23.45604,134.68709,,Y,,Y,,,,,,,,,,,,Y,Federal Mobile Black Spot Program (MBSP),4.0,566.353886754917,4G/LTE,LTE850,2025,TPG,4825002,-20.73424,139.49366,,,Y,,,,,,,,,,,14.17366852258752,Optus,436,Harts Range School,45.52866652894871,Combined,Government,Very Remote,School Single Entity,0,-22.9844,134.933,50093,56551.0,16551.0,50093,Harts Range School,45.52866652894871,Combined,Government,Very Remote,School Single Entity,0,-22.9844,134.933,50093,56551.0,16551.0,50093,31.354998006361186,31.354998006361186,No,No,No,No,,70900502,Atitjere - Akarnenehe Outstations,709005,Atitjere - Akarnenehe - Engawala,709,Apatula,7,Northern Territory,67455.8399,Within polygon,Matched,68,60,126,10,26,26,32,21,4,24,277,762,1.3,3.8,29.6,0,23,5,89,14,10,22,63,37.5,26.4,16.5,36,ABS 2021 Census Indigenous Profile,Indigenous Location (ILOC),2021
874,RARANGANTJUTA,No aliases recorded with NTG DIPL,Family Outstation,MACDONNELL,LJIRAPINTA,CENTRAL LAND COUNCIL,GWOJA,CENTRAL AUSTRALIA,,Not recorded,-23.98488,133.14814,https://bushtel.nt.gov.au/profile/874,Not listed,Not confirmed,,,,,,,,,,,,,16.693561282218276,4G/LTE + 5G/NR + IoT,"IoT700, LTE700, LTE850, NR850",2025,Telstra,872102,-24.12447,133.087629,,Y,Y,Y,,,,,Y,,,,,Y,Federal Mobile Black Spot Program (MBSP),1.0,23.125828177244188,3G/UMTS + 4G/LTE,"UMTS900, LTE700",2025,Optus,872169,-23.7882,133.0742,,Y,,Y,,,,,,,,,,,,Y,Federal Mobile Black Spot Program (MBSP),4.0,745.8041196445496,4G/LTE,LTE850,2025,TPG,4825002,-20.73424,139.49366,,,Y,,,,,,,,,,,16.693561282218276,Telstra,403,Wallace Rockhole School,16.66424874736494,Combined,Government,Very Remote,School Single Entity,0,-24.1233,133.085237,50127,56576.0,16576.0,50127,Wallace Rockhole School,16.66424874736494,Combined,Government,Very Remote,School Single Entity,0,-24.1233,133.085237,50127,56576.0,16576.0,50127,-0.0293125348533358,-0.0293125348533358,Yes,Yes,No,No,,70901403,Tjuwanpa Outstations,709014,West MacDonnell Ranges,709,Apatula,7,Northern Territory,15970.5215,Within polygon,Matched,90,98,188,21,38,31,60,36,8,27,352,1166,1.5,4.3,51.2,0,21,12,134,28,19,47,85,43.5,34.6,19.5,59,ABS 2021 Census Indigenous Profile,Indigenous Location (ILOC),2021
552,RAYMANGIRR,"RAMANGIRR,RAMUNGIRR",Family Outstation,EAST ARNHEM,GUMURR MIYARRKA,NORTHERN LAND COUNCIL,ARNHEM,EAST ARNHEM,26.0,Homelands Service Provider Report 2023,-12.34031,136.00253,https://bushtel.nt.gov.au/profile/552,Not listed,Not confirmed,,,,,,,,,,,,,28.199244605647586,4G/LTE + IoT,"IoT700, LTE700, LTE2600",2025,Telstra,880002,-12.50333,135.80361,,Y,Y,,,,Y,,,,,,,,,,85.9755524892273,4G/LTE + IoT,"NBIoT700, LTE700, LTE2600",2025,Optus,880003,-12.181375,136.776877,Y,,,Y,,,,,Y,,,,,,,,,,527.3084405520872,4G/LTE,"LTE850, LTE1800, LTE2100",2025,TPG,836002,-12.55419,131.15106,,,Y,Y,Y,,,,,,,,,28.199244605647586,Telstra,295,Gapuwiyak School,27.990694169756345,Combined,Government,Very Remote,School Single Entity,0,-12.50553,135.80806,50057,47952.0,7952.0,50057,Gapuwiyak School,27.990694169756345,Combined,Government,Very Remote,School Single Entity,0,-12.50553,135.80806,50057,47952.0,7952.0,50057,-0.2085504358912437,-0.2085504358912437,Yes,Yes,No,No,,70600202,Gapuwiyak Outstations,706002,Gapuwiyak and Outstations,706,Nhulunbuy,7,Northern Territory,6341.3536,Within polygon,Matched,23,42,63,7,12,11,23,11,4,29,327,1156,1.6,4.7,50.0,0,11,5,48,9,0,9,36,0.0,20.4,20.4,19,ABS 2021 Census Indigenous Profile,Indigenous Location (ILOC),2021
799,RED LILY,"GIINDA,GINA",Family Outstation,WEST ARNHEM,KAKADU,NORTHERN LAND COUNCIL,ARAFURA,TOP END,5.0,Homelands Service Provider Report 2023,-12.86449,132.56967,https://bushtel.nt.gov.au/profile/799,Not listed,Not confirmed,,,,,,,,,,,,,6.884935462364648,4G/LTE + 5G/NR + IoT,"IoT700, LTE700, LTE850, NR850",2025,Telstra,886002,-12.90601,132.52255,,Y,Y,Y,,,,,Y,,,,,,,,35.98314940733928,4G/LTE + IoT,"NBIoT700, LTE700, LTE2600",2025,Optus,886001,-12.669492,132.834471,Y,,,Y,,,,,Y,,,,,,,,,,156.3034043157695,4G/LTE,"LTE850, LTE1800, LTE2100",2025,TPG,836004,-12.613261,131.151729,,,Y,Y,Y,,,,,,,,,6.884935462364648,Telstra,542,Jabiru Area School,35.642704186847205,Combined,Government,Remote,School Single Entity,0,-12.67577,132.83534,50053,47971.0,7971.0,50053,Jabiru Area School,35.642704186847205,Combined,Government,Remote,School Single Entity,0,-12.67577,132.83534,50053,47971.0,7971.0,50053,28.75776872448256,28.75776872448256,No,No,No,No,,70400202,Kakadu - Marrakai - Surrounds,704002,Kakadu - Marrakai - Jabiru,704,Jabiru - Tiwi,7,Northern Territory,25261.6924,Within polygon,Matched,104,101,206,14,30,35,53,66,11,33,496,1649,1.3,3.2,17.8,3,24,10,165,82,13,94,62,14.0,56.4,48.5,44,ABS 2021 Census Indigenous Profile,Indigenous Location (ILOC),2021
5,RED SANDHILL,INTJIRRANGA,Family Outstation,MACDONNELL,LJIRAPINTA,CENTRAL LAND COUNCIL,GWOJA,CENTRAL AUSTRALIA,3.0,Homelands Service Provider Report 2023,-24.00974,132.85279,https://bushtel.nt.gov.au/profile/5,Not listed,Not confirmed,,,,,,,,,,,,,10.77550024448034,4G/LTE + IoT,"IoT700, LTE700, LTE2600",2025,Telstra,872034,-23.94213,132.77681,,Y,Y,,,,Y,,,,,,,,,,12.57272497077546,3G/UMTS + 4G/LTE,"UMTS900, LTE700",2025,Optus,872189,-24.056241,132.739943,,Y,,Y,,,,,,,,,,,,Y,Federal Mobile Black Spot Program (MBSP),4.0,773.7410841705836,4G/LTE,LTE850,2025,TPG,4825002,-20.73424,139.49366,,,Y,,,,,,,,,,,10.77550024448034,Telstra,485,Ntaria School,10.793120608445593,Combined,Government,Very Remote,School Single Entity,0,-23.94262,132.776051,50111,56572.0,16572.0,50111,Ntaria School,10.793120608445593,Combined,Government,Very Remote,School Single Entity,0,-23.94262,132.776051,50111,56572.0,16572.0,50111,0.0176203639652534,0.0176203639652534,No,No,No,No,,70901403,Tjuwanpa Outstations,709014,West MacDonnell Ranges,709,Apatula,7,Northern Territory,15970.5215,Within polygon,Matched,90,98,188,21,38,31,60,36,8,27,352,1166,1.5,4.3,51.2,0,21,12,134,28,19,47,85,43.5,34.6,19.5,59,ABS 2021 Census Indigenous Profile,Indigenous Location (ILOC),2021
414,REDCLIFF,YEDDAIRT,Family Outstation,WEST DALY,THAMARRURR/PINDI PINDI,NORTHERN LAND COUNCIL,DALY,TOP END,27.0,Homelands Service Provider Report 2023,-14.01484,129.70813,https://bushtel.nt.gov.au/profile/414,Not listed,Not confirmed,,,,,,,,,,,,,32.252327543677595,4G/LTE + 5G/NR + IoT,"IoT700, LTE700, LTE850, LTE2600, NR850, NR2600",2025,Telstra,822038,-14.24033,129.52,,Y,Y,Y,,,Y,,Y,,Y,,,,,,141.2476073110593,3G/UMTS + 4G/LTE,"UMTS900, LTE700",2025,Optus,822091,-13.164608,130.679087,,Y,,Y,,,,,,,,,,,,Y,Federal Mobile Black Spot Program (MBSP),2.0,211.58942720273825,4G/LTE + 5G/NR,"LTE850, LTE1800, LTE2100, NR700",2025,TPG,800002,-12.4651,130.8425,,,Y,Y,Y,Y,,,,,,,,32.252327543677595,Telstra,252,Our Lady of the Sacred Heart Thamarrurr Catholic College,32.22449809521462,Combined,Catholic,Remote,School Single Entity,0,-14.2404,129.5205,50144,53310.0,13310.0,50144,Our Lady of the Sacred Heart Thamarrurr Catholic College,32.22449809521462,Combined,Catholic,Remote,School Single Entity,0,-14.2404,129.5205,50144,53310.0,13310.0,50144,-0.0278294484629739,-0.0278294484629739,Yes,Yes,No,No,,70400501,Thamarrurr exc. Wadeye,704005,Thamarrurr inc. Wadeye,704,Jabiru - Tiwi,7,Northern Territory,3352.8699,Within polygon,Matched,96,89,188,14,38,56,57,23,5,21,233,860,1.9,4.9,35.3,4,25,11,140,21,30,53,85,60.8,37.2,14.6,52,ABS 2021 Census Indigenous Profile,Indigenous Location (ILOC),2021
144,RODNA,No aliases recorded with NTG DIPL,Family Outstation,MACDONNELL,LJIRAPINTA,CENTRAL LAND COUNCIL,GWOJA,CENTRAL AUSTRALIA,,Not recorded,-23.76213,132.67042,https://bushtel.nt.gov.au/profile/144,Not listed,Not confirmed,,,,,,,,,,,,,22.75235839589075,4G/LTE + IoT,"IoT700, LTE700, LTE2600",2025,Telstra,872034,-23.94213,132.77681,,Y,Y,,,,Y,,,,,,,,,,8.557115669874376,3G/UMTS,UMTS900,2025,Optus,872142,-23.6852,132.6726,,Y,,,,,,,,,,,,,,,,,778.6038080336389,4G/LTE,LTE850,2025,TPG,4825002,-20.73424,139.49366,,,Y,,,,,,,,,,,8.557115669874376,Optus,520,Ntaria School,22.76376636521313,Combined,Government,Very Remote,School Single Entity,0,-23.94262,132.776051,50111,56572.0,16572.0,50111,Ntaria School,22.76376636521313,Combined,Government,Very Remote,School Single Entity,0,-23.94262,132.776051,50111,56572.0,16572.0,50111,14.206650695338752,14.206650695338752,No,No,No,No,,70901403,Tjuwanpa Outstations,709014,West MacDonnell Ranges,709,Apatula,7,Northern Territory,15970.5215,Within polygon,Matched,90,98,188,21,38,31,60,36,8,27,352,1166,1.5,4.3,51.2,0,21,12,134,28,19,47,85,43.5,34.6,19.5,59,ABS 2021 Census Indigenous Profile,Indigenous Location (ILOC),2021
480,RURRANGALA,"DHUWALKITJI,RURRANALI",Family Outstation,EAST ARNHEM,GUMURR MIWATJ,NORTHERN LAND COUNCIL,ARNHEM,EAST ARNHEM,14.0,Homelands Service Provider Report 2023,-12.90425,136.25382,https://bushtel.nt.gov.au/profile/480,Not listed,Not confirmed,,,,,,,,,,,,,66.12347486749431,4G/LTE + IoT,"IoT700, LTE700, LTE2600",2025,Telstra,880002,-12.50333,135.80361,,Y,Y,,,,Y,,,,,,,,,,98.40794363565124,4G/LTE + IoT,"NBIoT700, LTE700, LTE2600",2025,Optus,880003,-12.181375,136.776877,Y,,,Y,,,,,Y,,,,,,,,,,554.2549597667122,4G/LTE,"LTE850, LTE1800, LTE2100",2025,TPG,836004,-12.613261,131.151729,,,Y,Y,Y,,,,,,,,,66.12347486749431,Telstra,66,Baniyala Garrangali School,33.06703650776732,Combined,Government,Very Remote,School Single Entity,0,-13.2004,136.2261,50139,67690.0,27690.0,50139,Baniyala Garrangali School,33.06703650776732,Combined,Government,Very Remote,School Single Entity,0,-13.2004,136.2261,50139,67690.0,27690.0,50139,-33.05643835972699,-33.05643835972699,Yes,Yes,No,Yes,,70600304,Laynhapuy,706003,Laynhapuy - Gumatj Homelands,706,Nhulunbuy,7,Northern Territory,5255.6095,Within polygon,Matched,112,87,204,13,32,38,65,46,16,31,262,1187,1.7,4.6,52.6,4,17,12,161,24,7,30,114,23.1,16.0,12.3,45,ABS 2021 Census Indigenous Profile,Indigenous Location (ILOC),2021
861,RUTJINGKA,No aliases recorded with NTG DIPL,Family Outstation,MACDONNELL,LJIRAPINTA,CENTRAL LAND COUNCIL,GWOJA,CENTRAL AUSTRALIA,2.0,Homelands Service Provider Report 2023,-23.91581,132.81527,https://bushtel.nt.gov.au/profile/861,Yes,Confirmed,Primary name,RUTJINGKA,0.0346349418322543,RUTJINGKA,COMMUNITY,5.0,,,YES,TELSTRA,-23.916,132.815,4.883184664759366,4G/LTE + IoT,"IoT700, LTE700, LTE2600",2025,Telstra,872034,-23.94213,132.77681,,Y,Y,,,,Y,,,,,,,,,,17.38962528895704,3G/UMTS + 4G/LTE,"UMTS900, LTE700",2025,Optus,872189,-24.056241,132.739943,,Y,,Y,,,,,,,,,,,,Y,Federal Mobile Black Spot Program (MBSP),4.0,772.5188318848624,4G/LTE,LTE850,2025,TPG,4825002,-20.73424,139.49366,,,Y,,,,,,,,,,,4.883184664759366,Telstra,573,Ntaria School,4.977587304173351,Combined,Government,Very Remote,School Single Entity,0,-23.94262,132.776051,50111,56572.0,16572.0,50111,Ntaria School,4.977587304173351,Combined,Government,Very Remote,School Single Entity,0,-23.94262,132.776051,50111,56572.0,16572.0,50111,0.0944026394139854,0.0944026394139854,No,No,No,No,,70901403,Tjuwanpa Outstations,709014,West MacDonnell Ranges,709,Apatula,7,Northern Territory,15970.5215,Within polygon,Matched,90,98,188,21,38,31,60,36,8,27,352,1166,1.5,4.3,51.2,0,21,12,134,28,19,47,85,43.5,34.6,19.5,59,ABS 2021 Census Indigenous Profile,Indigenous Location (ILOC),2021
837,SABINA,MUDJALINDI,Family Outstation,WEST DALY,THAMARRURR/PINDI PINDI,NORTHERN LAND COUNCIL,DALY,TOP END,,Not recorded,-13.8603,129.93195,https://bushtel.nt.gov.au/profile/837,Not listed,Not confirmed,,,,,,,,,,,,,36.6784987005986,4G/LTE + IoT,"IoT700, LTE700",2025,Telstra,822068,-14.15629,130.082,,Y,Y,,,,,,,,,,,,,,111.84462536164358,3G/UMTS + 4G/LTE,"UMTS900, LTE700",2025,Optus,822091,-13.164608,130.679087,,Y,,Y,,,,,,,,,,,,Y,Federal Mobile Black Spot Program (MBSP),2.0,183.81341140479967,4G/LTE + 5G/NR,"LTE850, LTE1800, LTE2100, NR700",2025,TPG,800002,-12.4651,130.8425,,,Y,Y,Y,Y,,,,,,,,36.6784987005986,Telstra,212,St Francis Xavier Catholic School - Wudikapildiyer Homeland Learning Centre Campus,7.581288531447487,Combined,Catholic,Very Remote,School Sub-Campus,0,-13.8593246864877,130.002167496203,53319,,13312.0,50145,St Francis Xavier Catholic School - Wudikapildiyer Homeland Learning Centre Campus,7.581288531447487,Combined,Catholic,Very Remote,School Sub-Campus,0,-13.8593246864877,130.002167496203,53319,,13312.0,50145,-29.097210169151115,-29.097210169151115,Yes,Yes,No,No,,70400101,Douglas-Daly,704001,Douglas-Daly,704,Jabiru - Tiwi,7,Northern Territory,34368.2996,Within polygon,Matched,87,77,169,14,32,24,65,18,15,30,340,919,1.6,3.3,25.0,0,24,3,119,32,4,34,78,9.4,27.1,24.6,46,ABS 2021 Census Indigenous Profile,Indigenous Location (ILOC),2021
14153168,SALT BORE,No aliases recorded with NTG DIPL,Family Outstation,MACDONNELL,RODINGA,CENTRAL LAND COUNCIL,NAMATJIRA,CENTRAL AUSTRALIA,4.0,Homelands Service Provider Report 2023,-23.7712,134.52822,https://bushtel.nt.gov.au/profile/14153168,Not listed,Not confirmed,,,,,,,,,,,,,42.81556854881023,4G/LTE + IoT,"IoT700, LTE700",2025,Telstra,872023,-24.13028,134.37611,,Y,Y,,,,,,,,,,,,,,19.91185834556721,3G/UMTS,UMTS900,2025,Optus,872149,-23.5959,134.4883,,Y,,,,,,,,,,,,,,,,,612.4172662567094,4G/LTE,LTE850,2025,TPG,4825002,-20.73424,139.49366,,,Y,,,,,,,,,,,19.91185834556721,Optus,368,Ltyentye Apurte Catholic School,42.761104682985646,Combined,Catholic,Remote,School Single Entity,0,-24.12922,134.37461,50142,53311.0,13311.0,50142,Ltyentye Apurte Catholic School,42.761104682985646,Combined,Catholic,Remote,School Single Entity,0,-24.12922,134.37461,50142,53311.0,13311.0,50142,22.849246337418435,22.849246337418435,No,No,No,No,,70900103,South MacDonnell Ranges,709001,Amoonguna - Santa Teresa - Titjikala,709,Apatula,7,Northern Territory,31517.5382,Within polygon,Matched,651,171,821,14,29,137,420,188,34,35,360,645,1.0,2.5,10.9,6,16,14,773,55,7,64,688,12.3,8.4,7.4,43,ABS 2021 Census Indigenous Profile,Indigenous Location (ILOC),2021
988,SANDRIDGE,POLICE LAGOON,Family Outstation,ROPER GULF,SOUTH WEST GULF,NORTHERN LAND COUNCIL,BARKLY,BIG RIVERS,16.0,Homelands Service Provider Report 2023,-16.04184,136.34854,https://bushtel.nt.gov.au/profile/988,Not listed,Not confirmed,,,,,,,,,,,,,4.719261463524999,4G/LTE + IoT,"IoT700, LTE700, LTE1800, LTE2100, LTE2600",2025,Telstra,854001,-16.05361,136.30611,,Y,Y,,Y,Y,Y,,,,,,,,,,97.43503785728052,3G/UMTS,UMTS900,2025,Optus,852089,-16.6834,135.7265,,Y,,,,,,,,,,,,,,Y,Federal Mobile Black Spot Program (MBSP),2.0,618.3008372945434,4G/LTE,LTE850,2025,TPG,4825002,-20.73424,139.49366,,,Y,,,,,,,,,,,4.719261463524999,Telstra,575,Borroloola School,4.84776380629941,Combined,Government,Very Remote,School Single Entity,0,-16.0582,136.30649,50056,47921.0,7921.0,50056,Borroloola School,4.84776380629941,Combined,Government,Very Remote,School Single Entity,0,-16.0582,136.30649,50056,47921.0,7921.0,50056,0.1285023427744107,0.1285023427744107,No,No,No,No,,70500401,Mabunji - Mungoorbada Outstations,705004,Gulf,705,Katherine,7,Northern Territory,55041.1368,Within polygon,Matched,62,43,104,7,17,23,30,21,8,30,407,916,1.9,3.6,48.1,4,12,3,79,23,9,28,52,22.2,34.6,26.9,24,ABS 2021 Census Indigenous Profile,Indigenous Location (ILOC),2021
892,SANDY BAY,No aliases recorded with NTG DIPL,Family Outstation,WEST ARNHEM,BARRAH,NORTHERN LAND COUNCIL,ARAFURA,TOP END,4.0,Homelands Service Provider Report 2023,-11.20719,132.58027,https://bushtel.nt.gov.au/profile/892,Yes,Confirmed,Primary name,SANDY BAY,0.0362445241219321,SANDY BAY,COMMUNITY,5.0,,,YES,TELSTRA,-11.207,132.58,6.628366121252795,4G/LTE + IoT,"IoT700, LTE700, LTE850",2025,Telstra,822032,-11.1479,132.57398,,Y,Y,Y,,,,,,,,,,Y,Federal Mobile Black Spot Program (MBSP),1.0,141.6945235814934,3G/UMTS + 4G/LTE,"UMTS900, LTE700",2025,Optus,822106,-12.42654,132.95842,,Y,,Y,,,,,,,,,,,,Y,Federal Mobile Black Spot Program (MBSP),5.0,215.9123299407929,4G/LTE,"LTE850, LTE1800, LTE2100",2025,TPG,836002,-12.55419,131.15106,,,Y,Y,Y,,,,,,,,,6.628366121252795,Telstra,551,Mamaruni School,6.525160619907929,Combined,Government,Very Remote,School Single Entity,0,-11.14856,132.57775,50098,47955.0,7955.0,50098,Mamaruni School,6.525160619907929,Combined,Government,Very Remote,School Single Entity,0,-11.14856,132.57775,50098,47955.0,7955.0,50098,-0.103205501344866,-0.103205501344866,Yes,Yes,No,No,,70400401,Cobourg Peninsula - Demed Homelands,704004,North-West Arnhem,704,Jabiru - Tiwi,7,Northern Territory,23675.7318,Within polygon,Matched,145,127,279,27,57,40,102,44,3,27,239,1218,2.4,5.6,70.3,4,34,22,190,45,3,48,138,8.3,24.7,22.7,84,ABS 2021 Census Indigenous Profile,Indigenous Location (ILOC),2021
24898,SANDY BORE,ARNAPIPE,Family Outstation,MACDONNELL,LJIRAPINTA,CENTRAL LAND COUNCIL,GWOJA,CENTRAL AUSTRALIA,6.0,Homelands Service Provider Report 2023,-24.5603,132.4995,https://bushtel.nt.gov.au/profile/24898,Not listed,Not confirmed,,,,,,,,,,,,,63.63694595835712,4G/LTE + IoT,"IoT700, LTE700",2025,Telstra,872138,-25.12908,132.569341,,Y,Y,,,,,,,,,,,Y,Federal Mobile Black Spot Program (MBSP),1.0,61.11596402734397,3G/UMTS + 4G/LTE,"UMTS900, LTE700",2025,Optus,872189,-24.056241,132.739943,,Y,,Y,,,,,,,,,,,,Y,Federal Mobile Black Spot Program (MBSP),4.0,834.1313274520468,4G/LTE,LTE850,2025,TPG,4825002,-20.73424,139.49366,,,Y,,,,,,,,,,,61.11596402734397,Optus,78,Areyonga School,58.88893319789244,Combined,Government,Very Remote,School Single Entity,0,-24.0737,132.27011,50078,47881.0,7881.0,50078,Areyonga School,58.88893319789244,Combined,Government,Very Remote,School Single Entity,0,-24.0737,132.27011,50078,47881.0,7881.0,50078,-2.227030829451529,-2.227030829451529,Yes,Yes,Yes,Yes,Review,70900802,Kaltukatjara Outstations,709008,Kaltukatjara and Outstations,709,Apatula,7,Northern Territory,87474.9608,Within polygon,Matched,28,34,60,8,7,8,17,16,3,29,295,966,1.7,3.7,40.0,0,5,6,46,14,5,12,35,14.3,29.8,25.5,15,ABS 2021 Census Indigenous Profile,Indigenous Location (ILOC),2021
958,SCOTT POINT,MILYANGKARRNGARNILANGWA,Family Outstation,EAST ARNHEM,ANINDILYAKWA,ANINDILYAKWA LAND COUNCIL,ARNHEM,EAST ARNHEM,,Not recorded,-13.75212,136.84751,https://bushtel.nt.gov.au/profile/958,Not listed,Not confirmed,,,,,,,,,,,,,12.261928627389366,4G/LTE + IoT,"IoT700, LTE700",2025,Telstra,885004,-13.85704,136.812557,,Y,Y,,,,,,,,,,,,,,174.82672225016736,4G/LTE + IoT,"NBIoT700, LTE700, LTE2600",2025,Optus,880003,-12.181375,136.776877,Y,,,Y,,,,,Y,,,,,,,,,,629.4969733269005,4G/LTE,"LTE850, LTE1800, LTE2100",2025,TPG,836004,-12.613261,131.151729,,,Y,Y,Y,,,,,,,,,12.261928627389366,Telstra,467,Alyarrmandumanja Umbakumba School,12.56950219939482,Combined,Government,Very Remote,School Single Entity,0,-13.85975,136.81193,50124,47965.0,7965.0,50124,Alyarrmandumanja Umbakumba School,12.56950219939482,Combined,Government,Very Remote,School Single Entity,0,-13.85975,136.81193,50124,47965.0,7965.0,50124,0.3075735720054542,0.3075735720054542,No,No,No,No,,70600105,Umbakumba and Outstations,706001,Anindilyakwa (Groote),706,Nhulunbuy,7,Northern Territory,1488.7767,Within polygon,Matched,220,225,441,30,55,109,163,69,9,28,128,404,1.5,4.4,45.4,3,34,14,351,56,26,80,247,32.1,23.0,15.6,85,ABS 2021 Census Indigenous Profile,Indigenous Location (ILOC),2021
24902,SNAKE LAGOON,No aliases recorded with NTG DIPL,Family Outstation,ROPER GULF,SOUTH WEST GULF,NORTHERN LAND COUNCIL,BARKLY,BIG RIVERS,6.0,Homelands Service Provider Report 2023,-16.20322,136.91303,https://bushtel.nt.gov.au/profile/24902,Not listed,Not confirmed,,,,,,,,,,,,,62.15530891596399,4G/LTE + IoT,"IoT700, LTE700",2025,Telstra,862019,-16.75799,136.9844,,Y,Y,,,,,,,,,,,,,,137.3430936250818,3G/UMTS,UMTS900,2025,Optus,852089,-16.6834,135.7265,,Y,,,,,,,,,,,,,,Y,Federal Mobile Black Spot Program (MBSP),2.0,572.5974495584549,4G/LTE,LTE850,2025,TPG,4825002,-20.73424,139.49366,,,Y,,,,,,,,,,,62.15530891596399,Telstra,74,Robinson River School,62.3008102056804,Combined,Government,Very Remote,School Single Entity,0,-16.7597,136.981,50118,56541.0,16541.0,50118,Robinson River School,62.3008102056804,Combined,Government,Very Remote,School Single Entity,0,-16.7597,136.981,50118,56541.0,16541.0,50118,0.1455012897164067,0.1455012897164067,No,No,Yes,Yes,Review,70500401,Mabunji - Mungoorbada Outstations,705004,Gulf,705,Katherine,7,Northern Territory,55041.1368,Within polygon,Matched,62,43,104,7,17,23,30,21,8,30,407,916,1.9,3.6,48.1,4,12,3,79,23,9,28,52,22.2,34.6,26.9,24,ABS 2021 Census Indigenous Profile,Indigenous Location (ILOC),2021
948,SNAKE WELL,"AKNGWIRRWELTYE,SNAKE CREEK",Family Outstation,MACDONNELL,RODINGA,CENTRAL LAND COUNCIL,NAMATJIRA,CENTRAL AUSTRALIA,19.0,Homelands Service Provider Report 2023,-23.15946,133.91529,https://bushtel.nt.gov.au/profile/948,Not listed,Not confirmed,,,,,,,,,,,,,39.88748103168842,4G/LTE,"LTE700, LTE850",2025,Telstra,872209,-22.96586,134.24351,,,Y,Y,,,,,,,,,,Y,REGIONAL CO-INVESTMENT: RCP - Greenfield Macro,2.0,39.53804181251265,3G/UMTS,UMTS900,2025,Optus,872147,-22.96838,134.24121,,Y,,,,,,,,,,,,,,Y,Federal Mobile Black Spot Program (MBSP),2.0,635.3143654034961,4G/LTE,LTE850,2025,TPG,4825002,-20.73424,139.49366,,,Y,,,,,,,,,,,39.53804181251265,Optus,194,Braitling Primary School,57.79602703291722,Primary,Government,Remote,School Single Entity,0,-23.677393,133.867691,50016,47884.0,7884.0,50016,St Philip's College,59.12506036430432,Secondary,Independent,Remote,School Single Entity,0,-23.690364169117,133.883128746033,50155,53284.0,13284.0,50155,19.587018551791665,18.25798522040457,No,No,Yes,No,,70901402,Ingkerreke Outstations,709014,West MacDonnell Ranges,709,Apatula,7,Northern Territory,9777.1413,Within polygon,Matched,106,82,189,20,24,23,62,45,11,32,341,762,1.2,2.9,16.1,6,15,3,141,14,4,14,92,23.5,12.3,9.4,44,ABS 2021 Census Indigenous Profile,Indigenous Location (ILOC),2021
262,SOUTH WEST ISLAND,"WATHANKA,WATHUNGA",Family Outstation,ROPER GULF,SOUTH WEST GULF,NORTHERN LAND COUNCIL,BARKLY,BIG RIVERS,10.0,Homelands Service Provider Report 2023,-15.68902,136.68821,https://bushtel.nt.gov.au/profile/262,Not listed,Not confirmed,,,,,,,,,,,,,57.56494200206187,4G/LTE + IoT,"IoT700, LTE700, LTE1800, LTE2100, LTE2600",2025,Telstra,854001,-16.05361,136.30611,,Y,Y,,Y,Y,Y,,,,,,,,,,150.90524733346027,3G/UMTS,UMTS900,2025,Optus,852089,-16.6834,135.7265,,Y,,,,,,,,,,,,,,Y,Federal Mobile Black Spot Program (MBSP),2.0,634.3952702074441,4G/LTE,LTE850,2025,TPG,4825002,-20.73424,139.49366,,,Y,,,,,,,,,,,57.56494200206187,Telstra,93,Borroloola School,57.896521665367246,Combined,Government,Very Remote,School Single Entity,0,-16.0582,136.30649,50056,47921.0,7921.0,50056,Borroloola School,57.896521665367246,Combined,Government,Very Remote,School Single Entity,0,-16.0582,136.30649,50056,47921.0,7921.0,50056,0.3315796633053764,0.3315796633053764,No,No,Yes,Yes,Review,70500401,Mabunji - Mungoorbada Outstations,705004,Gulf,705,Katherine,7,Northern Territory,55041.1368,Within polygon,Matched,62,43,104,7,17,23,30,21,8,30,407,916,1.9,3.6,48.1,4,12,3,79,23,9,28,52,22.2,34.6,26.9,24,ABS 2021 Census Indigenous Profile,Indigenous Location (ILOC),2021
953,SPOTTED TIGER,UNPEYEKENHE,Family Outstation,CENTRAL DESERT,AKITYARRE,CENTRAL LAND COUNCIL,NAMATJIRA,CENTRAL AUSTRALIA,4.0,Homelands Service Provider Report 2023,-23.04308,134.91761,https://bushtel.nt.gov.au/profile/953,Not listed,Not confirmed,,,,,,,,,,,,,7.849537509464644,4G/LTE + IoT,"IoT700, LTE700",2025,Telstra,872152,-22.97496,134.93773,,Y,Y,,,,,,,,,,,Y,REGIONAL CO-INVESTMENT: NT ISCA,1.0,51.6063879086153,3G/UMTS + 4G/LTE,"UMTS900, LTE700",2025,Optus,872188,-23.45604,134.68709,,Y,,Y,,,,,,,,,,,,Y,Federal Mobile Black Spot Program (MBSP),4.0,537.380480838761,4G/LTE,LTE850,2025,TPG,4825002,-20.73424,139.49366,,,Y,,,,,,,,,,,7.849537509464644,Telstra,528,Harts Range School,6.712346258615944,Combined,Government,Very Remote,School Single Entity,0,-22.9844,134.933,50093,56551.0,16551.0,50093,Harts Range School,6.712346258615944,Combined,Government,Very Remote,School Single Entity,0,-22.9844,134.933,50093,56551.0,16551.0,50093,-1.1371912508486997,-1.1371912508486997,Yes,Yes,No,No,,70900502,Atitjere - Akarnenehe Outstations,709005,Atitjere - Akarnenehe - Engawala,709,Apatula,7,Northern Territory,67455.8399,Within polygon,Matched,68,60,126,10,26,26,32,21,4,24,277,762,1.3,3.8,29.6,0,23,5,89,14,10,22,63,37.5,26.4,16.5,36,ABS 2021 Census Indigenous Profile,Indigenous Location (ILOC),2021
419,SPRING PEAK,URGDURR,Family Outstation,WEST ARNHEM,KAKADU,NORTHERN LAND COUNCIL,ARAFURA,TOP END,25.0,Homelands Service Provider Report 2023,-12.96266,132.45424,https://bushtel.nt.gov.au/profile/419,Not listed,Not confirmed,,,,,,,,,,,,,9.720314031911869,4G/LTE + 5G/NR + IoT,"IoT700, LTE700, LTE850, NR850",2025,Telstra,886002,-12.90601,132.52255,,Y,Y,Y,,,,,Y,,,,,,,,52.55763054291759,4G/LTE + IoT,"NBIoT700, LTE700, LTE2600",2025,Optus,886001,-12.669492,132.834471,Y,,,Y,,,,,Y,,,,,,,,,,146.48604899897182,4G/LTE,"LTE850, LTE1800, LTE2100",2025,TPG,836004,-12.613261,131.151729,,,Y,Y,Y,,,,,,,,,9.720314031911869,Telstra,504,Jabiru Area School,52.20166446376172,Combined,Government,Remote,School Single Entity,0,-12.67577,132.83534,50053,47971.0,7971.0,50053,Jabiru Area School,52.20166446376172,Combined,Government,Remote,School Single Entity,0,-12.67577,132.83534,50053,47971.0,7971.0,50053,42.48135043184985,42.48135043184985,No,No,Yes,No,,70400202,Kakadu - Marrakai - Surrounds,704002,Kakadu - Marrakai - Jabiru,704,Jabiru - Tiwi,7,Northern Territory,25261.6924,Within polygon,Matched,104,101,206,14,30,35,53,66,11,33,496,1649,1.3,3.2,17.8,3,24,10,165,82,13,94,62,14.0,56.4,48.5,44,ABS 2021 Census Indigenous Profile,Indigenous Location (ILOC),2021
18,SUGAR CREEK,"ANTJAKWERA,ANTJAKWERRA,ARRAWARRA,GANTJAKWERRA",Family Outstation,MACDONNELL,LJIRAPINTA,CENTRAL LAND COUNCIL,GWOJA,CENTRAL AUSTRALIA,,Not recorded,-23.94974,132.57363,https://bushtel.nt.gov.au/profile/18,Not listed,Not confirmed,,,,,,,,,,,,,20.665374204650146,4G/LTE + IoT,"IoT700, LTE700, LTE2600",2025,Telstra,872034,-23.94213,132.77681,,Y,Y,,,,Y,,,,,,,,,,20.631246999524127,3G/UMTS + 4G/LTE,"UMTS900, LTE700",2025,Optus,872189,-24.056241,132.739943,,Y,,Y,,,,,,,,,,,,Y,Federal Mobile Black Spot Program (MBSP),4.0,796.2926900002933,4G/LTE,LTE850,2025,TPG,4825002,-20.73424,139.49366,,,Y,,,,,,,,,,,20.631246999524127,Optus,362,Ntaria School,20.58609979658083,Combined,Government,Very Remote,School Single Entity,0,-23.94262,132.776051,50111,56572.0,16572.0,50111,Ntaria School,20.58609979658083,Combined,Government,Very Remote,School Single Entity,0,-23.94262,132.776051,50111,56572.0,16572.0,50111,-0.0451472029432977,-0.0451472029432977,Yes,Yes,No,No,,70901403,Tjuwanpa Outstations,709014,West MacDonnell Ranges,709,Apatula,7,Northern Territory,15970.5215,Within polygon,Matched,90,98,188,21,38,31,60,36,8,27,352,1166,1.5,4.3,51.2,0,21,12,134,28,19,47,85,43.5,34.6,19.5,59,ABS 2021 Census Indigenous Profile,Indigenous Location (ILOC),2021
1013,TAKAPIMILIYI,No aliases recorded with NTG DIPL,Family Outstation,TIWI ISLANDS,PIRLANGIMPI WARD,TIWI LAND COUNCIL,ARAFURA,TOP END,2.0,Homelands Service Provider Report 2023,-11.81528,130.80161,https://bushtel.nt.gov.au/profile/1013,Not listed,Not confirmed,,,,,,,,,,,,,11.00019559941018,4G/LTE + IoT,"IoT700, LTE700",2025,Telstra,822100,-11.76948,130.891187,,Y,Y,,,,,,,,,,,Y,REGIONAL CO-INVESTMENT: Small Cell Satellite,,58.37666851084418,4G/LTE + IoT,"NBIoT700, LTE700",2025,Optus,822104,-12.27084,131.06841,Y,,,Y,,,,,,,,,,,,Y,Federal Mobile Black Spot Program (MBSP),5.0,60.73357599860295,4G/LTE,"LTE850, LTE1800, LTE2100",2025,TPG,810002,-12.35583,130.88167,,,Y,Y,Y,,,,,,,,,11.00019559941018,Telstra,484,Tiwi College,11.00895280202068,Combined,Independent,Very Remote,School Single Entity,0,-11.76667,130.88972,50164,67652.0,27652.0,50164,Tiwi College,11.00895280202068,Combined,Independent,Very Remote,School Single Entity,0,-11.76667,130.88972,50164,67652.0,27652.0,50164,0.0087572026105,0.0087572026105,No,No,No,No,,70400603,Tiwi Islands - Wilderness,704006,Tiwi Islands,704,Jabiru - Tiwi,7,Northern Territory,7449.7682,Within polygon,Matched,77,62,141,9,43,42,29,13,3,16,185,949,1.5,4.0,30.4,0,20,48,87,22,7,33,54,31.3,36.8,25.3,52,ABS 2021 Census Indigenous Profile,Indigenous Location (ILOC),2021
424,TARACUMBI,"TARINTIPI,TARRACUMBI,TURACUMBI",Family Outstation,TIWI ISLANDS,MILIKAPITI WARD,TIWI LAND COUNCIL,ARAFURA,TOP END,,Not recorded,-11.60806,130.71131,https://bushtel.nt.gov.au/profile/424,Not listed,Not confirmed,,,,,,,,,,,,,18.374433732187093,4G/LTE + IoT,"IoT700, LTE700, LTE2600",2025,Telstra,822025,-11.75639,130.63694,,Y,Y,,,,Y,,,,,,,,,,83.31016372971402,4G/LTE + IoT,"NBIoT700, LTE700",2025,Optus,822104,-12.27084,131.06841,Y,,,Y,,,,,,,,,,,,Y,Federal Mobile Black Spot Program (MBSP),5.0,85.18814729289156,4G/LTE,"LTE850, LTE1800, LTE2100",2025,TPG,810002,-12.35583,130.88167,,,Y,Y,Y,,,,,,,,,18.374433732187093,Telstra,382,Murrupurtiyanuwu Catholic Primary School,18.542970248055745,Primary,Catholic,Remote,School Single Entity,0,-11.758671,130.638203,50143,53313.0,13313.0,50143,Xavier Catholic College,18.37556244230877,Secondary,Catholic,Remote,School Single Entity,0,-11.757347,130.63894,50146,53314.0,13314.0,50146,0.001128710121673,0.1685365158686522,No,No,No,No,,70400603,Tiwi Islands - Wilderness,704006,Tiwi Islands,704,Jabiru - Tiwi,7,Northern Territory,7449.7682,Within polygon,Matched,77,62,141,9,43,42,29,13,3,16,185,949,1.5,4.0,30.4,0,20,48,87,22,7,33,54,31.3,36.8,25.3,52,ABS 2021 Census Indigenous Profile,Indigenous Location (ILOC),2021
767,TARAWARA,"TARAWERA,TARAWERA BORE",Family Outstation,MACDONNELL,LURITJA PINTUBI,CENTRAL LAND COUNCIL,GWOJA,CENTRAL AUSTRALIA,,Not recorded,-23.54726,131.41338,https://bushtel.nt.gov.au/profile/767,Not listed,Not confirmed,,,,,,,,,,,,,35.38667212924446,4G/LTE + IoT,"IoT700, LTE700",2025,Telstra,872082,-23.25451,131.2774,,Y,Y,,,,,,,,,,,Y,Federal Mobile Black Spot Program (MBSP),1.0,78.8869043272883,3G/UMTS + 4G/LTE,"UMTS900, LTE700",2025,Optus,872146,-24.251,131.5116,,Y,,Y,,,,,,,,,,,,Y,Federal Mobile Black Spot Program (MBSP),2.0,888.8651679339476,4G/LTE,LTE850,2025,TPG,4825002,-20.73424,139.49366,,,Y,,,,,,,,,,,35.38667212924446,Telstra,229,Watiyawanu School,34.31922346605496,Combined,Government,Very Remote,School Single Entity,0,-23.266169,131.274489,50130,47906.0,7906.0,50130,Watiyawanu School,34.31922346605496,Combined,Government,Very Remote,School Single Entity,0,-23.266169,131.274489,50130,47906.0,7906.0,50130,-1.0674486631895022,-1.0674486631895022,Yes,Yes,No,No,,70900601,Haasts Bluff and Outstations,709006,Haasts Bluff - Mount Liebig (Watiyawanu),709,Apatula,7,Northern Territory,2854.43,Within polygon,Matched,53,62,118,11,19,26,37,18,5,25,228,1375,2.3,5.1,55.0,6,13,5,83,18,4,21,62,13.0,27.7,24.1,30,ABS 2021 Census Indigenous Profile,Indigenous Location (ILOC),2021
306,TIGERS CAMP,"WAMUNYI,WANNINGUJI,WANUNGI",Family Outstation,WEST ARNHEM,BARRAH,NORTHERN LAND COUNCIL,ARAFURA,TOP END,,Not recorded,-11.47407,132.77662,https://bushtel.nt.gov.au/profile/306,Not listed,Not confirmed,,,,,,,,,,,,,42.46867257387364,4G/LTE + IoT,"IoT700, LTE700, LTE850",2025,Telstra,822032,-11.1479,132.57398,,Y,Y,Y,,,,,,,,,,Y,Federal Mobile Black Spot Program (MBSP),1.0,107.74065595190277,3G/UMTS + 4G/LTE,"UMTS900, LTE700",2025,Optus,822106,-12.42654,132.95842,,Y,,Y,,,,,,,,,,,,Y,Federal Mobile Black Spot Program (MBSP),5.0,213.72959172952147,4G/LTE,"LTE850, LTE1800, LTE2100",2025,TPG,836002,-12.55419,131.15106,,,Y,Y,Y,,,,,,,,,42.46867257387364,Telstra,176,Mamaruni School,42.19328460609562,Combined,Government,Very Remote,School Single Entity,0,-11.14856,132.57775,50098,47955.0,7955.0,50098,Mamaruni School,42.19328460609562,Combined,Government,Very Remote,School Single Entity,0,-11.14856,132.57775,50098,47955.0,7955.0,50098,-0.2753879677780233,-0.2753879677780233,Yes,Yes,No,No,,70400401,Cobourg Peninsula - Demed Homelands,704004,North-West Arnhem,704,Jabiru - Tiwi,7,Northern Territory,23675.7318,Within polygon,Matched,145,127,279,27,57,40,102,44,3,27,239,1218,2.4,5.6,70.3,4,34,22,190,45,3,48,138,8.3,24.7,22.7,84,ABS 2021 Census Indigenous Profile,Indigenous Location (ILOC),2021
891,TIMOR SPRINGS,No aliases recorded with NTG DIPL,Family Outstation,WEST ARNHEM,BARRAH,NORTHERN LAND COUNCIL,ARAFURA,TOP END,,Not recorded,-11.09665,132.57399,https://bushtel.nt.gov.au/profile/891,Not listed,Not confirmed,,,,,,,,,,,,,5.6987479664147145,4G/LTE + IoT,"IoT700, LTE700, LTE850",2025,Telstra,822032,-11.1479,132.57398,,Y,Y,Y,,,,,,,,,,Y,Federal Mobile Black Spot Program (MBSP),1.0,153.68455431076333,3G/UMTS + 4G/LTE,"UMTS900, LTE700",2025,Optus,822106,-12.42654,132.95842,,Y,,Y,,,,,,,,,,,,Y,Federal Mobile Black Spot Program (MBSP),5.0,224.1621844429256,4G/LTE,"LTE850, LTE1800, LTE2100",2025,TPG,836002,-12.55419,131.15106,,,Y,Y,Y,,,,,,,,,5.6987479664147145,Telstra,562,Mamaruni School,5.78669665613317,Combined,Government,Very Remote,School Single Entity,0,-11.14856,132.57775,50098,47955.0,7955.0,50098,Mamaruni School,5.78669665613317,Combined,Government,Very Remote,School Single Entity,0,-11.14856,132.57775,50098,47955.0,7955.0,50098,0.0879486897184556,0.0879486897184556,No,No,No,No,,70400401,Cobourg Peninsula - Demed Homelands,704004,North-West Arnhem,704,Jabiru - Tiwi,7,Northern Territory,23675.7318,Within polygon,Matched,145,127,279,27,57,40,102,44,3,27,239,1218,2.4,5.6,70.3,4,34,22,190,45,3,48,138,8.3,24.7,22.7,84,ABS 2021 Census Indigenous Profile,Indigenous Location (ILOC),2021
62,TINKI,"IRRIMATITJA,TJINKI,TRACTOR BORE",Family Outstation,MACDONNELL,LURITJA PINTUBI,CENTRAL LAND COUNCIL,GWOJA,CENTRAL AUSTRALIA,,Not recorded,-23.27331,129.55768,https://bushtel.nt.gov.au/profile/62,Not listed,Not confirmed,,,,,,,,,,,,,17.435837656432746,4G/LTE + IoT,"IoT700, LTE700",2025,Telstra,872046,-23.27311,129.386987,,Y,Y,,,,,,,,,,,Y,REGIONAL CO-INVESTMENT: NT ISCA,1.0,226.62104040091967,3G/UMTS + 4G/LTE,"UMTS900, LTE700",2025,Optus,872146,-24.251,131.5116,,Y,,Y,,,,,,,,,,,,Y,Federal Mobile Black Spot Program (MBSP),2.0,1062.256526634604,4G/LTE,LTE850,2025,TPG,4825002,-20.73424,139.49366,,,Y,,,,,,,,,,,17.435837656432746,Telstra,391,Walungurru School,17.366877807890123,Combined,Government,Very Remote,School Single Entity,0,-23.27712,129.38771,50128,56577.0,16577.0,50128,Yirara College - Kintore Campus,17.16020618526383,Secondary,Independent,Very Remote,School Sub-Campus,0,-23.278159,129.389765,40933,77481.0,14276.0,50156,-0.2756314711689143,-0.0689598485426223,Yes,Yes,No,No,,70901302,Walungurru Outstations,709013,Walungurru and Outstations,709,Apatula,7,Northern Territory,28754.6795,Within polygon,Matched,0,0,0,0,0,0,0,0,0,0,0,0,0.0,0.0,0.0,0,0,0,0,0,0,0,0,0.0,0.0,0.0,0,ABS 2021 Census Indigenous Profile,Indigenous Location (ILOC),2021
149,TJAMANGKURRA,TJAMANGKURA,Family Outstation,MACDONNELL,LJIRAPINTA,CENTRAL LAND COUNCIL,GWOJA,CENTRAL AUSTRALIA,4.0,Homelands Service Provider Report 2023,-23.9689,132.80529,https://bushtel.nt.gov.au/profile/149,Yes,Confirmed,Primary name,TJAMANGKURRA,0.0314940891979901,TJAMANGKURRA,COMMUNITY,5.0,,,YES,TELSTRA,-23.969,132.805,4.151651364753249,4G/LTE + IoT,"IoT700, LTE700, LTE2600",2025,Telstra,872034,-23.94213,132.77681,,Y,Y,,,,Y,,,,,,,,,,11.763335306285004,3G/UMTS + 4G/LTE,"UMTS900, LTE700",2025,Optus,872189,-24.056241,132.739943,,Y,,Y,,,,,,,,,,,,Y,Federal Mobile Black Spot Program (MBSP),4.0,776.0289457345106,4G/LTE,LTE850,2025,TPG,4825002,-20.73424,139.49366,,,Y,,,,,,,,,,,4.151651364753249,Telstra,579,Ntaria School,4.16738990598404,Combined,Government,Very Remote,School Single Entity,0,-23.94262,132.776051,50111,56572.0,16572.0,50111,Ntaria School,4.16738990598404,Combined,Government,Very Remote,School Single Entity,0,-23.94262,132.776051,50111,56572.0,16572.0,50111,0.0157385412307906,0.0157385412307906,No,No,No,No,,70901403,Tjuwanpa Outstations,709014,West MacDonnell Ranges,709,Apatula,7,Northern Territory,15970.5215,Within polygon,Matched,90,98,188,21,38,31,60,36,8,27,352,1166,1.5,4.3,51.2,0,21,12,134,28,19,47,85,43.5,34.6,19.5,59,ABS 2021 Census Indigenous Profile,Indigenous Location (ILOC),2021
880,TJAUWATA,No aliases recorded with NTG DIPL,Family Outstation,MACDONNELL,IYARRKA,CENTRAL LAND COUNCIL,GWOJA,CENTRAL AUSTRALIA,,Not recorded,-24.91526,129.12181,https://bushtel.nt.gov.au/profile/880,Not listed,Not confirmed,,,,,,,,,,,,,6.354992286937104,4G/LTE + IoT,"IoT700, LTE700",2025,Telstra,872125,-24.87253,129.079969,,Y,Y,,,,,,,,,,,,,,189.2915424031991,4G/LTE + 5G/NR + IoT,"NBIoT700, LTE700, LTE900, LTE2100, LTE2600, NR700, NR900, NR2100",2025,Optus,872155,-25.191336,130.976089,Y,,,Y,Y,,Y,,Y,Y,Y,Y,,,,,,,991.487250938333,4G/LTE,"LTE850, LTE1800",2025,TPG,6430002,-30.7382,121.47878,,,Y,Y,,,,,,,,,,6.354992286937104,Telstra,555,Nyangatjatjara College - Kaltukatjara Campus (Docker River) Primary Campus,6.159075580952335,Primary,Independent,Very Remote,School Sub-Campus,0,-24.8729892831282,129.082349495758,40902,77301.0,14570.0,50160,Nyangatjatjara College - Kaltukatjara Campus (Docker River) Secondary Campus,5.966262347740107,Secondary,Independent,Very Remote,School Sub-Campus,0,-24.8812918779094,129.076019609991,53390,89017.0,14570.0,50160,-0.3887299391969963,-0.1959167059847688,Yes,Yes,No,No,,70900802,Kaltukatjara Outstations,709008,Kaltukatjara and Outstations,709,Apatula,7,Northern Territory,87474.9608,Within polygon,Matched,28,34,60,8,7,8,17,16,3,29,295,966,1.7,3.7,40.0,0,5,6,46,14,5,12,35,14.3,29.8,25.5,15,ABS 2021 Census Indigenous Profile,Indigenous Location (ILOC),2021
762,TJINTIRTJINTIRPA,"TJINTITJIWTIPA,WILLYWAGTAIL",Family Outstation,MACDONNELL,LURITJA PINTUBI,CENTRAL LAND COUNCIL,GWOJA,CENTRAL AUSTRALIA,,Not recorded,-23.28522,131.27059,https://bushtel.nt.gov.au/profile/762,Yes,Confirmed,Primary name,TJINTIRTJINTIRPA,0.0484983226491624,TJINTIRTJINTIRPA,COMMUNITY,5.0,,,YES,TELSTRA,-23.285,131.271,3.4849362726318662,4G/LTE + IoT,"IoT700, LTE700",2025,Telstra,872082,-23.25451,131.2774,,Y,Y,,,,,,,,,,,Y,Federal Mobile Black Spot Program (MBSP),1.0,110.15497003166048,3G/UMTS + 4G/LTE,"UMTS900, LTE700",2025,Optus,872146,-24.251,131.5116,,Y,,Y,,,,,,,,,,,,Y,Federal Mobile Black Spot Program (MBSP),2.0,893.7282437579516,4G/LTE,LTE850,2025,TPG,4825002,-20.73424,139.49366,,,Y,,,,,,,,,,,3.4849362726318662,Telstra,588,Watiyawanu School,2.1554901902698,Combined,Government,Very Remote,School Single Entity,0,-23.266169,131.274489,50130,47906.0,7906.0,50130,Watiyawanu School,2.1554901902698,Combined,Government,Very Remote,School Single Entity,0,-23.266169,131.274489,50130,47906.0,7906.0,50130,-1.3294460823620668,-1.3294460823620668,Yes,Yes,No,No,,70900602,Mount Liebig and Outstations,709006,Haasts Bluff - Mount Liebig (Watiyawanu),709,Apatula,7,Northern Territory,699.4702,Within polygon,Matched,113,118,234,21,60,35,57,48,5,24,229,1359,2.0,6.2,60.0,4,44,13,152,30,3,32,113,6.3,20.8,19.5,81,ABS 2021 Census Indigenous Profile,Indigenous Location (ILOC),2021
267,TJOUNGOURI,"RYANS BEND,TJUNGOURI,YUNGURIE",Family Outstation,ROPER GULF,SOUTH WEST GULF,NORTHERN LAND COUNCIL,BARKLY,BIG RIVERS,,Not recorded,-16.17126,136.04365,https://bushtel.nt.gov.au/profile/267,Not listed,Not confirmed,,,,,,,,,,,,,29.78087197360757,4G/LTE + IoT,"IoT700, LTE700, LTE2600",2025,Telstra,852058,-16.43509,136.09167,,Y,Y,,,,Y,,,,,,,,,,66.23592007107798,3G/UMTS,UMTS900,2025,Optus,852089,-16.6834,135.7265,,Y,,,,,,,,,,,,,,Y,Federal Mobile Black Spot Program (MBSP),2.0,624.3086470085875,4G/LTE,LTE850,2025,TPG,4825002,-20.73424,139.49366,,,Y,,,,,,,,,,,29.78087197360757,Telstra,277,Borroloola School,30.76409676230892,Combined,Government,Very Remote,School Single Entity,0,-16.0582,136.30649,50056,47921.0,7921.0,50056,Borroloola School,30.76409676230892,Combined,Government,Very Remote,School Single Entity,0,-16.0582,136.30649,50056,47921.0,7921.0,50056,0.9832247887013494,0.9832247887013494,No,No,No,No,,70500401,Mabunji - Mungoorbada Outstations,705004,Gulf,705,Katherine,7,Northern Territory,55041.1368,Within polygon,Matched,62,43,104,7,17,23,30,21,8,30,407,916,1.9,3.6,48.1,4,12,3,79,23,9,28,52,22.2,34.6,26.9,24,ABS 2021 Census Indigenous Profile,Indigenous Location (ILOC),2021
151,TJULPUNGU,"ATLEE CREEK,ATLEY CREEK,CHURLPUNGU,DJULPUNG,JURLPUNGU,JUURLUPUNGU,TJUPUNGU",Family Outstation,CENTRAL DESERT,SOUTHERN TANAMI,CENTRAL LAND COUNCIL,GWOJA,CENTRAL AUSTRALIA,,Not recorded,-21.83419,131.41348,https://bushtel.nt.gov.au/profile/151,Not listed,Not confirmed,,,,,,,,,,,,,61.07869428253367,4G/LTE + IoT,"IoT700, LTE700, LTE2600",2025,Telstra,872025,-22.25156,131.79875,,Y,Y,,,,Y,,,,,,,,,,209.2051090499978,3G/UMTS + 4G/LTE,"UMTS900, LTE700",2025,Optus,872135,-22.13295,133.4167,,Y,,Y,,,,,,,,,,,,,,,845.9703620242406,4G/LTE,LTE850,2025,TPG,4825002,-20.73424,139.49366,,,Y,,,,,,,,,,,61.07869428253367,Telstra,79,Yuendumu School,61.3007779607488,Combined,Government,Very Remote,School Single Entity,0,-22.25565,131.796889,50068,46730.0,6730.0,50068,Yuendumu School,61.3007779607488,Combined,Government,Very Remote,School Single Entity,0,-22.25565,131.796889,50068,46730.0,6730.0,50068,0.2220836782151352,0.2220836782151352,No,No,Yes,Yes,Review,70901701,Yuendumu and Outstations,709017,Yuendumu and Outstations,709,Apatula,7,Northern Territory,22120.9495,Within polygon,Matched,312,303,617,62,138,99,171,110,33,25,254,1012,1.6,4.7,43.2,12,102,36,418,73,29,95,307,28.1,22.7,16.4,200,ABS 2021 Census Indigenous Profile,Indigenous Location (ILOC),2021
152,TJUNTI,LASSETERS CAVE,Family Outstation,MACDONNELL,IYARRKA,CENTRAL LAND COUNCIL,GWOJA,CENTRAL AUSTRALIA,,Not recorded,-25.01763,129.40113,https://bushtel.nt.gov.au/profile/152,Not listed,Not confirmed,,,,,,,,,,,,,36.17716734116056,4G/LTE + IoT,"IoT700, LTE700",2025,Telstra,872125,-24.87253,129.079969,,Y,Y,,,,,,,,,,,,,,159.75531762852097,4G/LTE + 5G/NR + IoT,"NBIoT700, LTE700, LTE900, LTE2100, LTE2600, NR700, NR900, NR2100",2025,Optus,872155,-25.191336,130.976089,Y,,,Y,Y,,Y,,Y,Y,Y,Y,,,,,,,1004.9096905091968,4G/LTE,"LTE850, LTE1800",2025,TPG,6430002,-30.7382,121.47878,,,Y,Y,,,,,,,,,,36.17716734116056,Telstra,220,Nyangatjatjara College - Kaltukatjara Campus (Docker River) Primary Campus,35.93957450662618,Primary,Independent,Very Remote,School Sub-Campus,0,-24.8729892831282,129.082349495758,40902,77301.0,14570.0,50160,Nyangatjatjara College - Kaltukatjara Campus (Docker River) Secondary Campus,36.11324685824363,Secondary,Independent,Very Remote,School Sub-Campus,0,-24.8812918779094,129.076019609991,53390,89017.0,14570.0,50160,-0.0639204829169344,-0.2375928345343823,Yes,Yes,No,No,,70900802,Kaltukatjara Outstations,709008,Kaltukatjara and Outstations,709,Apatula,7,Northern Territory,87474.9608,Within polygon,Matched,28,34,60,8,7,8,17,16,3,29,295,966,1.7,3.7,40.0,0,5,6,46,14,5,12,35,14.3,29.8,25.5,15,ABS 2021 Census Indigenous Profile,Indigenous Location (ILOC),2021
153,TJUNTINANTA,"KIKUNKURRA,TJUNINANTA",Family Outstation,MACDONNELL,IYARRKA,CENTRAL LAND COUNCIL,GWOJA,CENTRAL AUSTRALIA,,Not recorded,-24.85187,129.23084,https://bushtel.nt.gov.au/profile/153,Not listed,Not confirmed,,,,,,,,,,,,,15.393712532894988,4G/LTE + IoT,"IoT700, LTE700",2025,Telstra,872125,-24.87253,129.079969,,Y,Y,,,,,,,,,,,,,,179.85401072683518,4G/LTE + 5G/NR + IoT,"NBIoT700, LTE700, LTE900, LTE2100, LTE2600, NR700, NR900, NR2100",2025,Optus,872155,-25.191336,130.976089,Y,,,Y,Y,,Y,,Y,Y,Y,Y,,,,,,,1004.3603191577408,4G/LTE,"LTE850, LTE1800",2025,TPG,6430002,-30.7382,121.47878,,,Y,Y,,,,,,,,,,15.393712532894988,Telstra,421,Nyangatjatjara College - Kaltukatjara Campus (Docker River) Primary Campus,15.164074322870787,Primary,Independent,Very Remote,School Sub-Campus,0,-24.8729892831282,129.082349495758,40902,77301.0,14570.0,50160,Nyangatjatjara College - Kaltukatjara Campus (Docker River) Secondary Campus,15.958177500484336,Secondary,Independent,Very Remote,School Sub-Campus,0,-24.8812918779094,129.076019609991,53390,89017.0,14570.0,50160,0.5644649675893483,-0.2296382100242002,Yes,No,No,No,,70900802,Kaltukatjara Outstations,709008,Kaltukatjara and Outstations,709,Apatula,7,Northern Territory,87474.9608,Within polygon,Matched,28,34,60,8,7,8,17,16,3,29,295,966,1.7,3.7,40.0,0,5,6,46,14,5,12,35,14.3,29.8,25.5,15,ABS 2021 Census Indigenous Profile,Indigenous Location (ILOC),2021
154,TNAWURTA,"KWATJINMARRA,TNUWURTA",Family Outstation,MACDONNELL,LJIRAPINTA,CENTRAL LAND COUNCIL,GWOJA,CENTRAL AUSTRALIA,4.0,Homelands Service Provider Report 2023,-23.9989,132.83835,https://bushtel.nt.gov.au/profile/154,Not listed,Not confirmed,,,,,,,,,,,,,8.885121569024445,4G/LTE + IoT,"IoT700, LTE700, LTE2600",2025,Telstra,872034,-23.94213,132.77681,,Y,Y,,,,Y,,,,,,,,,,11.854878118166452,3G/UMTS + 4G/LTE,"UMTS900, LTE700",2025,Optus,872189,-24.056241,132.739943,,Y,,Y,,,,,,,,,,,,Y,Federal Mobile Black Spot Program (MBSP),4.0,774.509513724105,4G/LTE,LTE850,2025,TPG,4825002,-20.73424,139.49366,,,Y,,,,,,,,,,,8.885121569024445,Telstra,518,Ntaria School,8.901161085904299,Combined,Government,Very Remote,School Single Entity,0,-23.94262,132.776051,50111,56572.0,16572.0,50111,Ntaria School,8.901161085904299,Combined,Government,Very Remote,School Single Entity,0,-23.94262,132.776051,50111,56572.0,16572.0,50111,0.0160395168798537,0.0160395168798537,No,No,No,No,,70901403,Tjuwanpa Outstations,709014,West MacDonnell Ranges,709,Apatula,7,Northern Territory,15970.5215,Within polygon,Matched,90,98,188,21,38,31,60,36,8,27,352,1166,1.5,4.3,51.2,0,21,12,134,28,19,47,85,43.5,34.6,19.5,59,ABS 2021 Census Indigenous Profile,Indigenous Location (ILOC),2021
928,TNERTE,No aliases recorded with NTG DIPL,Family Outstation,MACDONNELL,RODINGA,CENTRAL LAND COUNCIL,NAMATJIRA,CENTRAL AUSTRALIA,19.0,Homelands Service Provider Report 2023,-23.74715,133.72011,https://bushtel.nt.gov.au/profile/928,Yes,Confirmed,Primary name,TNERTE,0.0200884233540457,TNERTE,COMMUNITY,15.0,,,YES,TELSTRA,-23.747,133.72,9.689090719641952,4G/LTE + IoT,"IoT700, LTE700, LTE2600",2025,Telstra,873001,-23.74989,133.81526,,Y,Y,,,,Y,,,,,,,,,,13.492970116252692,4G/LTE + 5G/NR + IoT,"NBIoT700, LTE700, LTE900, LTE1800, LTE2100, LTE2600, NR700, NR900, NR2100",2025,Optus,870064,-23.69695,133.84078,Y,,,Y,Y,Y,Y,,Y,Y,Y,Y,,,,,,,682.0412222440418,4G/LTE,LTE850,2025,TPG,4825002,-20.73424,139.49366,,,Y,,,,,,,,,,,9.689090719641952,Telstra,505,Living Waters Lutheran School,12.608824862917446,Primary,Independent,Remote,School Single Entity,0,-23.69766,133.83155,50151,46877.0,6877.0,50151,Araluen Christian College,14.15492518606155,Combined,Independent,Remote,School Single Entity,0,-23.70771,133.85232,40343,55336.0,15336.0,40343,4.465834466419599,2.919734143275494,No,No,No,No,,70900103,South MacDonnell Ranges,709001,Amoonguna - Santa Teresa - Titjikala,709,Apatula,7,Northern Territory,31517.5382,Within polygon,Matched,651,171,821,14,29,137,420,188,34,35,360,645,1.0,2.5,10.9,6,16,14,773,55,7,64,688,12.3,8.4,7.4,43,ABS 2021 Census Indigenous Profile,Indigenous Location (ILOC),2021
155,TNYIMIPURTA,"TNJIMIPUTA,TNYIMIPIRTA,TNYIMIPUTA,TNYIMPIRTA",Family Outstation,MACDONNELL,LJIRAPINTA,CENTRAL LAND COUNCIL,GWOJA,CENTRAL AUSTRALIA,11.0,Homelands Service Provider Report 2023,-23.88779,132.67113,https://bushtel.nt.gov.au/profile/155,Yes,Confirmed,Primary name,TNYIMIPURTA,0.0268320625829274,TNYIMIPURTA,COMMUNITY,8.0,,,YES,TELSTRA,-23.888,132.671,12.325000542921698,4G/LTE + IoT,"IoT700, LTE700, LTE2600",2025,Telstra,872034,-23.94213,132.77681,,Y,Y,,,,Y,,,,,,,,,,19.993268305142205,3G/UMTS + 4G/LTE,"UMTS900, LTE700",2025,Optus,872189,-24.056241,132.739943,,Y,,Y,,,,,,,,,,,,Y,Federal Mobile Black Spot Program (MBSP),4.0,784.3898546843573,4G/LTE,LTE850,2025,TPG,4825002,-20.73424,139.49366,,,Y,,,,,,,,,,,12.325000542921698,Telstra,464,Ntaria School,12.284747069226652,Combined,Government,Very Remote,School Single Entity,0,-23.94262,132.776051,50111,56572.0,16572.0,50111,Ntaria School,12.284747069226652,Combined,Government,Very Remote,School Single Entity,0,-23.94262,132.776051,50111,56572.0,16572.0,50111,-0.0402534736950457,-0.0402534736950457,Yes,Yes,No,No,,70901403,Tjuwanpa Outstations,709014,West MacDonnell Ranges,709,Apatula,7,Northern Territory,15970.5215,Within polygon,Matched,90,98,188,21,38,31,60,36,8,27,352,1166,1.5,4.3,51.2,0,21,12,134,28,19,47,85,43.5,34.6,19.5,59,ABS 2021 Census Indigenous Profile,Indigenous Location (ILOC),2021
14153250,TODD RIVER DOWNS,No aliases recorded with NTG DIPL,Family Outstation,MACDONNELL,RODINGA,CENTRAL LAND COUNCIL,NAMATJIRA,CENTRAL AUSTRALIA,1.0,Homelands Service Provider Report 2023,-24.2584,135.2705,https://bushtel.nt.gov.au/profile/14153250,Not listed,Not confirmed,,,,,,,,,,,,,91.82763081185342,4G/LTE + IoT,"IoT700, LTE700",2025,Telstra,872023,-24.13028,134.37611,,Y,Y,,,,,,,,,,,,,,107.14391047820816,3G/UMTS + 4G/LTE,"UMTS900, LTE700",2025,Optus,872188,-23.45604,134.68709,,Y,,Y,,,,,,,,,,,,Y,Federal Mobile Black Spot Program (MBSP),4.0,584.5459507242783,4G/LTE,LTE850,2025,TPG,4825002,-20.73424,139.49366,,,Y,,,,,,,,,,,91.82763081185342,Telstra,27,Ltyentye Apurte Catholic School,91.99663499811358,Combined,Catholic,Remote,School Single Entity,0,-24.12922,134.37461,50142,53311.0,13311.0,50142,Ltyentye Apurte Catholic School,91.99663499811358,Combined,Catholic,Remote,School Single Entity,0,-24.12922,134.37461,50142,53311.0,13311.0,50142,0.1690041862601532,0.1690041862601532,No,No,Yes,Yes,Review,70900103,South MacDonnell Ranges,709001,Amoonguna - Santa Teresa - Titjikala,709,Apatula,7,Northern Territory,31517.5382,Within polygon,Matched,651,171,821,14,29,137,420,188,34,35,360,645,1.0,2.5,10.9,6,16,14,773,55,7,64,688,12.3,8.4,7.4,43,ABS 2021 Census Indigenous Profile,Indigenous Location (ILOC),2021
970,TOMMYHAWK SWAMP,No aliases recorded with NTG DIPL,Family Outstation,BARKLY,ALYAWARR,CENTRAL LAND COUNCIL,BARKLY,BARKLY,4.0,Homelands Service Provider Report 2023,-22.19431,134.59274,https://bushtel.nt.gov.au/profile/970,Not listed,Not confirmed,,,,,,,,,,,,,22.32940869123096,4G/LTE + 5G/NR + IoT,"IoT700, LTE700, LTE850, NR850",2025,Telstra,872116,-22.086785,134.7758417,,Y,Y,Y,,,,,Y,,,,,,,,93.33329105235958,3G/UMTS,UMTS900,2025,Optus,872147,-22.96838,134.24121,,Y,,,,,,,,,,,,,,Y,Federal Mobile Black Spot Program (MBSP),2.0,532.4766648266476,4G/LTE,LTE850,2025,TPG,4825002,-20.73424,139.49366,,,Y,,,,,,,,,,,22.32940869123096,Telstra,348,Arlparra School,22.21006927010181,Combined,Government,Very Remote,School Single Entity,0,-22.087628,134.775047,40836,68613.0,28613.0,40836,Arlparra School,22.21006927010181,Combined,Government,Very Remote,School Single Entity,0,-22.087628,134.775047,40836,68613.0,28613.0,40836,-0.1193394211291476,-0.1193394211291476,Yes,Yes,No,No,,70901204,Utopia - Arawerr - Arlparra,709012,Urapuntja,709,Apatula,7,Northern Territory,2624.214,Within polygon,Matched,159,209,372,30,92,60,108,59,22,25,373,1297,2.3,5.1,59.1,12,60,27,249,31,19,47,159,37.0,18.5,11.7,122,ABS 2021 Census Indigenous Profile,Indigenous Location (ILOC),2021
30,TOWN BORE,"ARKILKI,ARRKILKI,DERWENT BORE",Family Outstation,MACDONNELL,LURITJA PINTUBI,CENTRAL LAND COUNCIL,GWOJA,CENTRAL AUSTRALIA,15.0,Homelands Service Provider Report 2023,-23.35473,132.06416,https://bushtel.nt.gov.au/profile/30,Not listed,Not confirmed,,,,,,,,,,,,,23.21791705973973,4G/LTE + IoT,"IoT700, LTE700",2025,Telstra,872058,-23.19087,131.92328,,Y,Y,,,,,,,,,,,,,,52.58385017120818,3G/UMTS + 4G/LTE,"UMTS900, LTE700",2025,Optus,872191,-23.5863,132.51367,,Y,,Y,,,,,,,,,,,,Y,Federal Mobile Black Spot Program (MBSP),5.0,819.13172114788,4G/LTE,LTE850,2025,TPG,4825002,-20.73424,139.49366,,,Y,,,,,,,,,,,23.21791705973973,Telstra,342,Haasts Bluff School,21.437206324722062,Combined,Government,Very Remote,School Single Entity,0,-23.44753,131.88003,50092,47887.0,7887.0,50092,Haasts Bluff School,21.437206324722062,Combined,Government,Very Remote,School Single Entity,0,-23.44753,131.88003,50092,47887.0,7887.0,50092,-1.7807107350176672,-1.7807107350176672,Yes,Yes,No,No,,70900601,Haasts Bluff and Outstations,709006,Haasts Bluff - Mount Liebig (Watiyawanu),709,Apatula,7,Northern Territory,2854.43,Within polygon,Matched,53,62,118,11,19,26,37,18,5,25,228,1375,2.3,5.1,55.0,6,13,5,83,18,4,21,62,13.0,27.7,24.1,30,ABS 2021 Census Indigenous Profile,Indigenous Location (ILOC),2021
423,TREE POINT,DURDUGU,Family Outstation,LITCHFIELD,NORTH WARD,NORTHERN LAND COUNCIL,NELSON,"DARWIN, PALMERSTON, LITCHFIELD",,Not recorded,-12.30839,131.01819,https://bushtel.nt.gov.au/profile/423,Not listed,Not confirmed,,,,,,,,,,,,,13.984955857657054,4G/LTE + IoT,"IoT700, LTE700, LTE1800",2025,Telstra,812005,-12.36998,130.90594,,Y,Y,,Y,,,,,,,,,,,,6.870547357080056,4G/LTE + IoT,"NBIoT700, LTE700",2025,Optus,822104,-12.27084,131.06841,Y,,,Y,,,,,,,,,,,,Y,Federal Mobile Black Spot Program (MBSP),5.0,13.97910850199509,4G/LTE,"LTE850, LTE1800, LTE2100",2025,TPG,812007,-12.37106,130.90663,,,Y,Y,Y,,,,,,,,,6.870547357080056,Optus,543,Leanyer Primary School,14.795978924759686,Primary,Government,Outer Regional,School Single Entity,0,-12.37524696,130.90042061,50031,47983.0,7983.0,50031,O'Loughlin Catholic College,15.041540915411971,Secondary,Catholic,Outer Regional,School Single Entity,0,-12.39337,130.91045,40346,46880.0,6880.0,40346,8.170993558331915,7.925431567679629,No,No,No,No,,70300704,Howard Springs - Gunn Point,703007,Litchfield,703,Darwin,7,Northern Territory,1329.6466,Within polygon,Matched,1011,256,1269,33,85,253,662,217,26,31,942,3117,1.2,3.8,13.9,11,53,56,1155,186,10,190,960,3.7,16.6,15.9,118,ABS 2021 Census Indigenous Profile,Indigenous Location (ILOC),2021
649,TURKEY LAGOON,"BANANDA,BANUNDA,BUNUNDA",Family Outstation,ROPER GULF,YUGUL MANGI,NORTHERN LAND COUNCIL,ARNHEM,BIG RIVERS,,Not recorded,-14.52938,134.75093,https://bushtel.nt.gov.au/profile/649,Not listed,Not confirmed,,,,,,,,,,,,,22.79317304130004,4G/LTE + IoT,"IoT700, LTE700, LTE2600",2025,Telstra,852002,-14.73361,134.73278,,Y,Y,,,,Y,,,,,,,,,,171.22625418098667,3G/UMTS + 4G/LTE,"UMTS900, LTE700",2025,Optus,852113,-14.9541,133.2204,,Y,,Y,,,,,,,,,,,,Y,Federal Mobile Black Spot Program (MBSP),5.0,443.5400854997662,4G/LTE,"LTE850, LTE1800, LTE2100",2025,TPG,836004,-12.613261,131.151729,,,Y,Y,Y,,,,,,,,,22.79317304130004,Telstra,345,Ngukurr School,22.225043561370853,Combined,Government,Very Remote,School Single Entity,0,-14.7285,134.733,50063,47959.0,7959.0,50063,Ngukurr School,22.225043561370853,Combined,Government,Very Remote,School Single Entity,0,-14.7285,134.733,50063,47959.0,7959.0,50063,-0.5681294799291869,-0.5681294799291869,Yes,Yes,No,No,,70500405,Yugul Mangi Outstations,705004,Gulf,705,Katherine,7,Northern Territory,32782.3489,Within polygon,Matched,12,17,24,0,0,3,11,9,0,38,177,687,1.9,4.5,66.7,0,0,0,24,0,4,3,17,40.0,20.0,12.0,0,ABS 2021 Census Indigenous Profile,Indigenous Location (ILOC),2021
785,TURNERS CAMP,SANDY BORE,Family Outstation,MACDONNELL,RODINGA,CENTRAL LAND COUNCIL,NAMATJIRA,CENTRAL AUSTRALIA,24.0,Homelands Service Provider Report 2023,-23.30514,134.06937,https://bushtel.nt.gov.au/profile/785,Not listed,Not confirmed,,,,,,,,,,,,,41.71729563479416,4G/LTE,"LTE700, LTE850",2025,Telstra,872209,-22.96586,134.24351,,,Y,Y,,,,,,,,,,Y,REGIONAL CO-INVESTMENT: RCP - Greenfield Macro,2.0,41.280206078565776,3G/UMTS + 4G/LTE,"UMTS900, LTE700",2025,Optus,872185,-23.5224,134.39741,,Y,,Y,,,,,,,,,,,,Y,Federal Mobile Black Spot Program (MBSP),4.0,627.9078744418407,4G/LTE,LTE850,2025,TPG,4825002,-20.73424,139.49366,,,Y,,,,,,,,,,,41.280206078565776,Optus,182,Braitling Primary School,46.220758570384696,Primary,Government,Remote,School Single Entity,0,-23.677393,133.867691,50016,47884.0,7884.0,50016,St Philip's College,46.856452718370896,Secondary,Independent,Remote,School Single Entity,0,-23.690364169117,133.883128746033,50155,53284.0,13284.0,50155,5.57624663980512,4.94055249181892,No,No,No,No,,70901402,Ingkerreke Outstations,709014,West MacDonnell Ranges,709,Apatula,7,Northern Territory,9777.1413,Within polygon,Matched,106,82,189,20,24,23,62,45,11,32,341,762,1.2,2.9,16.1,6,15,3,141,14,4,14,92,23.5,12.3,9.4,44,ABS 2021 Census Indigenous Profile,Indigenous Location (ILOC),2021
929,TWETYE (A),No aliases recorded with NTG DIPL,Family Outstation,MACDONNELL,RODINGA,CENTRAL LAND COUNCIL,NAMATJIRA,CENTRAL AUSTRALIA,12.0,Homelands Service Provider Report 2023,-23.74034,133.70539,https://bushtel.nt.gov.au/profile/929,Yes,Confirmed,Primary name,TWETYE (A),0.0,TWETYE (A),COMMUNITY,13.0,,,YES,TELSTRA,-23.74034,133.70539,11.233088965884315,4G/LTE + IoT,"IoT700, LTE700, LTE2600",2025,Telstra,873001,-23.74989,133.81526,,Y,Y,,,,Y,,,,,,,,,,14.603112742928158,4G/LTE + 5G/NR + IoT,"NBIoT700, LTE700, LTE900, LTE1800, LTE2100, LTE2600, NR700, NR900, NR2100",2025,Optus,870064,-23.69695,133.84078,Y,,,Y,Y,Y,Y,,Y,Y,Y,Y,,,,,,,683.0029322721399,4G/LTE,LTE850,2025,TPG,4825002,-20.73424,139.49366,,,Y,,,,,,,,,,,11.233088965884315,Telstra,480,Living Waters Lutheran School,13.692157331189025,Primary,Independent,Remote,School Single Entity,0,-23.69766,133.83155,50151,46877.0,6877.0,50151,Araluen Christian College,15.391023562934862,Combined,Independent,Remote,School Single Entity,0,-23.70771,133.85232,40343,55336.0,15336.0,40343,4.157934597050547,2.459068365304708,No,No,No,No,,70900103,South MacDonnell Ranges,709001,Amoonguna - Santa Teresa - Titjikala,709,Apatula,7,Northern Territory,31517.5382,Within polygon,Matched,651,171,821,14,29,137,420,188,34,35,360,645,1.0,2.5,10.9,6,16,14,773,55,7,64,688,12.3,8.4,7.4,43,ABS 2021 Census Indigenous Profile,Indigenous Location (ILOC),2021
930,TWETYE (B),No aliases recorded with NTG DIPL,Family Outstation,MACDONNELL,RODINGA,CENTRAL LAND COUNCIL,NAMATJIRA,CENTRAL AUSTRALIA,24.0,Homelands Service Provider Report 2023,-23.74292,133.69633,https://bushtel.nt.gov.au/profile/930,Yes,Confirmed,Primary name,TWETYE (B),0.0,TWETYE (B),COMMUNITY,26.0,,,YES,TELSTRA,-23.74292,133.69633,12.12959308075636,4G/LTE + IoT,"IoT700, LTE700, LTE2600",2025,Telstra,873001,-23.74989,133.81526,,Y,Y,,,,Y,,,,,,,,,,15.568333257814064,4G/LTE + 5G/NR + IoT,"NBIoT700, LTE700, LTE900, LTE1800, LTE2100, LTE2600, NR700, NR900, NR2100",2025,Optus,870064,-23.69695,133.84078,Y,,,Y,Y,Y,Y,,Y,Y,Y,Y,,,,,,,683.9513179928687,4G/LTE,LTE850,2025,TPG,4825002,-20.73424,139.49366,,,Y,,,,,,,,,,,12.12959308075636,Telstra,469,Living Waters Lutheran School,14.65670677360362,Primary,Independent,Remote,School Single Entity,0,-23.69766,133.83155,50151,46877.0,6877.0,50151,Araluen Christian College,16.354915859864533,Combined,Independent,Remote,School Single Entity,0,-23.70771,133.85232,40343,55336.0,15336.0,40343,4.225322779108174,2.5271136928472604,No,No,No,No,,70900103,South MacDonnell Ranges,709001,Amoonguna - Santa Teresa - Titjikala,709,Apatula,7,Northern Territory,31517.5382,Within polygon,Matched,651,171,821,14,29,137,420,188,34,35,360,645,1.0,2.5,10.9,6,16,14,773,55,7,64,688,12.3,8.4,7.4,43,ABS 2021 Census Indigenous Profile,Indigenous Location (ILOC),2021
931,TYWENPE (A),TWENPE (A),Family Outstation,MACDONNELL,RODINGA,CENTRAL LAND COUNCIL,NAMATJIRA,CENTRAL AUSTRALIA,20.0,Homelands Service Provider Report 2023,-23.72634,133.72928,https://bushtel.nt.gov.au/profile/931,Yes,Confirmed,Primary name,TYWENPE (A),0.0,TYWENPE (A),COMMUNITY,17.0,,,YES,OPTUS/TELSTRA,-23.72634,133.72928,9.135055472973024,4G/LTE + IoT,"IoT700, LTE700, LTE2600",2025,Telstra,873001,-23.74989,133.81526,,Y,Y,,,,Y,,,,,,,,,,11.812655651711516,4G/LTE + 5G/NR + IoT,"NBIoT700, LTE700, LTE900, LTE1800, LTE2100, LTE2600, NR700, NR900, NR2100",2025,Optus,870064,-23.69695,133.84078,Y,,,Y,Y,Y,Y,,Y,Y,Y,Y,,,,,,,680.1242654526133,4G/LTE,LTE850,2025,TPG,4825002,-20.73424,139.49366,,,Y,,,,,,,,,,,9.135055472973024,Telstra,513,Living Waters Lutheran School,10.889331448069932,Primary,Independent,Remote,School Single Entity,0,-23.69766,133.83155,50151,46877.0,6877.0,50151,NT Christian College - Araluen Campus,12.695748879854843,Secondary,Independent,Remote,School Sub-Campus,0,-23.7075749450483,133.852292010946,52949,,16981.0,40680,3.560693406881821,1.754275975096908,No,No,No,No,,70900103,South MacDonnell Ranges,709001,Amoonguna - Santa Teresa - Titjikala,709,Apatula,7,Northern Territory,31517.5382,Within polygon,Matched,651,171,821,14,29,137,420,188,34,35,360,645,1.0,2.5,10.9,6,16,14,773,55,7,64,688,12.3,8.4,7.4,43,ABS 2021 Census Indigenous Profile,Indigenous Location (ILOC),2021
933,TYWENPE (C),"TWENPE(C),TYWENPE(C)",Family Outstation,MACDONNELL,RODINGA,CENTRAL LAND COUNCIL,NAMATJIRA,CENTRAL AUSTRALIA,24.0,Homelands Service Provider Report 2023,-23.74426,133.68787,https://bushtel.nt.gov.au/profile/933,Yes,Confirmed,Primary name,TYWENPE (C),0.0,TYWENPE (C),COMMUNITY,36.0,,,YES,OPTUS/TELSTRA,-23.74426,133.68787,12.980911663764958,4G/LTE + IoT,"IoT700, LTE700, LTE2600",2025,Telstra,873001,-23.74989,133.81526,,Y,Y,,,,Y,,,,,,,,,,16.43128910154962,4G/LTE + 5G/NR + IoT,"NBIoT700, LTE700, LTE900, LTE1800, LTE2100, LTE2600, NR700, NR900, NR2100",2025,Optus,870064,-23.69695,133.84078,Y,,,Y,Y,Y,Y,,Y,Y,Y,Y,,,,,,,684.7808774093138,4G/LTE,LTE850,2025,TPG,4825002,-20.73424,139.49366,,,Y,,,,,,,,,,,12.980911663764958,Telstra,454,Living Waters Lutheran School,15.517456363820113,Primary,Independent,Remote,School Single Entity,0,-23.69766,133.83155,50151,46877.0,6877.0,50151,Araluen Christian College,17.226776655300327,Combined,Independent,Remote,School Single Entity,0,-23.70771,133.85232,40343,55336.0,15336.0,40343,4.245864991535369,2.5365447000551526,No,No,No,No,,70900103,South MacDonnell Ranges,709001,Amoonguna - Santa Teresa - Titjikala,709,Apatula,7,Northern Territory,31517.5382,Within polygon,Matched,651,171,821,14,29,137,420,188,34,35,360,645,1.0,2.5,10.9,6,16,14,773,55,7,64,688,12.3,8.4,7.4,43,ABS 2021 Census Indigenous Profile,Indigenous Location (ILOC),2021
934,TYWENPE (D),TWENPE(D),Family Outstation,MACDONNELL,RODINGA,CENTRAL LAND COUNCIL,NAMATJIRA,CENTRAL AUSTRALIA,7.0,Homelands Service Provider Report 2023,-23.7648,133.67226,https://bushtel.nt.gov.au/profile/934,Yes,Confirmed,Primary name,TYWENPE (D),0.0,TYWENPE (D),COMMUNITY,7.0,,,YES,OPTUS/TELSTRA,-23.7648,133.67226,14.647581346774007,4G/LTE + IoT,"IoT700, LTE700, LTE2600",2025,Telstra,873001,-23.74989,133.81526,,Y,Y,,,,Y,,,,,,,,,,18.73996298888788,4G/LTE + 5G/NR + IoT,"NBIoT700, LTE700, LTE900, LTE1800, LTE2100, LTE2600, NR700, NR900, NR2100",2025,Optus,870064,-23.69695,133.84078,Y,,,Y,Y,Y,Y,,Y,Y,Y,Y,,,,,,,687.2598417347614,4G/LTE,LTE850,2025,TPG,4825002,-20.73424,139.49366,,,Y,,,,,,,,,,,14.647581346774007,Telstra,429,Living Waters Lutheran School,17.85071739156902,Primary,Independent,Remote,School Single Entity,0,-23.69766,133.83155,50151,46877.0,6877.0,50151,Araluen Christian College,19.396341099508625,Combined,Independent,Remote,School Single Entity,0,-23.70771,133.85232,40343,55336.0,15336.0,40343,4.7487597527346175,3.203136044795013,No,No,No,No,,70900103,South MacDonnell Ranges,709001,Amoonguna - Santa Teresa - Titjikala,709,Apatula,7,Northern Territory,31517.5382,Within polygon,Matched,651,171,821,14,29,137,420,188,34,35,360,645,1.0,2.5,10.9,6,16,14,773,55,7,64,688,12.3,8.4,7.4,43,ABS 2021 Census Indigenous Profile,Indigenous Location (ILOC),2021
991,UGUIE,CLARKSON POINT,Family Outstation,ROPER GULF,SOUTH WEST GULF,NORTHERN LAND COUNCIL,BARKLY,BIG RIVERS,,Not recorded,-15.83006,137.04142,https://bushtel.nt.gov.au/profile/991,Not listed,Not confirmed,,,,,,,,,,,,,82.45441314232026,4G/LTE + IoT,"IoT700, LTE700, LTE1800, LTE2100, LTE2600",2025,Telstra,854001,-16.05361,136.30611,,Y,Y,,Y,Y,Y,,,,,,,,,,169.42798900444902,3G/UMTS,UMTS900,2025,Optus,852089,-16.6834,135.7265,,Y,,,,,,,,,,,,,,Y,Federal Mobile Black Spot Program (MBSP),2.0,603.6185336340641,4G/LTE,LTE850,2025,TPG,4825002,-20.73424,139.49366,,,Y,,,,,,,,,,,82.45441314232026,Telstra,31,Borroloola School,82.57019013612693,Combined,Government,Very Remote,School Single Entity,0,-16.0582,136.30649,50056,47921.0,7921.0,50056,Borroloola School,82.57019013612693,Combined,Government,Very Remote,School Single Entity,0,-16.0582,136.30649,50056,47921.0,7921.0,50056,0.1157769938066621,0.1157769938066621,No,No,Yes,Yes,Review,70500401,Mabunji - Mungoorbada Outstations,705004,Gulf,705,Katherine,7,Northern Territory,55041.1368,Within polygon,Matched,62,43,104,7,17,23,30,21,8,30,407,916,1.9,3.6,48.1,4,12,3,79,23,9,28,52,22.2,34.6,26.9,24,ABS 2021 Census Indigenous Profile,Indigenous Location (ILOC),2021
159,UKAKA,TEMPE DOWNS,Family Outstation,MACDONNELL,LJIRAPINTA,CENTRAL LAND COUNCIL,GWOJA,CENTRAL AUSTRALIA,24.0,Homelands Service Provider Report 2023,-24.59261,132.37395,https://bushtel.nt.gov.au/profile/159,Not listed,Not confirmed,,,,,,,,,,,,,61.965114428578886,4G/LTE + IoT,"IoT700, LTE700",2025,Telstra,872181,-24.389032,131.803913,,Y,Y,,,,,,,,,,,Y,REGIONAL CO-INVESTMENT: Small Cell Satellite,,59.9947023578167,3G/UMTS + 4G/LTE,"UMTS900, LTE700",2025,Optus,872144,-24.4053,131.8179,,Y,,Y,,,,,,,,,,,,Y,Federal Mobile Black Spot Program (MBSP),2.0,846.9695793478658,4G/LTE,LTE850,2025,TPG,4825002,-20.73424,139.49366,,,Y,,,,,,,,,,,59.9947023578167,Optus,84,Areyonga School,58.651537403299024,Combined,Government,Very Remote,School Single Entity,0,-24.0737,132.27011,50078,47881.0,7881.0,50078,Areyonga School,58.651537403299024,Combined,Government,Very Remote,School Single Entity,0,-24.0737,132.27011,50078,47881.0,7881.0,50078,-1.3431649545176754,-1.3431649545176754,Yes,Yes,Yes,Yes,Review,70900802,Kaltukatjara Outstations,709008,Kaltukatjara and Outstations,709,Apatula,7,Northern Territory,87474.9608,Within polygon,Matched,28,34,60,8,7,8,17,16,3,29,295,966,1.7,3.7,40.0,0,5,6,46,14,5,12,35,14.3,29.8,25.5,15,ABS 2021 Census Indigenous Profile,Indigenous Location (ILOC),2021
160,UKATJUPU,UKATJUPA,Family Outstation,MACDONNELL,IYARRKA,CENTRAL LAND COUNCIL,GWOJA,CENTRAL AUSTRALIA,,Not recorded,-25.90949,129.10549,https://bushtel.nt.gov.au/profile/160,Not listed,Not confirmed,,,,,,,,,,,,,24.615902546176017,4G/LTE + IoT,"IoT700, LTE700",2025,Telstra,872115,-26.0689,128.9346,,Y,Y,,,,,,,,,,,,,,202.48156639833297,4G/LTE + IoT,"NBIoT700, LTE700, LTE900, LTE2100, LTE2600",2025,Optus,872003,-25.242591,130.984035,Y,,,Y,Y,,Y,,Y,,,,,,,,,,919.1229727722113,4G/LTE,"LTE850, LTE1800",2025,TPG,6430002,-30.7382,121.47878,,,Y,Y,,,,,,,,,,24.615902546176017,Telstra,330,Nyangatjatjara College - Kaltukatjara Campus (Docker River) Primary Campus,115.2772188092556,Primary,Independent,Very Remote,School Sub-Campus,0,-24.8729892831282,129.082349495758,40902,77301.0,14570.0,50160,Nyangatjatjara College - Kaltukatjara Campus (Docker River) Secondary Campus,114.36888949324825,Secondary,Independent,Very Remote,School Sub-Campus,0,-24.8812918779094,129.076019609991,53390,89017.0,14570.0,50160,89.75298694707223,90.66131626307958,No,No,Yes,No,,70900802,Kaltukatjara Outstations,709008,Kaltukatjara and Outstations,709,Apatula,7,Northern Territory,87474.9608,Within polygon,Matched,28,34,60,8,7,8,17,16,3,29,295,966,1.7,3.7,40.0,0,5,6,46,14,5,12,35,14.3,29.8,25.5,15,ABS 2021 Census Indigenous Profile,Indigenous Location (ILOC),2021
760,ULAMBARA,"ULAMBAURA,ULLUMBARA",Family Outstation,MACDONNELL,LURITJA PINTUBI,CENTRAL LAND COUNCIL,GWOJA,CENTRAL AUSTRALIA,8.0,Homelands Service Provider Report 2023,-23.27715,131.92748,https://bushtel.nt.gov.au/profile/760,Yes,Confirmed,Primary name,ULAMBARA,0.0,ULAMBARA,COMMUNITY,8.0,,,YES,TELSTRA,-23.27715,131.92748,9.603504746539633,4G/LTE + IoT,"IoT700, LTE700",2025,Telstra,872058,-23.19087,131.92328,,Y,Y,,,,,,,,,,,,,,68.98168664613682,3G/UMTS + 4G/LTE,"UMTS900, LTE700",2025,Optus,872191,-23.5863,132.51367,,Y,,Y,,,,,,,,,,,,Y,Federal Mobile Black Spot Program (MBSP),5.0,829.532693172552,4G/LTE,LTE850,2025,TPG,4825002,-20.73424,139.49366,,,Y,,,,,,,,,,,9.603504746539633,Telstra,508,Papunya School,8.4481706621422,Combined,Government,Very Remote,School Single Entity,0,-23.20283,131.91031,50113,47892.0,7892.0,50113,Papunya School,8.4481706621422,Combined,Government,Very Remote,School Single Entity,0,-23.20283,131.91031,50113,47892.0,7892.0,50113,-1.155334084397433,-1.155334084397433,Yes,Yes,No,No,,70901102,Papunya Outstations,709011,Papunya and Outstations,709,Apatula,7,Northern Territory,2326.1983,Within polygon,Matched,24,37,62,8,11,9,17,17,0,35,225,574,2.0,3.9,40.0,0,3,4,43,9,0,4,29,16.7,13.0,10.9,19,ABS 2021 Census Indigenous Profile,Indigenous Location (ILOC),2021
705,ULBULLA,JULALIKARI,Family Outstation,MACDONNELL,RODINGA,CENTRAL LAND COUNCIL,GWOJA,CENTRAL AUSTRALIA,,Not recorded,-25.68357,133.19644,https://bushtel.nt.gov.au/profile/705,Not listed,Not confirmed,,,,,,,,,,,,,20.0500743085306,4G/LTE + IoT,"IoT700, LTE700",2025,Telstra,872081,-25.83843,133.299,,Y,Y,,,,,,,,,,,,,,20.18814276964488,3G/UMTS,UMTS900,2025,Optus,872140,-25.8395,133.2997,,Y,,,,,,,,,,,,,,,,,846.5060316217517,4G/LTE,LTE850,2025,TPG,4825002,-20.73424,139.49366,,,Y,,,,,,,,,,,20.0500743085306,Telstra,367,Imanpa School,87.86970582202346,Combined,Government,Very Remote,School Single Entity,0,-25.1291,132.5731,50094,,16553.0,50094,Imanpa School,87.86970582202346,Combined,Government,Very Remote,School Single Entity,0,-25.1291,132.5731,50094,,16553.0,50094,67.81963151349287,67.81963151349287,No,No,Yes,No,,70900802,Kaltukatjara Outstations,709008,Kaltukatjara and Outstations,709,Apatula,7,Northern Territory,87474.9608,Within polygon,Matched,28,34,60,8,7,8,17,16,3,29,295,966,1.7,3.7,40.0,0,5,6,46,14,5,12,35,14.3,29.8,25.5,15,ABS 2021 Census Indigenous Profile,Indigenous Location (ILOC),2021
162,ULPANYALI,OCHRE HILL,Family Outstation,MACDONNELL,LJIRAPINTA,CENTRAL LAND COUNCIL,GWOJA,CENTRAL AUSTRALIA,17.0,Homelands Service Provider Report 2023,-24.23091,131.50075,https://bushtel.nt.gov.au/profile/162,Yes,Confirmed,Primary name,ULPANYALI,0.0,ULPANYALI,COMMUNITY,19.0,,,YES,TELSTRA,-24.23091,131.50075,2.56321844571321,4G/LTE + IoT,"IoT700, LTE700",2025,Telstra,872045,-24.25223,131.510363,,Y,Y,,,,,,,,,,,,,,2.49008940262043,3G/UMTS + 4G/LTE,"UMTS900, LTE700",2025,Optus,872146,-24.251,131.5116,,Y,,Y,,,,,,,,,,,,Y,Federal Mobile Black Spot Program (MBSP),2.0,908.3519957201736,4G/LTE,LTE850,2025,TPG,4825002,-20.73424,139.49366,,,Y,,,,,,,,,,,2.49008940262043,Optus,605,Watarrka School,12.839181470257367,Combined,Government,Very Remote,School Single Entity,0,-24.30093,131.60146,50097,56561.0,16561.0,50097,Watarrka School,12.839181470257367,Combined,Government,Very Remote,School Single Entity,0,-24.30093,131.60146,50097,56561.0,16561.0,50097,10.349092067636938,10.349092067636938,No,No,No,No,,70900802,Kaltukatjara Outstations,709008,Kaltukatjara and Outstations,709,Apatula,7,Northern Territory,87474.9608,Within polygon,Matched,28,34,60,8,7,8,17,16,3,29,295,966,1.7,3.7,40.0,0,5,6,46,14,5,12,35,14.3,29.8,25.5,15,ABS 2021 Census Indigenous Profile,Indigenous Location (ILOC),2021
772,ULPUNDA,MARCUS'S CAMP,Family Outstation,MACDONNELL,LJIRAPINTA,CENTRAL LAND COUNCIL,GWOJA,CENTRAL AUSTRALIA,11.0,Homelands Service Provider Report 2023,-23.9546,132.766,https://bushtel.nt.gov.au/profile/772,Yes,Confirmed,Primary name,ULPUNDA,0.0,ULPUNDA,COMMUNITY,9.0,,,YES,TELSTRA,-23.9546,132.766,1.7690265137984882,4G/LTE + IoT,"IoT700, LTE700, LTE2600",2025,Telstra,872034,-23.94213,132.77681,,Y,Y,,,,Y,,,,,,,,,,11.607769098522049,3G/UMTS + 4G/LTE,"UMTS900, LTE700",2025,Optus,872189,-24.056241,132.739943,,Y,,Y,,,,,,,,,,,,Y,Federal Mobile Black Spot Program (MBSP),4.0,778.9103304306744,4G/LTE,LTE850,2025,TPG,4825002,-20.73424,139.49366,,,Y,,,,,,,,,,,1.7690265137984882,Telstra,613,Ntaria School,1.67863195149843,Combined,Government,Very Remote,School Single Entity,0,-23.94262,132.776051,50111,56572.0,16572.0,50111,Ntaria School,1.67863195149843,Combined,Government,Very Remote,School Single Entity,0,-23.94262,132.776051,50111,56572.0,16572.0,50111,-0.0903945623000581,-0.0903945623000581,Yes,Yes,No,No,,70901403,Tjuwanpa Outstations,709014,West MacDonnell Ranges,709,Apatula,7,Northern Territory,15970.5215,Within polygon,Matched,90,98,188,21,38,31,60,36,8,27,352,1166,1.5,4.3,51.2,0,21,12,134,28,19,47,85,43.5,34.6,19.5,59,ABS 2021 Census Indigenous Profile,Indigenous Location (ILOC),2021
1016,ULUPERTE,JUNCTION BORE,Family Outstation,CENTRAL DESERT,AKITYARRE,CENTRAL LAND COUNCIL,NAMATJIRA,CENTRAL AUSTRALIA,,Not recorded,-23.76408,135.69544,https://bushtel.nt.gov.au/profile/1016,Not listed,Not confirmed,,,,,,,,,,,,,116.96589822778792,4G/LTE + IoT,"IoT700, LTE700",2025,Telstra,872152,-22.97496,134.93773,,Y,Y,,,,,,,,,,,Y,REGIONAL CO-INVESTMENT: NT ISCA,1.0,108.29700951655994,3G/UMTS + 4G/LTE,"UMTS900, LTE700",2025,Optus,872188,-23.45604,134.68709,,Y,,Y,,,,,,,,,,,,Y,Federal Mobile Black Spot Program (MBSP),4.0,515.9881330244788,4G/LTE,LTE850,2025,TPG,4825002,-20.73424,139.49366,,,Y,,,,,,,,,,,108.29700951655994,Optus,12,Harts Range School,116.5006331668158,Combined,Government,Very Remote,School Single Entity,0,-22.9844,134.933,50093,56551.0,16551.0,50093,Harts Range School,116.5006331668158,Combined,Government,Very Remote,School Single Entity,0,-22.9844,134.933,50093,56551.0,16551.0,50093,8.203623650255864,8.203623650255864,No,No,Yes,Yes,Review,70900502,Atitjere - Akarnenehe Outstations,709005,Atitjere - Akarnenehe - Engawala,709,Apatula,7,Northern Territory,67455.8399,Within polygon,Matched,68,60,126,10,26,26,32,21,4,24,277,762,1.3,3.8,29.6,0,23,5,89,14,10,22,63,37.5,26.4,16.5,36,ABS 2021 Census Indigenous Profile,Indigenous Location (ILOC),2021
962,UMINYULUK,No aliases recorded with NTG DIPL,Family Outstation,WEST DALY,THAMARRURR/PINDI PINDI,NORTHERN LAND COUNCIL,DALY,TOP END,8.0,Homelands Service Provider Report 2023,-13.83073,130.05311,https://bushtel.nt.gov.au/profile/962,Not listed,Not confirmed,,,,,,,,,,,,,36.33462202338542,4G/LTE + IoT,"IoT700, LTE700",2025,Telstra,822068,-14.15629,130.082,,Y,Y,,,,,,,,,,,,,,100.33552192353554,3G/UMTS + 4G/LTE,"UMTS900, LTE700",2025,Optus,822091,-13.164608,130.679087,,Y,,Y,,,,,,,,,,,,Y,Federal Mobile Black Spot Program (MBSP),2.0,174.25398488802932,4G/LTE + 5G/NR,"LTE850, LTE1800, LTE2100, NR700",2025,TPG,800002,-12.4651,130.8425,,,Y,Y,Y,Y,,,,,,,,36.33462202338542,Telstra,216,St Francis Xavier Catholic School - Wudikapildiyer Homeland Learning Centre Campus,6.352918241607533,Combined,Catholic,Very Remote,School Sub-Campus,0,-13.8593246864877,130.002167496203,53319,,13312.0,50145,St Francis Xavier Catholic School - Wudikapildiyer Homeland Learning Centre Campus,6.352918241607533,Combined,Catholic,Very Remote,School Sub-Campus,0,-13.8593246864877,130.002167496203,53319,,13312.0,50145,-29.981703781777888,-29.981703781777888,Yes,Yes,No,No,,70400101,Douglas-Daly,704001,Douglas-Daly,704,Jabiru - Tiwi,7,Northern Territory,34368.2996,Within polygon,Matched,87,77,169,14,32,24,65,18,15,30,340,919,1.6,3.3,25.0,0,24,3,119,32,4,34,78,9.4,27.1,24.6,46,ABS 2021 Census Indigenous Profile,Indigenous Location (ILOC),2021
662,UN-MARR,"AN-MARR,MADINGNA,MARDENGA,MARDINGA,MARDINGNA,MARINGAR,MARYGAR",Family Outstation,WEST DALY,THAMARRURR/PINDI PINDI,NORTHERN LAND COUNCIL,DALY,TOP END,,Not recorded,-14.06441,129.90879,https://bushtel.nt.gov.au/profile/662,Not listed,Not confirmed,,,,,,,,,,,,,21.29045171228456,4G/LTE + IoT,"IoT700, LTE700",2025,Telstra,822068,-14.15629,130.082,,Y,Y,,,,,,,,,,,,,,130.15575642524806,3G/UMTS + 4G/LTE,"UMTS900, LTE700",2025,Optus,822091,-13.164608,130.679087,,Y,,Y,,,,,,,,,,,,Y,Federal Mobile Black Spot Program (MBSP),2.0,204.5398429786676,4G/LTE + 5G/NR,"LTE850, LTE1800, LTE2100, NR700",2025,TPG,800002,-12.4651,130.8425,,,Y,Y,Y,Y,,,,,,,,21.29045171228456,Telstra,358,Peppimenarti School,20.47371152791696,Combined,Government,Very Remote,School Single Entity,0,-14.14978,130.077,50114,47988.0,7988.0,50114,Peppimenarti School,20.47371152791696,Combined,Government,Very Remote,School Single Entity,0,-14.14978,130.077,50114,47988.0,7988.0,50114,-0.8167401843675997,-0.8167401843675997,Yes,Yes,No,No,,70400101,Douglas-Daly,704001,Douglas-Daly,704,Jabiru - Tiwi,7,Northern Territory,34368.2996,Within polygon,Matched,87,77,169,14,32,24,65,18,15,30,340,919,1.6,3.3,25.0,0,24,3,119,32,4,34,78,9.4,27.1,24.6,46,ABS 2021 Census Indigenous Profile,Indigenous Location (ILOC),2021
711,UNDOOLYA BORE,"MOUNT UNDOOLYA,UNDOOLYA",Family Outstation,MACDONNELL,RODINGA,CENTRAL LAND COUNCIL,NAMATJIRA,CENTRAL AUSTRALIA,24.0,Homelands Service Provider Report 2023,-23.74762,134.11762,https://bushtel.nt.gov.au/profile/711,Yes,Confirmed,Primary name,UNDOOLYA BORE,0.0572823786631183,UNDOOLYA BORE,COMMUNITY,16.0,,,YES,TELSTRA,-23.748,134.118,22.82431394819464,4G/LTE + 5G/NR + IoT,"IoT700, LTE700, LTE2600, NR2600",2025,Telstra,870021,-23.80028,133.90083,,Y,Y,,,,Y,,,,Y,,,,,,22.65232057402364,4G/LTE + IoT,"NBIoT700, LTE700, LTE2600",2025,Optus,870025,-23.801829,133.903038,Y,,,Y,,,,,Y,,,,,,,,,,646.7550130241575,4G/LTE,LTE850,2025,TPG,4825002,-20.73424,139.49366,,,Y,,,,,,,,,,,22.65232057402364,Optus,346,Amoonguna School,18.36450177478797,Primary,Government,Remote,School Single Entity,0,-23.767906,133.938539,50076,47880.0,7880.0,50076,Our Lady of the Sacred Heart College - Sadadeen Road Campus,23.056750757825096,Secondary,Catholic,Remote,School Sub-Campus,0,-23.703528,133.896303,40899,77292.0,14535.0,40347,0.404430183801459,-4.287818799235662,Yes,No,No,No,,70900103,South MacDonnell Ranges,709001,Amoonguna - Santa Teresa - Titjikala,709,Apatula,7,Northern Territory,31517.5382,Within polygon,Matched,651,171,821,14,29,137,420,188,34,35,360,645,1.0,2.5,10.9,6,16,14,773,55,7,64,688,12.3,8.4,7.4,43,ABS 2021 Census Indigenous Profile,Indigenous Location (ILOC),2021
166,UNDURANA 1C,"UNDARANA,UNDERANNA",Family Outstation,MACDONNELL,LJIRAPINTA,CENTRAL LAND COUNCIL,GWOJA,CENTRAL AUSTRALIA,2.0,Homelands Service Provider Report 2023,-23.75723,132.12722,https://bushtel.nt.gov.au/profile/166,Not listed,Not confirmed,,,,,,,,,,,,,66.3225669106587,4G/LTE + IoT,"IoT700, LTE700",2025,Telstra,872058,-23.19087,131.92328,,Y,Y,,,,,,,,,,,,,,43.70494867798008,3G/UMTS + 4G/LTE,"UMTS900, LTE700",2025,Optus,872191,-23.5863,132.51367,,Y,,Y,,,,,,,,,,,,Y,Federal Mobile Black Spot Program (MBSP),5.0,829.1320799648142,4G/LTE,LTE850,2025,TPG,4825002,-20.73424,139.49366,,,Y,,,,,,,,,,,43.70494867798008,Optus,168,Areyonga School,38.06955288146044,Combined,Government,Very Remote,School Single Entity,0,-24.0737,132.27011,50078,47881.0,7881.0,50078,Areyonga School,38.06955288146044,Combined,Government,Very Remote,School Single Entity,0,-24.0737,132.27011,50078,47881.0,7881.0,50078,-5.635395796519639,-5.635395796519639,Yes,Yes,No,No,,70901403,Tjuwanpa Outstations,709014,West MacDonnell Ranges,709,Apatula,7,Northern Territory,15970.5215,Within polygon,Matched,90,98,188,21,38,31,60,36,8,27,352,1166,1.5,4.3,51.2,0,21,12,134,28,19,47,85,43.5,34.6,19.5,59,ABS 2021 Census Indigenous Profile,Indigenous Location (ILOC),2021
985,UNDURANA 2A,No aliases recorded with NTG DIPL,Family Outstation,MACDONNELL,LJIRAPINTA,CENTRAL LAND COUNCIL,GWOJA,CENTRAL AUSTRALIA,6.0,Homelands Service Provider Report 2023,-23.75901,132.10597,https://bushtel.nt.gov.au/profile/985,Not listed,Not confirmed,,,,,,,,,,,,,65.86487843057462,4G/LTE + IoT,"IoT700, LTE700",2025,Telstra,872058,-23.19087,131.92328,,Y,Y,,,,,,,,,,,,,,45.74585307438228,3G/UMTS + 4G/LTE,"UMTS900, LTE700",2025,Optus,872191,-23.5863,132.51367,,Y,,Y,,,,,,,,,,,,Y,Federal Mobile Black Spot Program (MBSP),5.0,831.2063391055428,4G/LTE,LTE850,2025,TPG,4825002,-20.73424,139.49366,,,Y,,,,,,,,,,,45.74585307438228,Optus,156,Areyonga School,38.766072482147024,Combined,Government,Very Remote,School Single Entity,0,-24.0737,132.27011,50078,47881.0,7881.0,50078,Areyonga School,38.766072482147024,Combined,Government,Very Remote,School Single Entity,0,-24.0737,132.27011,50078,47881.0,7881.0,50078,-6.979780592235258,-6.979780592235258,Yes,Yes,No,No,,70901403,Tjuwanpa Outstations,709014,West MacDonnell Ranges,709,Apatula,7,Northern Territory,15970.5215,Within polygon,Matched,90,98,188,21,38,31,60,36,8,27,352,1166,1.5,4.3,51.2,0,21,12,134,28,19,47,85,43.5,34.6,19.5,59,ABS 2021 Census Indigenous Profile,Indigenous Location (ILOC),2021
156,URLAMPE,TOBERMOREY,Family Outstation,CENTRAL DESERT,AKITYARRE,CENTRAL LAND COUNCIL,NAMATJIRA,CENTRAL AUSTRALIA,20.0,Homelands Service Provider Report 2023,-22.49317,137.74252,https://bushtel.nt.gov.au/profile/156,Not listed,Not confirmed,,,,,,,,,,,,,114.74708133449454,4G/LTE + IoT,"IoT700, LTE700",2025,Telstra,4825034,-21.60989,138.31824,,Y,Y,,,,,,,,,,,Y,Federal Mobile Black Spot Program (MBSP),1.0,34.05477145386787,3G/UMTS + 4G/LTE,"UMTS900, LTE700",2025,Optus,872161,-22.2742,137.97409,,Y,,Y,,,,,,,,,,,,Y,Federal Mobile Black Spot Program (MBSP),4.0,266.4957055930125,4G/LTE,LTE850,2025,TPG,4825002,-20.73424,139.49366,,,Y,,,,,,,,,,,34.05477145386787,Optus,235,Bonya School,164.81013134045187,Combined,Government,Very Remote,School Single Entity,0,-22.77886,136.16675,50081,66018.0,26018.0,50081,Bonya School,164.81013134045187,Combined,Government,Very Remote,School Single Entity,0,-22.77886,136.16675,50081,66018.0,26018.0,50081,130.75535988658402,130.75535988658402,No,No,Yes,No,,70900502,Atitjere - Akarnenehe Outstations,709005,Atitjere - Akarnenehe - Engawala,709,Apatula,7,Northern Territory,67455.8399,Within polygon,Matched,68,60,126,10,26,26,32,21,4,24,277,762,1.3,3.8,29.6,0,23,5,89,14,10,22,63,37.5,26.4,16.5,36,ABS 2021 Census Indigenous Profile,Indigenous Location (ILOC),2021
24992,URRERMERNE,No aliases recorded with NTG DIPL,Family Outstation,MACDONNELL,RODINGA,CENTRAL LAND COUNCIL,NAMATJIRA,CENTRAL AUSTRALIA,14.0,Homelands Service Provider Report 2023,-23.9629,134.06913,https://bushtel.nt.gov.au/profile/24992,Not listed,Not confirmed,,,,,,,,,,,,,24.895688867938947,4G/LTE + 5G/NR + IoT,"IoT700, LTE700, LTE2600, NR2600",2025,Telstra,870021,-23.80028,133.90083,,Y,Y,,,,Y,,,,Y,,,,,,24.61624837634245,4G/LTE + IoT,"NBIoT700, LTE700, LTE2600",2025,Optus,870025,-23.801829,133.903038,Y,,,Y,,,,,Y,,,,,,,,,,663.2913507370463,4G/LTE,LTE850,2025,TPG,4825002,-20.73424,139.49366,,,Y,,,,,,,,,,,24.61624837634245,Optus,329,Amoonguna School,25.4257783564229,Primary,Government,Remote,School Single Entity,0,-23.767906,133.938539,50076,47880.0,7880.0,50076,Yirara College,30.201823723282907,Secondary,Independent,Remote,School Head Campus,0,-23.762231,133.868978,50156,54276.0,14276.0,50156,5.585575346940452,0.8095299800804447,No,No,No,No,,70900103,South MacDonnell Ranges,709001,Amoonguna - Santa Teresa - Titjikala,709,Apatula,7,Northern Territory,31517.5382,Within polygon,Matched,651,171,821,14,29,137,420,188,34,35,360,645,1.0,2.5,10.9,6,16,14,773,55,7,64,688,12.3,8.4,7.4,43,ABS 2021 Census Indigenous Profile,Indigenous Location (ILOC),2021
24,UTILY,"AUTILLY,UTILI",Family Outstation,MACDONNELL,LURITJA PINTUBI,CENTRAL LAND COUNCIL,GWOJA,CENTRAL AUSTRALIA,8.0,Homelands Service Provider Report 2023,-23.48831,131.87356,https://bushtel.nt.gov.au/profile/24,Not listed,Not confirmed,,,,,,,,,,,,,33.46114950725461,4G/LTE + IoT,"IoT700, LTE700",2025,Telstra,872058,-23.19087,131.92328,,Y,Y,,,,,,,,,,,,,,66.15853061981196,3G/UMTS + 4G/LTE,"UMTS900, LTE700",2025,Optus,872191,-23.5863,132.51367,,Y,,Y,,,,,,,,,,,,Y,Federal Mobile Black Spot Program (MBSP),5.0,842.438733048182,4G/LTE,LTE850,2025,TPG,4825002,-20.73424,139.49366,,,Y,,,,,,,,,,,33.46114950725461,Telstra,240,Haasts Bluff School,4.582303942715086,Combined,Government,Very Remote,School Single Entity,0,-23.44753,131.88003,50092,47887.0,7887.0,50092,Haasts Bluff School,4.582303942715086,Combined,Government,Very Remote,School Single Entity,0,-23.44753,131.88003,50092,47887.0,7887.0,50092,-28.878845564539525,-28.878845564539525,Yes,Yes,No,No,,70900601,Haasts Bluff and Outstations,709006,Haasts Bluff - Mount Liebig (Watiyawanu),709,Apatula,7,Northern Territory,2854.43,Within polygon,Matched,53,62,118,11,19,26,37,18,5,25,228,1375,2.3,5.1,55.0,6,13,5,83,18,4,21,62,13.0,27.7,24.1,30,ABS 2021 Census Indigenous Profile,Indigenous Location (ILOC),2021
815,WADA WADALLA,"BLACKFELLOW CREEK,WADA WADALA",Family Outstation,ROPER GULF,SOUTH WEST GULF,NORTHERN LAND COUNCIL,BARKLY,BIG RIVERS,3.0,Homelands Service Provider Report 2023,-15.92948,136.42886,https://bushtel.nt.gov.au/profile/815,Not listed,Not confirmed,,,,,,,,,,,,,19.043993432675364,4G/LTE + IoT,"IoT700, LTE700, LTE1800, LTE2100, LTE2600",2025,Telstra,854001,-16.05361,136.30611,,Y,Y,,Y,Y,Y,,,,,,,,,,112.45591715126724,3G/UMTS,UMTS900,2025,Optus,852089,-16.6834,135.7265,,Y,,,,,,,,,,,,,,Y,Federal Mobile Black Spot Program (MBSP),2.0,624.5040647002829,4G/LTE,LTE850,2025,TPG,4825002,-20.73424,139.49366,,,Y,,,,,,,,,,,19.043993432675364,Telstra,377,Borroloola School,19.38956700695085,Combined,Government,Very Remote,School Single Entity,0,-16.0582,136.30649,50056,47921.0,7921.0,50056,Borroloola School,19.38956700695085,Combined,Government,Very Remote,School Single Entity,0,-16.0582,136.30649,50056,47921.0,7921.0,50056,0.3455735742754875,0.3455735742754875,No,No,No,No,,70500401,Mabunji - Mungoorbada Outstations,705004,Gulf,705,Katherine,7,Northern Territory,55041.1368,Within polygon,Matched,62,43,104,7,17,23,30,21,8,30,407,916,1.9,3.6,48.1,4,12,3,79,23,9,28,52,22.2,34.6,26.9,24,ABS 2021 Census Indigenous Profile,Indigenous Location (ILOC),2021
214,WADA WARRA,"BING BONG,BONE LAGOON,WADA WARA,WARRANBARRU ASSOC,WURRUNBURRA ASSOC",Family Outstation,ROPER GULF,SOUTH WEST GULF,NORTHERN LAND COUNCIL,BARKLY,BIG RIVERS,17.0,Homelands Service Provider Report 2023,-15.74902,136.25224,https://bushtel.nt.gov.au/profile/214,Not listed,Not confirmed,,,,,,,,,,,,,34.35535680326154,4G/LTE + IoT,"IoT700, LTE700, LTE1800, LTE2100, LTE2600",2025,Telstra,854001,-16.05361,136.30611,,Y,Y,,Y,Y,Y,,,,,,,,,,118.0923849696459,3G/UMTS,UMTS900,2025,Optus,852089,-16.6834,135.7265,,Y,,,,,,,,,,,,,,Y,Federal Mobile Black Spot Program (MBSP),2.0,651.023583387838,4G/LTE,"LTE850, LTE1800, LTE2100",2025,TPG,836004,-12.613261,131.151729,,,Y,Y,Y,,,,,,,,,34.35535680326154,Telstra,233,Borroloola School,34.865348417738204,Combined,Government,Very Remote,School Single Entity,0,-16.0582,136.30649,50056,47921.0,7921.0,50056,Borroloola School,34.865348417738204,Combined,Government,Very Remote,School Single Entity,0,-16.0582,136.30649,50056,47921.0,7921.0,50056,0.509991614476661,0.509991614476661,No,No,No,No,,70500401,Mabunji - Mungoorbada Outstations,705004,Gulf,705,Katherine,7,Northern Territory,55041.1368,Within polygon,Matched,62,43,104,7,17,23,30,21,8,30,407,916,1.9,3.6,48.1,4,12,3,79,23,9,28,52,22.2,34.6,26.9,24,ABS 2021 Census Indigenous Profile,Indigenous Location (ILOC),2021
381,WAIDABOONAR,"MT. BORRADAILE,MUDGIGARDENT,MUDJEEGARDART,MUDJIGARDART,WAIDABONOOR",Family Outstation,WEST ARNHEM,GUNBALANYA,NORTHERN LAND COUNCIL,ARAFURA,TOP END,,Not recorded,-11.93822,132.78225,https://bushtel.nt.gov.au/profile/381,Not listed,Not confirmed,,,,,,,,,,,,,52.24058734724975,4G/LTE + 5G/NR + IoT,"IoT700, LTE700, LTE850, LTE2600, NR850, NR2600",2025,Telstra,822002,-12.32389,133.05667,,Y,Y,Y,,,Y,,Y,,Y,,,,,,57.57608033557118,3G/UMTS + 4G/LTE,"UMTS900, LTE700",2025,Optus,822106,-12.42654,132.95842,,Y,,Y,,,,,,,,,,,,Y,Federal Mobile Black Spot Program (MBSP),5.0,190.0248969686317,4G/LTE,"LTE850, LTE1800, LTE2100",2025,TPG,836002,-12.55419,131.15106,,,Y,Y,Y,,,,,,,,,52.24058734724975,Telstra,116,Gunbalanya School,52.03527039948389,Combined,Government,Remote,School Single Entity,0,-12.32135,133.05709,50058,47960.0,7960.0,50058,Gunbalanya School,52.03527039948389,Combined,Government,Remote,School Single Entity,0,-12.32135,133.05709,50058,47960.0,7960.0,50058,-0.2053169477658585,-0.2053169477658585,Yes,Yes,Yes,Yes,Review,70400401,Cobourg Peninsula - Demed Homelands,704004,North-West Arnhem,704,Jabiru - Tiwi,7,Northern Territory,23675.7318,Within polygon,Matched,145,127,279,27,57,40,102,44,3,27,239,1218,2.4,5.6,70.3,4,34,22,190,45,3,48,138,8.3,24.7,22.7,84,ABS 2021 Census Indigenous Profile,Indigenous Location (ILOC),2021
14188734,WAJU,NEW WAJU,Family Outstation,MACDONNELL,RODINGA,CENTRAL LAND COUNCIL,NAMATJIRA,CENTRAL AUSTRALIA,,Not recorded,-25.99241,133.46187,https://bushtel.nt.gov.au/profile/14188734,Not listed,Not confirmed,,,,,,,,,,,,,23.632465436991804,4G/LTE + IoT,"IoT700, LTE700",2025,Telstra,872081,-25.83843,133.299,,Y,Y,,,,,,,,,,,,,,23.497979639238107,3G/UMTS,UMTS900,2025,Optus,872140,-25.8395,133.2997,,Y,,,,,,,,,,,,,,,,,848.8146573594925,4G/LTE,LTE850,2025,TPG,4825002,-20.73424,139.49366,,,Y,,,,,,,,,,,23.497979639238107,Optus,340,Finke School,120.74818621262064,Combined,Government,Very Remote,School Single Entity,0,-25.5821,134.578486,50090,47909.0,7909.0,50090,Finke School,120.74818621262064,Combined,Government,Very Remote,School Single Entity,0,-25.5821,134.578486,50090,47909.0,7909.0,50090,97.25020657338254,97.25020657338254,No,No,Yes,No,,70900403,Apatula (Finke) Homelands - West,709004,Apatula (Finke) and Homelands,709,Apatula,7,Northern Territory,37488.9696,Within polygon,Matched,0,0,0,0,0,0,0,0,0,0,0,0,0.0,0.0,0.0,0,0,0,0,0,0,0,0,0.0,0.0,0.0,0,ABS 2021 Census Indigenous Profile,Indigenous Location (ILOC),2021
908,WAKURLPU,WAUCHOPE,Family Outstation,BARKLY,ALYAWARR,CENTRAL LAND COUNCIL,BARKLY,BARKLY,10.0,Homelands Service Provider Report 2023,-20.63229,134.21688,https://bushtel.nt.gov.au/profile/908,Yes,Confirmed,Primary name,WAKURLPU,0.0345800721457615,WAKURLPU,COMMUNITY,10.0,,,YES,TELSTRA,-20.632,134.217,1.1507748104928754,4G/LTE + IoT,"IoT700, LTE700",2025,Telstra,872143,-20.64109,134.2227,,Y,Y,,,,,,,,,,,,,,1.1328649976418954,3G/UMTS,UMTS900,2025,Optus,872143,-20.6409,134.2227,,Y,,,,,,,,,,,,,,Y,Federal Mobile Black Spot Program (MBSP),2.0,549.0269141132749,4G/LTE,LTE850,2025,TPG,4825002,-20.73424,139.49366,,,Y,,,,,,,,,,,1.1328649976418954,Optus,619,Alekarenge School,45.73360094874682,Combined,Government,Very Remote,School Single Entity,0,-21.003806,134.405661,50054,47898.0,7898.0,50054,Alekarenge School,45.73360094874682,Combined,Government,Very Remote,School Single Entity,0,-21.003806,134.405661,50054,47898.0,7898.0,50054,44.60073595110492,44.60073595110492,No,No,No,No,,70700304,Julalikari - Outstations,707003,Barkly,707,Tennant Creek,7,Northern Territory,107784.4629,Within polygon,Matched,67,66,137,15,28,18,41,25,8,27,369,1020,1.4,4.2,31.0,4,26,10,90,13,20,34,41,60.0,39.8,15.9,43,ABS 2021 Census Indigenous Profile,Indigenous Location (ILOC),2021
983,WALANGURRMINY,FINNISS RIVER,Family Outstation,UN-INCORPORATED (COX-DALY),Not recorded,NORTHERN LAND COUNCIL,DALY,TOP END,11.0,Homelands Service Provider Report 2023,-12.97482,130.77614,https://bushtel.nt.gov.au/profile/983,Not listed,Not confirmed,,,,,,,,,,,,,20.12126556841677,4G/LTE + IoT,"IoT700, LTE700",2025,Telstra,822105,-13.02534,130.95447,,Y,Y,,,,,,,,,,,,,,15.075564313855232,3G/UMTS + 4G/LTE,"UMTS900, LTE700",2025,Optus,822089,-13.109367,130.793267,,Y,,Y,,,,,,,,,,,,Y,Federal Mobile Black Spot Program (MBSP),2.0,55.53912280103203,4G/LTE,"LTE850, LTE1800, LTE2100",2025,TPG,830004,-12.5104,130.9646,,,Y,Y,Y,,,,,,,,,15.075564313855232,Optus,425,Woolaning School,19.07734998768536,Combined,Government,Remote,School Single Entity,0,-13.098819,130.654431,40342,56578.0,16578.0,40342,Woolaning Homeland Christian College,17.949909240194586,Secondary,Independent,Remote,School Single Entity,0,-13.091077,130.661183,50158,57740.0,17740.0,50158,2.8743449263393543,4.001785673830128,No,No,No,No,,70300404,Cox - Finniss,703004,Cox - Finniss - Coomalie,703,Darwin,7,Northern Territory,6274.7088,Within polygon,Matched,59,72,132,3,21,10,26,48,27,48,414,974,1.0,2.6,13.6,0,9,11,108,33,10,43,64,23.3,40.6,31.1,24,ABS 2021 Census Indigenous Profile,Indigenous Location (ILOC),2021
556,WALDNARR,"HARRIS CREEK,WALDARR,WALDHARR",Family Outstation,ROPER GULF,NUMBULWAR NUMBURINDI,NORTHERN LAND COUNCIL,ARNHEM,BIG RIVERS,10.0,Homelands Service Provider Report 2023,-13.76563,135.80531,https://bushtel.nt.gov.au/profile/556,Not listed,Not confirmed,,,,,,,,,,,,,42.585977485916175,4G/LTE,LTE700,2025,Telstra,885002,-13.78362,136.1992,,,Y,,,,,,,,,,,Y,REGIONAL CO-INVESTMENT: Small Cell Satellite,,205.21936816808525,4G/LTE + IoT,"NBIoT700, LTE700, LTE2600",2025,Optus,880003,-12.181375,136.776877,Y,,,Y,,,,,Y,,,,,,,,,,519.8286875294709,4G/LTE,"LTE850, LTE1800, LTE2100",2025,TPG,836004,-12.613261,131.151729,,,Y,Y,Y,,,,,,,,,42.585977485916175,Telstra,175,Milyakburra School,42.188675822129206,Combined,Government,Very Remote,School Single Entity,0,-13.7818,136.1956,50103,56564.0,16564.0,50103,Milyakburra School,42.188675822129206,Combined,Government,Very Remote,School Single Entity,0,-13.7818,136.1956,50103,56564.0,16564.0,50103,-0.3973016637869691,-0.3973016637869691,Yes,Yes,No,No,,70600601,Numbulwar and Outstations,706006,Numbulwar and Outstations,706,Nhulunbuy,7,Northern Territory,4418.5473,Within polygon,Matched,335,336,675,42,95,131,229,128,43,30,244,1057,1.7,4.8,57.8,19,60,44,534,85,29,107,424,25.7,20.4,15.2,137,ABS 2021 Census Indigenous Profile,Indigenous Location (ILOC),2021
291,WALKA,"BARGE LANDING,WALKAA",Family Outstation,WEST ARNHEM,BARRAH,NORTHERN LAND COUNCIL,ARAFURA,TOP END,,Not recorded,-11.17957,132.58843,https://bushtel.nt.gov.au/profile/291,Not listed,Not confirmed,,,,,,,,,,,,,3.858267703032263,4G/LTE + IoT,"IoT700, LTE700, LTE850",2025,Telstra,822032,-11.1479,132.57398,,Y,Y,Y,,,,,,,,,,Y,Federal Mobile Black Spot Program (MBSP),1.0,144.38642941810676,3G/UMTS + 4G/LTE,"UMTS900, LTE700",2025,Optus,822106,-12.42654,132.95842,,Y,,Y,,,,,,,,,,,,Y,Federal Mobile Black Spot Program (MBSP),5.0,218.6937294993801,4G/LTE,"LTE850, LTE1800, LTE2100",2025,TPG,836002,-12.55419,131.15106,,,Y,Y,Y,,,,,,,,,3.858267703032263,Telstra,582,Mamaruni School,3.63967585949386,Combined,Government,Very Remote,School Single Entity,0,-11.14856,132.57775,50098,47955.0,7955.0,50098,Mamaruni School,3.63967585949386,Combined,Government,Very Remote,School Single Entity,0,-11.14856,132.57775,50098,47955.0,7955.0,50098,-0.2185918435384031,-0.2185918435384031,Yes,Yes,No,No,,70400401,Cobourg Peninsula - Demed Homelands,704004,North-West Arnhem,704,Jabiru - Tiwi,7,Northern Territory,23675.7318,Within polygon,Matched,145,127,279,27,57,40,102,44,3,27,239,1218,2.4,5.6,70.3,4,34,22,190,45,3,48,138,8.3,24.7,22.7,84,ABS 2021 Census Indigenous Profile,Indigenous Location (ILOC),2021
720,WALKABOUT BORE,"JACK KENNY'S CAMP,MPWELARRE",Family Outstation,MACDONNELL,RODINGA,CENTRAL LAND COUNCIL,NAMATJIRA,CENTRAL AUSTRALIA,23.0,Homelands Service Provider Report 2023,-24.38261,133.81687,https://bushtel.nt.gov.au/profile/720,Not listed,Not confirmed,,,,,,,,,,,,,36.65233823303801,4G/LTE + IoT,"IoT700, LTE700",2025,Telstra,872168,-24.33977,133.4581,,Y,Y,,,,,,,,,,,,,,19.77486229668712,3G/UMTS + 4G/LTE,"UMTS900, LTE700",2025,Optus,872192,-24.321417,133.633583,,Y,,Y,,,,,,,,,,,,Y,Federal Mobile Black Spot Program (MBSP),4.0,710.0526194758667,4G/LTE,LTE850,2025,TPG,4825002,-20.73424,139.49366,,,Y,,,,,,,,,,,19.77486229668712,Optus,370,Titjikala School,41.37141630431206,Combined,Government,Remote,School Single Entity,0,-24.67244,134.07331,50123,56575.0,16575.0,50123,Titjikala School,41.37141630431206,Combined,Government,Remote,School Single Entity,0,-24.67244,134.07331,50123,56575.0,16575.0,50123,21.596554007624945,21.596554007624945,No,No,No,No,,70900103,South MacDonnell Ranges,709001,Amoonguna - Santa Teresa - Titjikala,709,Apatula,7,Northern Territory,31517.5382,Within polygon,Matched,651,171,821,14,29,137,420,188,34,35,360,645,1.0,2.5,10.9,6,16,14,773,55,7,64,688,12.3,8.4,7.4,43,ABS 2021 Census Indigenous Profile,Indigenous Location (ILOC),2021
750,WALKALBA,"ROCK HILL,WAKALBA,WAKALPA,WAKURLPA,WALKURBLA",Family Outstation,CENTRAL DESERT,SOUTHERN TANAMI,CENTRAL LAND COUNCIL,GWOJA,CENTRAL AUSTRALIA,,Not recorded,-22.16249,131.81991,https://bushtel.nt.gov.au/profile/750,Not listed,Not confirmed,,,,,,,,,,,,,10.140875590822992,4G/LTE + IoT,"IoT700, LTE700, LTE2600",2025,Telstra,872025,-22.25156,131.79875,,Y,Y,,,,Y,,,,,,,,,,164.48631673439377,3G/UMTS + 4G/LTE,"UMTS900, LTE700",2025,Optus,872135,-22.13295,133.4167,,Y,,Y,,,,,,,,,,,,,,,809.8071762446414,4G/LTE,LTE850,2025,TPG,4825002,-20.73424,139.49366,,,Y,,,,,,,,,,,10.140875590822992,Telstra,498,Yuendumu School,10.6265696124272,Combined,Government,Very Remote,School Single Entity,0,-22.25565,131.796889,50068,46730.0,6730.0,50068,Yuendumu School,10.6265696124272,Combined,Government,Very Remote,School Single Entity,0,-22.25565,131.796889,50068,46730.0,6730.0,50068,0.4856940216042087,0.4856940216042087,No,No,No,No,,70901701,Yuendumu and Outstations,709017,Yuendumu and Outstations,709,Apatula,7,Northern Territory,22120.9495,Within polygon,Matched,312,303,617,62,138,99,171,110,33,25,254,1012,1.6,4.7,43.2,12,102,36,418,73,29,95,307,28.1,22.7,16.4,200,ABS 2021 Census Indigenous Profile,Indigenous Location (ILOC),2021
24903,WALLACES LAGOON,No aliases recorded with NTG DIPL,Family Outstation,ROPER GULF,SOUTH WEST GULF,NORTHERN LAND COUNCIL,BARKLY,BIG RIVERS,3.0,Homelands Service Provider Report 2023,-16.12267,136.6356,https://bushtel.nt.gov.au/profile/24903,Not listed,Not confirmed,,,,,,,,,,,,,36.03063124216133,4G/LTE + IoT,"IoT700, LTE700, LTE1800, LTE2100, LTE2600",2025,Telstra,854001,-16.05361,136.30611,,Y,Y,,Y,Y,Y,,,,,,,,,,115.28765862115172,3G/UMTS,UMTS900,2025,Optus,852089,-16.6834,135.7265,,Y,,,,,,,,,,,,,,Y,Federal Mobile Black Spot Program (MBSP),2.0,594.7985283986319,4G/LTE,LTE850,2025,TPG,4825002,-20.73424,139.49366,,,Y,,,,,,,,,,,36.03063124216133,Telstra,221,Borroloola School,35.88513526294392,Combined,Government,Very Remote,School Single Entity,0,-16.0582,136.30649,50056,47921.0,7921.0,50056,Borroloola School,35.88513526294392,Combined,Government,Very Remote,School Single Entity,0,-16.0582,136.30649,50056,47921.0,7921.0,50056,-0.1454959792174079,-0.1454959792174079,Yes,Yes,No,No,,70500401,Mabunji - Mungoorbada Outstations,705004,Gulf,705,Katherine,7,Northern Territory,55041.1368,Within polygon,Matched,62,43,104,7,17,23,30,21,8,30,407,916,1.9,3.6,48.1,4,12,3,79,23,9,28,52,22.2,34.6,26.9,24,ABS 2021 Census Indigenous Profile,Indigenous Location (ILOC),2021
748,WALU,TJILKAMATA,Family Outstation,MACDONNELL,IYARRKA,CENTRAL LAND COUNCIL,GWOJA,CENTRAL AUSTRALIA,,Not recorded,-24.73711,129.52559,https://bushtel.nt.gov.au/profile/748,Not listed,Not confirmed,,,,,,,,,,,,,47.43298819097499,4G/LTE + IoT,"IoT700, LTE700",2025,Telstra,872125,-24.87253,129.079969,,Y,Y,,,,,,,,,,,,,,154.69569909611818,4G/LTE + 5G/NR + IoT,"NBIoT700, LTE700, LTE900, LTE2100, LTE2600, NR700, NR900, NR2100",2025,Optus,872155,-25.191336,130.976089,Y,,,Y,Y,,Y,,Y,Y,Y,Y,,,,,,,1034.9800079507877,4G/LTE,"LTE850, LTE1800",2025,TPG,6430002,-30.7382,121.47878,,,Y,Y,,,,,,,,,,47.43298819097499,Telstra,144,Nyangatjatjara College - Kaltukatjara Campus (Docker River) Primary Campus,47.22143759983174,Primary,Independent,Very Remote,School Sub-Campus,0,-24.8729892831282,129.082349495758,40902,77301.0,14570.0,50160,Nyangatjatjara College - Kaltukatjara Campus (Docker River) Secondary Campus,48.12538859873364,Secondary,Independent,Very Remote,School Sub-Campus,0,-24.8812918779094,129.076019609991,53390,89017.0,14570.0,50160,0.6924004077586474,-0.2115505911432507,Yes,No,No,No,,70900802,Kaltukatjara Outstations,709008,Kaltukatjara and Outstations,709,Apatula,7,Northern Territory,87474.9608,Within polygon,Matched,28,34,60,8,7,8,17,16,3,29,295,966,1.7,3.7,40.0,0,5,6,46,14,5,12,35,14.3,29.8,25.5,15,ABS 2021 Census Indigenous Profile,Indigenous Location (ILOC),2021
176,WALYTJATJATA,No aliases recorded with NTG DIPL,Family Outstation,MACDONNELL,IYARRKA,CENTRAL LAND COUNCIL,GWOJA,CENTRAL AUSTRALIA,,Not recorded,-25.97667,129.46583,https://bushtel.nt.gov.au/profile/176,Not listed,Not confirmed,,,,,,,,,,,,,35.488139619801245,4G/LTE + IoT,"IoT700, LTE700",2025,Telstra,872129,-26.15862,129.17393,,Y,Y,,,,,,,,,,,Y,Federal Mobile Black Spot Program (MBSP),1.0,172.73301306586205,4G/LTE + IoT,"NBIoT700, LTE700, LTE900, LTE2100, LTE2600",2025,Optus,872003,-25.242591,130.984035,Y,,,Y,Y,,Y,,Y,,,,,,,,,,943.536227451636,4G/LTE,"LTE850, LTE1800",2025,TPG,6430002,-30.7382,121.47878,,,Y,Y,,,,,,,,,,35.488139619801245,Telstra,228,Nyangatjatjara College - Kaltukatjara Campus (Docker River) Primary Campus,128.62422470929494,Primary,Independent,Very Remote,School Sub-Campus,0,-24.8729892831282,129.082349495758,40902,77301.0,14570.0,50160,Nyangatjatjara College - Kaltukatjara Campus (Docker River) Secondary Campus,127.93632544971878,Secondary,Independent,Very Remote,School Sub-Campus,0,-24.8812918779094,129.076019609991,53390,89017.0,14570.0,50160,92.44818582991752,93.13608508949368,No,No,Yes,No,,70900802,Kaltukatjara Outstations,709008,Kaltukatjara and Outstations,709,Apatula,7,Northern Territory,87474.9608,Within polygon,Matched,28,34,60,8,7,8,17,16,3,29,295,966,1.7,3.7,40.0,0,5,6,46,14,5,12,35,14.3,29.8,25.5,15,ABS 2021 Census Indigenous Profile,Indigenous Location (ILOC),2021
428,WAMINARI,"WAMANARI,WAMINARA,WAMINARRA BAY",Family Outstation,WEST ARNHEM,BARRAH,NORTHERN LAND COUNCIL,ARAFURA,TOP END,,Not recorded,-11.76861,133.39754,https://bushtel.nt.gov.au/profile/428,Not listed,Not confirmed,,,,,,,,,,,,,13.47704864622977,4G/LTE + IoT,"IoT700, LTE700, LTE2600",2025,Telstra,822006,-11.64806,133.38472,,Y,Y,,,,Y,,,,,,,,,,87.3590389113963,3G/UMTS + 4G/LTE,"UMTS900, LTE700",2025,Optus,822106,-12.42654,132.95842,,Y,,Y,,,,,,,,,,,,Y,Federal Mobile Black Spot Program (MBSP),5.0,259.34264129764216,4G/LTE,"LTE850, LTE1800, LTE2100",2025,TPG,836002,-12.55419,131.15106,,,Y,Y,Y,,,,,,,,,13.47704864622977,Telstra,446,Warruwi School,13.504348020376266,Combined,Government,Very Remote,School Single Entity,0,-11.64742,133.38947,50129,47966.0,7966.0,50129,Warruwi School,13.504348020376266,Combined,Government,Very Remote,School Single Entity,0,-11.64742,133.38947,50129,47966.0,7966.0,50129,0.0272993741464961,0.0272993741464961,No,No,No,No,,70400401,Cobourg Peninsula - Demed Homelands,704004,North-West Arnhem,704,Jabiru - Tiwi,7,Northern Territory,23675.7318,Within polygon,Matched,145,127,279,27,57,40,102,44,3,27,239,1218,2.4,5.6,70.3,4,34,22,190,45,3,48,138,8.3,24.7,22.7,84,ABS 2021 Census Indigenous Profile,Indigenous Location (ILOC),2021
890,WANAKUTJA,No aliases recorded with NTG DIPL,Family Outstation,WEST ARNHEM,BARRAH,NORTHERN LAND COUNCIL,ARAFURA,TOP END,,Not recorded,-11.10539,132.51106,https://bushtel.nt.gov.au/profile/890,Not listed,Not confirmed,,,,,,,,,,,,,8.334880460992027,4G/LTE + IoT,"IoT700, LTE700, LTE850",2025,Telstra,822032,-11.1479,132.57398,,Y,Y,Y,,,,,,,,,,Y,Federal Mobile Black Spot Program (MBSP),1.0,154.76649493799246,3G/UMTS + 4G/LTE,"UMTS900, LTE700",2025,Optus,822106,-12.42654,132.95842,,Y,,Y,,,,,,,,,,,,Y,Federal Mobile Black Spot Program (MBSP),5.0,218.7684544765908,4G/LTE,"LTE850, LTE1800, LTE2100",2025,TPG,836002,-12.55419,131.15106,,,Y,Y,Y,,,,,,,,,8.334880460992027,Telstra,524,Mamaruni School,8.716988873822093,Combined,Government,Very Remote,School Single Entity,0,-11.14856,132.57775,50098,47955.0,7955.0,50098,Mamaruni School,8.716988873822093,Combined,Government,Very Remote,School Single Entity,0,-11.14856,132.57775,50098,47955.0,7955.0,50098,0.3821084128300658,0.3821084128300658,No,No,No,No,,70400401,Cobourg Peninsula - Demed Homelands,704004,North-West Arnhem,704,Jabiru - Tiwi,7,Northern Territory,23675.7318,Within polygon,Matched,145,127,279,27,57,40,102,44,3,27,239,1218,2.4,5.6,70.3,4,34,22,190,45,3,48,138,8.3,24.7,22.7,84,ABS 2021 Census Indigenous Profile,Indigenous Location (ILOC),2021
119,WANARKULA,"MULGA PARK,MULGA PARK STATION,ROCKET BORE",Family Outstation,MACDONNELL,IYARRKA,CENTRAL LAND COUNCIL,GWOJA,CENTRAL AUSTRALIA,,Not recorded,-25.99663,131.58803,https://bushtel.nt.gov.au/profile/119,Not listed,Not confirmed,,,,,,,,,,,,,46.40190647366292,4G/LTE + IoT,"IoT700, LTE700, LTE2600",2025,Telstra,872080,-26.1457,131.15411,,Y,Y,,,,Y,,,,,,,Y,Federal Mobile Black Spot Program (MBSP),1.0,77.76962466490038,3G/UMTS,UMTS900,2025,Optus,872137,-25.31398,131.756811,,Y,,,,,,,,,,,,,,,,,996.3631357929844,4G/LTE,LTE850,2025,TPG,4825002,-20.73424,139.49366,,,Y,,,,,,,,,,,46.40190647366292,Telstra,152,Mutitjulu School,89.20971511197648,Combined,Government,Very Remote,School Single Entity,0,-25.3481,131.064,50107,56569.0,16569.0,50107,Nyangatjatjara College - Mutitjulu Campus,88.8298799254682,Secondary,Independent,Very Remote,School Sub-Campus,0,-25.350771,131.066363,40903,77302.0,14570.0,50160,42.427973451805286,42.80780863831356,No,No,Yes,No,,70900802,Kaltukatjara Outstations,709008,Kaltukatjara and Outstations,709,Apatula,7,Northern Territory,87474.9608,Within polygon,Matched,28,34,60,8,7,8,17,16,3,29,295,966,1.7,3.7,40.0,0,5,6,46,14,5,12,35,14.3,29.8,25.5,15,ABS 2021 Census Indigenous Profile,Indigenous Location (ILOC),2021
557,WANDAWUY,WULWULWUY,Family Outstation,EAST ARNHEM,GUMURR MIWATJ,NORTHERN LAND COUNCIL,ARNHEM,EAST ARNHEM,84.0,Homelands Service Provider Report 2023,-12.89147,136.35636,https://bushtel.nt.gov.au/profile/557,Not listed,Not confirmed,,,,,,,,,,,,,73.87761887779894,4G/LTE + IoT,"IoT700, LTE700, LTE2600",2025,Telstra,880002,-12.50333,135.80361,,Y,Y,,,,Y,,,,,,,,,,91.20270110305576,4G/LTE + IoT,"NBIoT700, LTE700, LTE2600",2025,Optus,880003,-12.181375,136.776877,Y,,,Y,,,,,Y,,,,,,,,,,565.2909661619866,4G/LTE,"LTE850, LTE1800, LTE2100",2025,TPG,836004,-12.613261,131.151729,,,Y,Y,Y,,,,,,,,,73.87761887779894,Telstra,50,Baniyala Garrangali School,37.13662307506385,Combined,Government,Very Remote,School Single Entity,0,-13.2004,136.2261,50139,67690.0,27690.0,50139,Baniyala Garrangali School,37.13662307506385,Combined,Government,Very Remote,School Single Entity,0,-13.2004,136.2261,50139,67690.0,27690.0,50139,-36.740995802735085,-36.740995802735085,Yes,Yes,No,Yes,,70600304,Laynhapuy,706003,Laynhapuy - Gumatj Homelands,706,Nhulunbuy,7,Northern Territory,5255.6095,Within polygon,Matched,112,87,204,13,32,38,65,46,16,31,262,1187,1.7,4.6,52.6,4,17,12,161,24,7,30,114,23.1,16.0,12.3,45,ABS 2021 Census Indigenous Profile,Indigenous Location (ILOC),2021
690,WANGALINJI,"CLEAN SKIN,WANGGULINJ,WANGULINJI",Family Outstation,BARKLY,KUWARRANGU,NORTHERN LAND COUNCIL,BARKLY,BARKLY,,Not recorded,-18.39639,137.46692,https://bushtel.nt.gov.au/profile/690,Not listed,Not confirmed,,,,,,,,,,,,,112.76163409235902,4G/LTE,LTE700,2025,Telstra,4830018,-18.702951,138.486535,,,Y,,,,,,,,,,,,,,116.85360983225505,3G/UMTS,UMTS900,2025,Optus,4825035,-18.69084,138.53096,,Y,,,,,,,,,,,,,,Y,Federal Mobile Black Spot Program (MBSP),2.0,335.65115340323325,4G/LTE,LTE850,2025,TPG,4825002,-20.73424,139.49366,,,Y,,,,,,,,,,,112.76163409235902,Telstra,6,Kiana School,186.8945857799132,Combined,Government,Very Remote,School Single Entity,0,-17.24244,136.18325,40341,56558.0,16558.0,40341,Kiana School,186.8945857799132,Combined,Government,Very Remote,School Single Entity,0,-17.24244,136.18325,40341,56558.0,16558.0,40341,74.13295168755415,74.13295168755415,No,No,Yes,Yes,Review,70700301,Barkly Tablelands - Outstations,707003,Barkly,707,Tennant Creek,7,Northern Territory,79907.8275,Within polygon,Matched,45,19,64,7,12,5,13,17,6,28,725,924,1.3,3.4,12.5,3,7,7,44,18,0,23,18,4.3,56.1,53.7,19,ABS 2021 Census Indigenous Profile,Indigenous Location (ILOC),2021
177,WANGKARI,No aliases recorded with NTG DIPL,Family Outstation,MACDONNELL,IYARRKA,CENTRAL LAND COUNCIL,GWOJA,CENTRAL AUSTRALIA,,Not recorded,-25.13169,129.01933,https://bushtel.nt.gov.au/profile/177,Not listed,Not confirmed,,,,,,,,,,,,,29.45812058742102,4G/LTE + IoT,"IoT700, LTE700",2025,Telstra,872125,-24.87253,129.079969,,Y,Y,,,,,,,,,,,,,,197.046146656143,4G/LTE + 5G/NR + IoT,"NBIoT700, LTE700, LTE900, LTE2100, LTE2600, NR700, NR900, NR2100",2025,Optus,872155,-25.191336,130.976089,Y,,,Y,Y,,Y,,Y,Y,Y,Y,,,,,,,967.6834397948712,4G/LTE,"LTE850, LTE1800",2025,TPG,6430002,-30.7382,121.47878,,,Y,Y,,,,,,,,,,29.45812058742102,Telstra,284,Nyangatjatjara College - Kaltukatjara Campus (Docker River) Primary Campus,29.458944632033475,Primary,Independent,Very Remote,School Sub-Campus,0,-24.8729892831282,129.082349495758,40902,77301.0,14570.0,50160,Nyangatjatjara College - Kaltukatjara Campus (Docker River) Secondary Campus,28.42304961867069,Secondary,Independent,Very Remote,School Sub-Campus,0,-24.8812918779094,129.076019609991,53390,89017.0,14570.0,50160,-1.035070968750329,0.0008240446124538,No,Yes,No,No,,70900802,Kaltukatjara Outstations,709008,Kaltukatjara and Outstations,709,Apatula,7,Northern Territory,87474.9608,Within polygon,Matched,28,34,60,8,7,8,17,16,3,29,295,966,1.7,3.7,40.0,0,5,6,46,14,5,12,35,14.3,29.8,25.5,15,ABS 2021 Census Indigenous Profile,Indigenous Location (ILOC),2021
178,WANMARRA,BAGOT SPRINGS,Family Outstation,MACDONNELL,LJIRAPINTA,CENTRAL LAND COUNCIL,GWOJA,CENTRAL AUSTRALIA,14.0,Homelands Service Provider Report 2023,-24.38841,131.80347,https://bushtel.nt.gov.au/profile/178,Yes,Confirmed,Primary name,WANMARRA,0.0659093735018394,WANMARRA,COMMUNITY,14.0,,,YES,TELSTRA,-24.388,131.803,0.0824398207701137,4G/LTE + IoT,"IoT700, LTE700",2025,Telstra,872181,-24.389032,131.803913,,Y,Y,,,,,,,,,,,Y,REGIONAL CO-INVESTMENT: Small Cell Satellite,,2.379603088942854,3G/UMTS + 4G/LTE,"UMTS900, LTE700",2025,Optus,872144,-24.4053,131.8179,,Y,,Y,,,,,,,,,,,,Y,Federal Mobile Black Spot Program (MBSP),2.0,887.8169373755762,4G/LTE,LTE850,2025,TPG,4825002,-20.73424,139.49366,,,Y,,,,,,,,,,,0.0824398207701137,Telstra,627,Watarrka School,22.659334665578733,Combined,Government,Very Remote,School Single Entity,0,-24.30093,131.60146,50097,56561.0,16561.0,50097,Watarrka School,22.659334665578733,Combined,Government,Very Remote,School Single Entity,0,-24.30093,131.60146,50097,56561.0,16561.0,50097,22.57689484480862,22.57689484480862,No,No,No,No,,70900802,Kaltukatjara Outstations,709008,Kaltukatjara and Outstations,709,Apatula,7,Northern Territory,87474.9608,Within polygon,Matched,28,34,60,8,7,8,17,16,3,29,295,966,1.7,3.7,40.0,0,5,6,46,14,5,12,35,14.3,29.8,25.5,15,ABS 2021 Census Indigenous Profile,Indigenous Location (ILOC),2021
652,WANMARRI,"WANMARI,WANMURRI",Family Outstation,ROPER GULF,YUGUL MANGI,NORTHERN LAND COUNCIL,ARNHEM,BIG RIVERS,,Not recorded,-14.45401,135.22691,https://bushtel.nt.gov.au/profile/652,Not listed,Not confirmed,,,,,,,,,,,,,58.5885267333482,4G/LTE + IoT,"IoT700, LTE700, LTE2600",2025,Telstra,852003,-14.27917,135.74,,Y,Y,,,,Y,,,,,,,,,,222.85466349380104,3G/UMTS + 4G/LTE,"UMTS900, LTE700",2025,Optus,852113,-14.9541,133.2204,,Y,,Y,,,,,,,,,,,,Y,Federal Mobile Black Spot Program (MBSP),5.0,485.7589308197053,4G/LTE,"LTE850, LTE1800, LTE2100",2025,TPG,836004,-12.613261,131.151729,,,Y,Y,Y,,,,,,,,,58.5885267333482,Telstra,91,Numbulwar School,58.74872296902944,Combined,Government,Very Remote,School Single Entity,0,-14.27811,135.74119,50064,47931.0,7931.0,50064,Numbulwar School,58.74872296902944,Combined,Government,Very Remote,School Single Entity,0,-14.27811,135.74119,50064,47931.0,7931.0,50064,0.1601962356812407,0.1601962356812407,No,No,Yes,Yes,Review,70500405,Yugul Mangi Outstations,705004,Gulf,705,Katherine,7,Northern Territory,32782.3489,Within polygon,Matched,12,17,24,0,0,3,11,9,0,38,177,687,1.9,4.5,66.7,0,0,0,24,0,4,3,17,40.0,20.0,12.0,0,ABS 2021 Census Indigenous Profile,Indigenous Location (ILOC),2021
19471,WARBY,No aliases recorded with NTG DIPL,Family Outstation,ROPER GULF,SOUTH WEST GULF,NORTHERN LAND COUNCIL,BARKLY,BIG RIVERS,,Not recorded,-16.1531,136.7344,https://bushtel.nt.gov.au/profile/19471,Not listed,Not confirmed,,,,,,,,,,,,,47.0735115045748,4G/LTE + IoT,"IoT700, LTE700, LTE1800, LTE2100, LTE2600",2025,Telstra,854001,-16.05361,136.30611,,Y,Y,,Y,Y,Y,,,,,,,,,,122.61311615462309,3G/UMTS,UMTS900,2025,Optus,852089,-16.6834,135.7265,,Y,,,,,,,,,,,,,,Y,Federal Mobile Black Spot Program (MBSP),2.0,586.6350467025529,4G/LTE,LTE850,2025,TPG,4825002,-20.73424,139.49366,,,Y,,,,,,,,,,,47.0735115045748,Telstra,146,Borroloola School,46.91611453300055,Combined,Government,Very Remote,School Single Entity,0,-16.0582,136.30649,50056,47921.0,7921.0,50056,Borroloola School,46.91611453300055,Combined,Government,Very Remote,School Single Entity,0,-16.0582,136.30649,50056,47921.0,7921.0,50056,-0.1573969715742507,-0.1573969715742507,Yes,Yes,No,No,,70500401,Mabunji - Mungoorbada Outstations,705004,Gulf,705,Katherine,7,Northern Territory,55041.1368,Within polygon,Matched,62,43,104,7,17,23,30,21,8,30,407,916,1.9,3.6,48.1,4,12,3,79,23,9,28,52,22.2,34.6,26.9,24,ABS 2021 Census Indigenous Profile,Indigenous Location (ILOC),2021
998,WARLPEYANGKRERE,TARLTON DOWNS,Family Outstation,CENTRAL DESERT,AKITYARRE,CENTRAL LAND COUNCIL,NAMATJIRA,CENTRAL AUSTRALIA,,Not recorded,-22.54894,136.99175,https://bushtel.nt.gov.au/profile/998,Not listed,Not confirmed,,,,,,,,,,,,,172.00094533463965,4G/LTE + IoT,"IoT700, LTE700",2025,Telstra,4825034,-21.60989,138.31824,,Y,Y,,,,,,,,,,,Y,Federal Mobile Black Spot Program (MBSP),1.0,105.50065591162276,3G/UMTS + 4G/LTE,"UMTS900, LTE700",2025,Optus,872161,-22.2742,137.97409,,Y,,Y,,,,,,,,,,,,Y,Federal Mobile Black Spot Program (MBSP),4.0,327.98829420963955,4G/LTE,LTE850,2025,TPG,4825002,-20.73424,139.49366,,,Y,,,,,,,,,,,105.50065591162276,Optus,15,Bonya School,88.42838301128127,Combined,Government,Very Remote,School Single Entity,0,-22.77886,136.16675,50081,66018.0,26018.0,50081,Bonya School,88.42838301128127,Combined,Government,Very Remote,School Single Entity,0,-22.77886,136.16675,50081,66018.0,26018.0,50081,-17.07227290034149,-17.07227290034149,Yes,Yes,Yes,Yes,Review,70900502,Atitjere - Akarnenehe Outstations,709005,Atitjere - Akarnenehe - Engawala,709,Apatula,7,Northern Territory,67455.8399,Within polygon,Matched,68,60,126,10,26,26,32,21,4,24,277,762,1.3,3.8,29.6,0,23,5,89,14,10,22,63,37.5,26.4,16.5,36,ABS 2021 Census Indigenous Profile,Indigenous Location (ILOC),2021
179,WARREN CREEK,No aliases recorded with NTG DIPL,Family Outstation,MACDONNELL,LURITJA PINTUBI,CENTRAL LAND COUNCIL,GWOJA,CENTRAL AUSTRALIA,6.0,Homelands Service Provider Report 2023,-23.26572,131.17868,https://bushtel.nt.gov.au/profile/179,Not listed,Not confirmed,,,,,,,,,,,,,10.161710790250664,4G/LTE + IoT,"IoT700, LTE700",2025,Telstra,872082,-23.25451,131.2774,,Y,Y,,,,,,,,,,,Y,Federal Mobile Black Spot Program (MBSP),1.0,114.67759044923844,3G/UMTS + 4G/LTE,"UMTS900, LTE700",2025,Optus,872146,-24.251,131.5116,,Y,,Y,,,,,,,,,,,,Y,Federal Mobile Black Spot Program (MBSP),2.0,902.0927112754034,4G/LTE,LTE850,2025,TPG,4825002,-20.73424,139.49366,,,Y,,,,,,,,,,,10.161710790250664,Telstra,497,Watiyawanu School,9.787288947124395,Combined,Government,Very Remote,School Single Entity,0,-23.266169,131.274489,50130,47906.0,7906.0,50130,Watiyawanu School,9.787288947124395,Combined,Government,Very Remote,School Single Entity,0,-23.266169,131.274489,50130,47906.0,7906.0,50130,-0.3744218431262673,-0.3744218431262673,Yes,Yes,No,No,,70900602,Mount Liebig and Outstations,709006,Haasts Bluff - Mount Liebig (Watiyawanu),709,Apatula,7,Northern Territory,699.4702,Within polygon,Matched,113,118,234,21,60,35,57,48,5,24,229,1359,2.0,6.2,60.0,4,44,13,152,30,3,32,113,6.3,20.8,19.5,81,ABS 2021 Census Indigenous Profile,Indigenous Location (ILOC),2021
180,WARUMPI,"3 MILE,3 MILE BORE,3 MILES,THREE MILE,THREE MILE BORE,THREE MILES",Family Outstation,MACDONNELL,LURITJA PINTUBI,CENTRAL LAND COUNCIL,GWOJA,CENTRAL AUSTRALIA,6.0,Homelands Service Provider Report 2023,-23.1851,131.97514,https://bushtel.nt.gov.au/profile/180,Yes,Confirmed,Primary name,WARUMPI,0.0181224014768254,WARUMPI,COMMUNITY,5.0,,,YES,TELSTRA,-23.185,131.975,5.339428626259223,4G/LTE + IoT,"IoT700, LTE700",2025,Telstra,872058,-23.19087,131.92328,,Y,Y,,,,,,,,,,,,,,70.78891771383677,3G/UMTS + 4G/LTE,"UMTS900, LTE700",2025,Optus,872191,-23.5863,132.51367,,Y,,Y,,,,,,,,,,,,Y,Federal Mobile Black Spot Program (MBSP),5.0,821.7088636091679,4G/LTE,LTE850,2025,TPG,4825002,-20.73424,139.49366,,,Y,,,,,,,,,,,5.339428626259223,Telstra,565,Papunya School,6.913212636579807,Combined,Government,Very Remote,School Single Entity,0,-23.20283,131.91031,50113,47892.0,7892.0,50113,Papunya School,6.913212636579807,Combined,Government,Very Remote,School Single Entity,0,-23.20283,131.91031,50113,47892.0,7892.0,50113,1.5737840103205842,1.5737840103205842,No,No,No,No,,70901102,Papunya Outstations,709011,Papunya and Outstations,709,Apatula,7,Northern Territory,2326.1983,Within polygon,Matched,24,37,62,8,11,9,17,17,0,35,225,574,2.0,3.9,40.0,0,3,4,43,9,0,4,29,16.7,13.0,10.9,19,ABS 2021 Census Indigenous Profile,Indigenous Location (ILOC),2021
877,WATARU,No aliases recorded with NTG DIPL,Family Outstation,MACDONNELL,IYARRKA,CENTRAL LAND COUNCIL,GWOJA,CENTRAL AUSTRALIA,7.0,Homelands Service Provider Report 2023,-24.85858,129.05936,https://bushtel.nt.gov.au/profile/877,Yes,Confirmed,Primary name,WATARU,0.0591633915309494,WATARU,COMMUNITY,5.0,,,YES,TELSTRA,-24.859,129.059,2.594054607614116,4G/LTE + IoT,"IoT700, LTE700",2025,Telstra,872125,-24.87253,129.079969,,Y,Y,,,,,,,,,,,,,,196.633448036384,4G/LTE + 5G/NR + IoT,"NBIoT700, LTE700, LTE900, LTE2100, LTE2600, NR700, NR900, NR2100",2025,Optus,872155,-25.191336,130.976089,Y,,,Y,Y,,Y,,Y,Y,Y,Y,,,,,,,991.135095716078,4G/LTE,"LTE850, LTE1800",2025,TPG,6430002,-30.7382,121.47878,,,Y,Y,,,,,,,,,,2.594054607614116,Telstra,603,Nyangatjatjara College - Kaltukatjara Campus (Docker River) Primary Campus,2.818953167064535,Primary,Independent,Very Remote,School Sub-Campus,0,-24.8729892831282,129.082349495758,40902,77301.0,14570.0,50160,Nyangatjatjara College - Kaltukatjara Campus (Docker River) Secondary Campus,3.033573962609389,Secondary,Independent,Very Remote,School Sub-Campus,0,-24.8812918779094,129.076019609991,53390,89017.0,14570.0,50160,0.4395193549952729,0.2248985594504189,No,No,No,No,,70900802,Kaltukatjara Outstations,709008,Kaltukatjara and Outstations,709,Apatula,7,Northern Territory,87474.9608,Within polygon,Matched,28,34,60,8,7,8,17,16,3,29,295,966,1.7,3.7,40.0,0,5,6,46,14,5,12,35,14.3,29.8,25.5,15,ABS 2021 Census Indigenous Profile,Indigenous Location (ILOC),2021
889,WATDAGAWUY,GANAWA,Family Outstation,EAST ARNHEM,GUMURR MARTHAKAL,NORTHERN LAND COUNCIL,MULKA,EAST ARNHEM,,Not recorded,-11.93961,135.70074,https://bushtel.nt.gov.au/profile/889,Not listed,Not confirmed,,,,,,,,,,,,,17.54313076336617,4G/LTE + 5G/NR + IoT,"IoT700, LTE700, LTE850, LTE2600, NR850, NR2600",2025,Telstra,822005,-12.02483,135.56501,,Y,Y,Y,,,Y,,Y,,Y,,,,,,120.06798921874788,4G/LTE + IoT,"NBIoT700, LTE700, LTE2600",2025,Optus,880003,-12.181375,136.776877,Y,,,Y,,,,,Y,,,,,,,,,,499.0813112115155,4G/LTE,"LTE850, LTE1800, LTE2100",2025,TPG,836002,-12.55419,131.15106,,,Y,Y,Y,,,,,,,,,17.54313076336617,Telstra,390,Shepherdson College,17.539855125121747,Combined,Government,Very Remote,School Single Entity,0,-12.02856,135.56757,50066,55931.0,15931.0,50066,Shepherdson College,17.539855125121747,Combined,Government,Very Remote,School Single Entity,0,-12.02856,135.56757,50066,55931.0,15931.0,50066,-0.0032756382444247,-0.0032756382444247,Yes,Yes,No,No,,70600402,Marthakal Homelands exc. Galiwinku,706004,Marthakal Homelands - Galiwinku,706,Nhulunbuy,7,Northern Territory,5177.5161,Within polygon,Matched,204,224,425,32,93,102,113,79,18,23,281,1312,1.8,5.7,64.7,8,68,36,308,27,25,58,245,43.6,18.0,10.2,125,ABS 2021 Census Indigenous Profile,Indigenous Location (ILOC),2021
385,WAUK,"ARRDUKBUKBUN,MUNGULGAN,MURGENELLA",Family Outstation,WEST ARNHEM,BARRAH,NORTHERN LAND COUNCIL,ARAFURA,TOP END,,Not recorded,-11.54863,132.92501,https://bushtel.nt.gov.au/profile/385,Not listed,Not confirmed,,,,,,,,,,,,,51.27976839350823,4G/LTE + IoT,"IoT700, LTE700, LTE2600",2025,Telstra,822006,-11.64806,133.38472,,Y,Y,,,,Y,,,,,,,,,,97.68688854551192,3G/UMTS + 4G/LTE,"UMTS900, LTE700",2025,Optus,822106,-12.42654,132.95842,,Y,,Y,,,,,,,,,,,,Y,Federal Mobile Black Spot Program (MBSP),5.0,222.9667542163531,4G/LTE,"LTE850, LTE1800, LTE2100",2025,TPG,836002,-12.55419,131.15106,,,Y,Y,Y,,,,,,,,,51.27976839350823,Telstra,124,Warruwi School,51.77002126066471,Combined,Government,Very Remote,School Single Entity,0,-11.64742,133.38947,50129,47966.0,7966.0,50129,Warruwi School,51.77002126066471,Combined,Government,Very Remote,School Single Entity,0,-11.64742,133.38947,50129,47966.0,7966.0,50129,0.4902528671564781,0.4902528671564781,No,No,Yes,Yes,Review,70400401,Cobourg Peninsula - Demed Homelands,704004,North-West Arnhem,704,Jabiru - Tiwi,7,Northern Territory,23675.7318,Within polygon,Matched,145,127,279,27,57,40,102,44,3,27,239,1218,2.4,5.6,70.3,4,34,22,190,45,3,48,138,8.3,24.7,22.7,84,ABS 2021 Census Indigenous Profile,Indigenous Location (ILOC),2021
181,WAYILILINYPA,"NGANA,WAYLILINPA,WAYLILYNPA",Family Outstation,CENTRAL DESERT,SOUTHERN TANAMI,CENTRAL LAND COUNCIL,GWOJA,CENTRAL AUSTRALIA,,Not recorded,-22.50196,131.44669,https://bushtel.nt.gov.au/profile/181,Not listed,Not confirmed,,,,,,,,,,,,,45.66893129167432,4G/LTE + IoT,"IoT700, LTE700, LTE2600",2025,Telstra,872025,-22.25156,131.79875,,Y,Y,,,,Y,,,,,,,,,,162.654958765703,3G/UMTS + 4G/LTE,"UMTS900, LTE700",2025,Optus,872191,-23.5863,132.51367,,Y,,Y,,,,,,,,,,,,Y,Federal Mobile Black Spot Program (MBSP),5.0,854.6147906443823,4G/LTE,LTE850,2025,TPG,4825002,-20.73424,139.49366,,,Y,,,,,,,,,,,45.66893129167432,Telstra,157,Yuendumu School,45.24022004365664,Combined,Government,Very Remote,School Single Entity,0,-22.25565,131.796889,50068,46730.0,6730.0,50068,Yuendumu School,45.24022004365664,Combined,Government,Very Remote,School Single Entity,0,-22.25565,131.796889,50068,46730.0,6730.0,50068,-0.4287112480176844,-0.4287112480176844,Yes,Yes,No,No,,70901701,Yuendumu and Outstations,709017,Yuendumu and Outstations,709,Apatula,7,Northern Territory,22120.9495,Within polygon,Matched,312,303,617,62,138,99,171,110,33,25,254,1012,1.6,4.7,43.2,12,102,36,418,73,29,95,307,28.1,22.7,16.4,200,ABS 2021 Census Indigenous Profile,Indigenous Location (ILOC),2021
182,WELERE,"DERRY DOWNS,PERETY",Family Outstation,BARKLY,ALYAWARR,CENTRAL LAND COUNCIL,BARKLY,BARKLY,6.0,Homelands Service Provider Report 2023,-22.02194,135.19169,https://bushtel.nt.gov.au/profile/182,Not listed,Not confirmed,,,,,,,,,,,,,41.00601508803558,4G/LTE + IoT,"IoT700, LTE700, LTE2600",2025,Telstra,872117,-21.654547,135.226058,,Y,Y,,,,Y,,,,,,,Y,REGIONAL CO-INVESTMENT: RCP - Augmentation,1.0,143.56159312393538,3G/UMTS,UMTS900,2025,Optus,872147,-22.96838,134.24121,,Y,,,,,,,,,,,,,,Y,Federal Mobile Black Spot Program (MBSP),2.0,467.8659259367167,4G/LTE,LTE850,2025,TPG,4825002,-20.73424,139.49366,,,Y,,,,,,,,,,,41.00601508803558,Telstra,185,Ampilatwatja School,41.08977919329346,Combined,Government,Very Remote,School Single Entity,0,-21.65369,135.22478,50077,47903.0,7903.0,50077,Ampilatwatja School,41.08977919329346,Combined,Government,Very Remote,School Single Entity,0,-21.65369,135.22478,50077,47903.0,7903.0,50077,0.0837641052578774,0.0837641052578774,No,No,No,No,,70900201,Ampilatwatja and Outstations,709002,Ampilatwatja and Outstations,709,Apatula,7,Northern Territory,15124.1872,Within polygon,Matched,208,217,425,44,92,84,113,66,20,23,396,1485,2.1,6.1,69.2,9,69,34,286,39,6,47,219,13.6,15.3,13.2,136,ABS 2021 Census Indigenous Profile,Indigenous Location (ILOC),2021
183,WELMALA,WIRRMALYANGA,Family Outstation,MACDONNELL,RODINGA,CENTRAL LAND COUNCIL,NAMATJIRA,CENTRAL AUSTRALIA,,Not recorded,-25.68278,133.26116,https://bushtel.nt.gov.au/profile/183,Not listed,Not confirmed,,,,,,,,,,,,,17.717506450071937,4G/LTE + IoT,"IoT700, LTE700",2025,Telstra,872081,-25.83843,133.299,,Y,Y,,,,,,,,,,,,,,17.848773399530558,3G/UMTS,UMTS900,2025,Optus,872140,-25.8395,133.2997,,Y,,,,,,,,,,,,,,,,,841.4390784112036,4G/LTE,LTE850,2025,TPG,4825002,-20.73424,139.49366,,,Y,,,,,,,,,,,17.717506450071937,Telstra,389,Imanpa School,92.55550264892835,Combined,Government,Very Remote,School Single Entity,0,-25.1291,132.5731,50094,,16553.0,50094,Imanpa School,92.55550264892835,Combined,Government,Very Remote,School Single Entity,0,-25.1291,132.5731,50094,,16553.0,50094,74.83799619885642,74.83799619885642,No,No,Yes,No,,70900403,Apatula (Finke) Homelands - West,709004,Apatula (Finke) and Homelands,709,Apatula,7,Northern Territory,37488.9696,Within polygon,Matched,0,0,0,0,0,0,0,0,0,0,0,0,0.0,0.0,0.0,0,0,0,0,0,0,0,0,0.0,0.0,0.0,0,ABS 2021 Census Indigenous Profile,Indigenous Location (ILOC),2021
655,WERENBUN,EDITH FALLS ROAD,Family Outstation,ROPER GULF,NYIRRANGGULUNG,NORTHERN LAND COUNCIL,ARNHEM,BIG RIVERS,20.0,Homelands Service Provider Report 2023,-14.18255,132.1611,https://bushtel.nt.gov.au/profile/655,Not listed,Not confirmed,,,,,,,,,,,,,21.926441446796247,4G/LTE + IoT,"IoT700, LTE700",2025,Telstra,847001,-14.08536,131.98417,,Y,Y,,,,,,,,,,,,,,2.7499450195055246,3G/UMTS + 4G/LTE,"UMTS900, LTE700",2025,Optus,852111,-14.178461,132.186257,,Y,,Y,,,,,,,,,,,,Y,Federal Mobile Black Spot Program (MBSP),4.0,205.837811481228,4G/LTE,"LTE850, LTE1800, LTE2100",2025,TPG,836004,-12.613261,131.151729,,,Y,Y,Y,,,,,,,,,2.7499450195055246,Optus,599,Clyde Fenton Primary School,32.11071919433125,Primary,Government,Remote,School Single Entity,0,-14.4512,132.27042,50018,47926.0,7926.0,50018,St Joseph's Catholic College,33.43955453983571,Combined,Catholic,Remote,School Single Entity,0,-14.46194,132.27593,40351,46882.0,6882.0,40351,30.689609520330187,29.36077417482573,No,No,No,No,,70500303,Elsey Roper - Surrounds,705003,Elsey - Roper,705,Katherine,7,Northern Territory,92882.2781,Within polygon,Matched,41,29,68,3,8,15,16,17,3,28,417,1125,1.3,2.6,16.0,0,5,8,52,24,10,31,24,20.0,56.6,45.3,11,ABS 2021 Census Indigenous Profile,Indigenous Location (ILOC),2021
708,WERRE-THERRE,"DAVIS CAMP,HAMILTON DOWNS,KUPULA URBALA,KUPUTA URBALA,MCCORMACKS CAMP,THAKAPERTE,WERE-THERRE",Family Outstation,MACDONNELL,RODINGA,CENTRAL LAND COUNCIL,NAMATJIRA,CENTRAL AUSTRALIA,2.0,Homelands Service Provider Report 2023,-23.54265,133.63473,https://bushtel.nt.gov.au/profile/708,Not listed,Not confirmed,,,,,,,,,,,,,5.14292257771242,4G/LTE + IoT,"IoT700, LTE700",2025,Telstra,870010,-23.52395,133.68087,,Y,Y,,,,,,,,,,,,,,27.11185234347748,4G/LTE + 5G/NR + IoT,"NBIoT700, LTE700, LTE900, LTE1800, LTE2100, LTE2600, NR700, NR900, NR2100",2025,Optus,870064,-23.69695,133.84078,Y,,,Y,Y,Y,Y,,Y,Y,Y,Y,,,,,,,679.354346253978,4G/LTE,LTE850,2025,TPG,4825002,-20.73424,139.49366,,,Y,,,,,,,,,,,5.14292257771242,Telstra,569,Living Waters Lutheran School,26.44181950531189,Primary,Independent,Remote,School Single Entity,0,-23.69766,133.83155,50151,46877.0,6877.0,50151,Yipirinya School,28.54755263298173,Combined,Independent,Remote,School Single Entity,0,-23.69766,133.8581,50161,44218.0,4218.0,50161,23.404630055269312,21.298896927599472,No,No,No,No,,70901402,Ingkerreke Outstations,709014,West MacDonnell Ranges,709,Apatula,7,Northern Territory,9777.1413,Within polygon,Matched,106,82,189,20,24,23,62,45,11,32,341,762,1.2,2.9,16.1,6,15,3,141,14,4,14,92,23.5,12.3,9.4,44,ABS 2021 Census Indigenous Profile,Indigenous Location (ILOC),2021
274,WEST ISLAND,"WURDIJIYA,WURDILIYA,WURDILYA,YATHUNGA",Family Outstation,ROPER GULF,SOUTH WEST GULF,NORTHERN LAND COUNCIL,BARKLY,BIG RIVERS,8.0,Homelands Service Provider Report 2023,-15.64251,136.50235,https://bushtel.nt.gov.au/profile/274,Not listed,Not confirmed,,,,,,,,,,,,,50.301635660677405,4G/LTE + IoT,"IoT700, LTE700, LTE1800, LTE2100, LTE2600",2025,Telstra,854001,-16.05361,136.30611,,Y,Y,,Y,Y,Y,,,,,,,,,,142.34407423819374,3G/UMTS,UMTS900,2025,Optus,852089,-16.6834,135.7265,,Y,,,,,,,,,,,,,,Y,Federal Mobile Black Spot Program (MBSP),2.0,648.3217757476505,4G/LTE,LTE850,2025,TPG,4825002,-20.73424,139.49366,,,Y,,,,,,,,,,,50.301635660677405,Telstra,130,Borroloola School,50.74900909841515,Combined,Government,Very Remote,School Single Entity,0,-16.0582,136.30649,50056,47921.0,7921.0,50056,Borroloola School,50.74900909841515,Combined,Government,Very Remote,School Single Entity,0,-16.0582,136.30649,50056,47921.0,7921.0,50056,0.4473734377377454,0.4473734377377454,No,No,Yes,Yes,Review,70500401,Mabunji - Mungoorbada Outstations,705004,Gulf,705,Katherine,7,Northern Territory,55041.1368,Within polygon,Matched,62,43,104,7,17,23,30,21,8,30,407,916,1.9,3.6,48.1,4,12,3,79,23,9,28,52,22.2,34.6,26.9,24,ABS 2021 Census Indigenous Profile,Indigenous Location (ILOC),2021
185,WEST WATERHOUSE,WEST WATER HOUSE NO.2,Family Outstation,MACDONNELL,LJIRAPINTA,CENTRAL LAND COUNCIL,GWOJA,CENTRAL AUSTRALIA,10.0,Homelands Service Provider Report 2023,-23.99573,133.11339,https://bushtel.nt.gov.au/profile/185,Not listed,Not confirmed,,,,,,,,,,,,,14.552250695200552,4G/LTE + 5G/NR + IoT,"IoT700, LTE700, LTE850, NR850",2025,Telstra,872102,-24.12447,133.087629,,Y,Y,Y,,,,,Y,,,,,Y,Federal Mobile Black Spot Program (MBSP),1.0,23.417752359504608,3G/UMTS + 4G/LTE,"UMTS900, LTE700",2025,Optus,872169,-23.7882,133.0742,,Y,,Y,,,,,,,,,,,,Y,Federal Mobile Black Spot Program (MBSP),4.0,749.4904073799778,4G/LTE,LTE850,2025,TPG,4825002,-20.73424,139.49366,,,Y,,,,,,,,,,,14.552250695200552,Telstra,431,Wallace Rockhole School,14.470304746558917,Combined,Government,Very Remote,School Single Entity,0,-24.1233,133.085237,50127,56576.0,16576.0,50127,Wallace Rockhole School,14.470304746558917,Combined,Government,Very Remote,School Single Entity,0,-24.1233,133.085237,50127,56576.0,16576.0,50127,-0.0819459486416356,-0.0819459486416356,Yes,Yes,No,No,,70901403,Tjuwanpa Outstations,709014,West MacDonnell Ranges,709,Apatula,7,Northern Territory,15970.5215,Within polygon,Matched,90,98,188,21,38,31,60,36,8,27,352,1166,1.5,4.3,51.2,0,21,12,134,28,19,47,85,43.5,34.6,19.5,59,ABS 2021 Census Indigenous Profile,Indigenous Location (ILOC),2021
431,WIGU,"GOULBURN ISLAND,SOUTH GOULBURN IS",Family Outstation,WEST ARNHEM,BARRAH,NORTHERN LAND COUNCIL,ARAFURA,TOP END,,Not recorded,-11.61353,133.43225,https://bushtel.nt.gov.au/profile/431,Not listed,Not confirmed,,,,,,,,,,,,,6.445097524006576,4G/LTE + IoT,"IoT700, LTE700, LTE2600",2025,Telstra,822006,-11.64806,133.38472,,Y,Y,,,,Y,,,,,,,,,,104.05856735798125,3G/UMTS + 4G/LTE,"UMTS900, LTE700",2025,Optus,822106,-12.42654,132.95842,,Y,,Y,,,,,,,,,,,,Y,Federal Mobile Black Spot Program (MBSP),5.0,269.1853013855568,4G/LTE,"LTE850, LTE1800, LTE2100",2025,TPG,836002,-12.55419,131.15106,,,Y,Y,Y,,,,,,,,,6.445097524006576,Telstra,554,Warruwi School,5.992455596447773,Combined,Government,Very Remote,School Single Entity,0,-11.64742,133.38947,50129,47966.0,7966.0,50129,Warruwi School,5.992455596447773,Combined,Government,Very Remote,School Single Entity,0,-11.64742,133.38947,50129,47966.0,7966.0,50129,-0.4526419275588038,-0.4526419275588038,Yes,Yes,No,No,,70400401,Cobourg Peninsula - Demed Homelands,704004,North-West Arnhem,704,Jabiru - Tiwi,7,Northern Territory,23675.7318,Within polygon,Matched,145,127,279,27,57,40,102,44,3,27,239,1218,2.4,5.6,70.3,4,34,22,190,45,3,48,138,8.3,24.7,22.7,84,ABS 2021 Census Indigenous Profile,Indigenous Location (ILOC),2021
952,WIITIN,TENNANT CREEK TELEGRAPH STN,Family Outstation,BARKLY,PATTA,CENTRAL LAND COUNCIL,BARKLY,BARKLY,7.0,Homelands Service Provider Report 2023,-19.54493,134.23657,https://bushtel.nt.gov.au/profile/952,Yes,Confirmed,Primary name,WIITIN,0.0457261611957034,WIITIN,COMMUNITY,10.0,,,YES,OPTUS/TELSTRA,-19.545,134.237,10.0154972137643,4G/LTE + 5G/NR + IoT,"IoT700, LTE700, LTE850, LTE2600, NR850, NR2600",2025,Telstra,860002,-19.63417,134.22361,,Y,Y,Y,,,Y,,Y,,Y,,,,,,12.384572638620368,3G/UMTS,UMTS900,2025,Optus,852095,-19.4368,134.20825,,Y,,,,,,,,,,,,,,,,,564.493077278645,4G/LTE,LTE850,2025,TPG,4825002,-20.73424,139.49366,,,Y,,,,,,,,,,,10.0154972137643,Telstra,500,Tennant Creek Primary School,12.701574949930889,Primary,Government,Very Remote,School Single Entity,0,-19.6501,134.18925,50046,56574.0,16574.0,50046,Tennant Creek High School,11.787088832070951,Secondary,Government,Very Remote,School Single Entity,0,-19.644142,134.196942,50007,47918.0,7918.0,50007,1.7715916183066511,2.6860777361665864,No,No,No,No,,70700304,Julalikari - Outstations,707003,Barkly,707,Tennant Creek,7,Northern Territory,107784.4629,Within polygon,Matched,67,66,137,15,28,18,41,25,8,27,369,1020,1.4,4.2,31.0,4,26,10,90,13,20,34,41,60.0,39.8,15.9,43,ABS 2021 Census Indigenous Profile,Indigenous Location (ILOC),2021
432,WILGI,"TIGER'S CAMP,WANINGI,WILJI,WILTJU",Family Outstation,WEST ARNHEM,BARRAH,NORTHERN LAND COUNCIL,ARAFURA,TOP END,40.0,Homelands Service Provider Report 2023,-11.49601,132.74947,https://bushtel.nt.gov.au/profile/432,Yes,Confirmed,Primary name,WILGI,0.0512253152743504,WILGI,COMMUNITY,6.0,,,YES,TELSTRA,-11.496,132.749,43.17896002688059,4G/LTE + IoT,"IoT700, LTE700, LTE850",2025,Telstra,822032,-11.1479,132.57398,,Y,Y,Y,,,,,,,,,,Y,Federal Mobile Black Spot Program (MBSP),1.0,105.93745108995178,3G/UMTS + 4G/LTE,"UMTS900, LTE700",2025,Optus,822106,-12.42654,132.95842,,Y,,Y,,,,,,,,,,,,Y,Federal Mobile Black Spot Program (MBSP),5.0,209.9107480129161,4G/LTE,"LTE850, LTE1800, LTE2100",2025,TPG,836002,-12.55419,131.15106,,,Y,Y,Y,,,,,,,,,43.17896002688059,Telstra,172,Mamaruni School,42.93232857928845,Combined,Government,Very Remote,School Single Entity,0,-11.14856,132.57775,50098,47955.0,7955.0,50098,Mamaruni School,42.93232857928845,Combined,Government,Very Remote,School Single Entity,0,-11.14856,132.57775,50098,47955.0,7955.0,50098,-0.2466314475921365,-0.2466314475921365,Yes,Yes,No,No,,70400401,Cobourg Peninsula - Demed Homelands,704004,North-West Arnhem,704,Jabiru - Tiwi,7,Northern Territory,23675.7318,Within polygon,Matched,145,127,279,27,57,40,102,44,3,27,239,1218,2.4,5.6,70.3,4,34,22,190,45,3,48,138,8.3,24.7,22.7,84,ABS 2021 Census Indigenous Profile,Indigenous Location (ILOC),2021
786,WILLIAMS WELL,"PWAYNE,WILLIAMS CAMP",Family Outstation,MACDONNELL,RODINGA,CENTRAL LAND COUNCIL,NAMATJIRA,CENTRAL AUSTRALIA,9.0,Homelands Service Provider Report 2023,-23.67327,134.27874,https://bushtel.nt.gov.au/profile/786,Not listed,Not confirmed,,,,,,,,,,,,,39.21873150555773,4G/LTE + 5G/NR + IoT,"IoT700, LTE700, LTE2600, NR2600",2025,Telstra,870061,-23.70001,133.8947,,Y,Y,,,,Y,,,,Y,,,,,,20.67976190966672,3G/UMTS + 4G/LTE,"UMTS900, LTE700",2025,Optus,872185,-23.5224,134.39741,,Y,,Y,,,,,,,,,,,,Y,Federal Mobile Black Spot Program (MBSP),4.0,628.420046524485,4G/LTE,LTE850,2025,TPG,4825002,-20.73424,139.49366,,,Y,,,,,,,,,,,20.67976190966672,Optus,360,Amoonguna School,36.19623297543709,Primary,Government,Remote,School Single Entity,0,-23.767906,133.938539,50076,47880.0,7880.0,50076,Our Lady of the Sacred Heart College - Sadadeen Road Campus,39.08717833604722,Secondary,Catholic,Remote,School Sub-Campus,0,-23.703528,133.896303,40899,77292.0,14535.0,40347,18.407416426380507,15.516471065770377,No,No,No,No,,70900103,South MacDonnell Ranges,709001,Amoonguna - Santa Teresa - Titjikala,709,Apatula,7,Northern Territory,31517.5382,Within polygon,Matched,651,171,821,14,29,137,420,188,34,35,360,645,1.0,2.5,10.9,6,16,14,773,55,7,64,688,12.3,8.4,7.4,43,ABS 2021 Census Indigenous Profile,Indigenous Location (ILOC),2021
751,WINPARKU,"WINOPARKU,WINOPARKY",Family Outstation,MACDONNELL,LURITJA PINTUBI,CENTRAL LAND COUNCIL,GWOJA,CENTRAL AUSTRALIA,,Not recorded,-23.43465,131.46172,https://bushtel.nt.gov.au/profile/751,Not listed,Not confirmed,,,,,,,,,,,,,27.483320745297725,4G/LTE + IoT,"IoT700, LTE700",2025,Telstra,872082,-23.25451,131.2774,,Y,Y,,,,,,,,,,,Y,Federal Mobile Black Spot Program (MBSP),1.0,90.9157480087484,3G/UMTS + 4G/LTE,"UMTS900, LTE700",2025,Optus,872146,-24.251,131.5116,,Y,,Y,,,,,,,,,,,,Y,Federal Mobile Black Spot Program (MBSP),2.0,880.1775246571142,4G/LTE,LTE850,2025,TPG,4825002,-20.73424,139.49366,,,Y,,,,,,,,,,,27.483320745297725,Telstra,301,Watiyawanu School,26.764123613056043,Combined,Government,Very Remote,School Single Entity,0,-23.266169,131.274489,50130,47906.0,7906.0,50130,Watiyawanu School,26.764123613056043,Combined,Government,Very Remote,School Single Entity,0,-23.266169,131.274489,50130,47906.0,7906.0,50130,-0.7191971322416819,-0.7191971322416819,Yes,Yes,No,No,,70900601,Haasts Bluff and Outstations,709006,Haasts Bluff - Mount Liebig (Watiyawanu),709,Apatula,7,Northern Territory,2854.43,Within polygon,Matched,53,62,118,11,19,26,37,18,5,25,228,1375,2.3,5.1,55.0,6,13,5,83,18,4,21,62,13.0,27.7,24.1,30,ABS 2021 Census Indigenous Profile,Indigenous Location (ILOC),2021
259,WOGYALA,"3 MILE FLAT,ROCKHAMPTON DOWNS,WOGAYALA,WOGAYELA",Family Outstation,BARKLY,KUWARRANGU,NORTHERN LAND COUNCIL,BARKLY,BARKLY,40.0,Homelands Service Provider Report 2023,-19.00617,135.17821,https://bushtel.nt.gov.au/profile/259,Not listed,Not confirmed,,,,,,,,,,,,,100.88784636897674,4G/LTE,LTE700,2025,Telstra,862045,-18.36615,135.8571,,,Y,,,,,,,,,,,Y,REGIONAL CO-INVESTMENT: NT RSCP - Small Cell Satellite,,103.82731730977328,3G/UMTS,UMTS900,2025,Optus,862041,-19.71095,135.82742,,Y,,,,,,,,,,,,,,,,,490.4604504319528,4G/LTE,LTE850,2025,TPG,4825002,-20.73424,139.49366,,,Y,,,,,,,,,,,100.88784636897674,Telstra,17,Rockhampton Downs School,6.702113899772579,Combined,Government,Very Remote,School Single Entity,0,-18.947861,135.19435,50132,86706.0,16542.0,50132,Rockhampton Downs School,6.702113899772579,Combined,Government,Very Remote,School Single Entity,0,-18.947861,135.19435,50132,86706.0,16542.0,50132,-94.18573246920415,-94.18573246920415,Yes,Yes,No,Yes,,70700301,Barkly Tablelands - Outstations,707003,Barkly,707,Tennant Creek,7,Northern Territory,79907.8275,Within polygon,Matched,45,19,64,7,12,5,13,17,6,28,725,924,1.3,3.4,12.5,3,7,7,44,18,0,23,18,4.3,56.1,53.7,19,ABS 2021 Census Indigenous Profile,Indigenous Location (ILOC),2021
21479,WOLLAGALONNG OUTSTATION,No aliases recorded with NTG DIPL,Family Outstation,CENTRAL DESERT,ANMATJERE,CENTRAL LAND COUNCIL,BARKLY,CENTRAL AUSTRALIA,,Not recorded,-21.36721,133.4395,https://bushtel.nt.gov.au/profile/21479,Not listed,Not confirmed,,,,,,,,,,,,,50.059021503574826,4G/LTE + 5G/NR + IoT,"IoT700, LTE700, LTE850, NR850",2025,Telstra,872120,-21.531213,133.889953,,Y,Y,Y,,,,,Y,,,,,,,,50.0083730716098,3G/UMTS,UMTS900,2025,Optus,872132,-21.53135,133.88937,,Y,,,,,,,,,,,,,,,,,632.1538367769328,4G/LTE,LTE850,2025,TPG,4825002,-20.73424,139.49366,,,Y,,,,,,,,,,,50.0083730716098,Optus,131,Stirling School,51.329845727114176,Combined,Government,Very Remote,School Single Entity,0,-21.73983,133.73247,50119,47908.0,7908.0,50119,Stirling School,51.329845727114176,Combined,Government,Very Remote,School Single Entity,0,-21.73983,133.73247,50119,47908.0,7908.0,50119,1.3214726555043723,1.3214726555043723,No,No,Yes,Yes,Review,70900301,Anmatjere - Surrounds,709003,Anmatjere,709,Apatula,7,Northern Territory,49609.3293,Within polygon,Matched,59,43,104,14,10,13,33,25,7,31,226,675,1.5,4.1,40.9,4,12,6,78,0,10,15,58,80.0,19.5,3.9,24,ABS 2021 Census Indigenous Profile,Indigenous Location (ILOC),2021
275,WOLLOGORANG,"BRANCH CREEK,DJANGALINA,JUNGALINA",Family Outstation,ROPER GULF,SOUTH WEST GULF,NORTHERN LAND COUNCIL,BARKLY,BIG RIVERS,2.0,Homelands Service Provider Report 2023,-17.21828,137.98884,https://bushtel.nt.gov.au/profile/275,Yes,Confirmed,Primary name,WOLLOGORANG,0.0354705110584152,WOLLOGORANG,COMMUNITY,7.0,,YES,,TELSTRA,-17.218,137.989,4.572231191877958,4G/LTE + IoT,"IoT700, LTE700",2025,Telstra,862044,-17.21123,137.94643,,Y,Y,,,,,,,,,,,Y,REGIONAL CO-INVESTMENT: Small Cell Satellite,,173.49212420533723,3G/UMTS,UMTS900,2025,Optus,4825035,-18.69084,138.53096,,Y,,,,,,,,,,,,,,Y,Federal Mobile Black Spot Program (MBSP),2.0,421.75253112464543,4G/LTE,LTE850,2025,TPG,4825002,-20.73424,139.49366,,,Y,,,,,,,,,,,4.572231191877958,Telstra,576,Robinson River School,118.68797386313469,Combined,Government,Very Remote,School Single Entity,0,-16.7597,136.981,50118,56541.0,16541.0,50118,Robinson River School,118.68797386313469,Combined,Government,Very Remote,School Single Entity,0,-16.7597,136.981,50118,56541.0,16541.0,50118,114.11574267125673,114.11574267125673,No,No,Yes,No,,70500401,Mabunji - Mungoorbada Outstations,705004,Gulf,705,Katherine,7,Northern Territory,55041.1368,Within polygon,Matched,62,43,104,7,17,23,30,21,8,30,407,916,1.9,3.6,48.1,4,12,3,79,23,9,28,52,22.2,34.6,26.9,24,ABS 2021 Census Indigenous Profile,Indigenous Location (ILOC),2021
697,WOOLANING,No aliases recorded with NTG DIPL,Family Outstation,UN-INCORPORATED (COX-DALY),Not recorded,NORTHERN LAND COUNCIL,DALY,TOP END,4.0,Homelands Service Provider Report 2023,-13.10521,130.6589,https://bushtel.nt.gov.au/profile/697,Not listed,Not confirmed,,,,,,,,,,,,,32.175275634109866,4G/LTE + IoT,"IoT700, LTE700",2025,Telstra,822092,-12.81834,130.62004,,Y,Y,,,,,,,,,,,Y,Federal Mobile Black Spot Program (MBSP),2.0,4.446720704297005,4G/LTE + IoT,"NBIoT700, LTE700, LTE900",2025,Optus,822093,-13.12293,130.69571,Y,,,Y,Y,,,,,,,,,,,Y,Federal Mobile Black Spot Program (MBSP),2.0,73.90907009553757,4G/LTE + 5G/NR,"LTE850, LTE1800, LTE2100, NR700",2025,TPG,800002,-12.4651,130.8425,,,Y,Y,Y,Y,,,,,,,,4.446720704297005,Optus,577,Woolaning School,0.8598087660309952,Combined,Government,Remote,School Single Entity,0,-13.098819,130.654431,40342,56578.0,16578.0,40342,Woolaning School,0.8598087660309952,Combined,Government,Remote,School Single Entity,0,-13.098819,130.654431,40342,56578.0,16578.0,40342,-3.586911938266009,-3.586911938266009,Yes,Yes,No,No,,70300404,Cox - Finniss,703004,Cox - Finniss - Coomalie,703,Darwin,7,Northern Territory,6274.7088,Within polygon,Matched,59,72,132,3,21,10,26,48,27,48,414,974,1.0,2.6,13.6,0,9,11,108,33,10,43,64,23.3,40.6,31.1,24,ABS 2021 Census Indigenous Profile,Indigenous Location (ILOC),2021
715,WOOLIANA,No aliases recorded with NTG DIPL,Family Outstation,VICTORIA DALY,MILNGIN,NORTHERN LAND COUNCIL,DALY,TOP END,11.0,Homelands Service Provider Report 2023,-13.67483,130.64275,https://bushtel.nt.gov.au/profile/715,Not listed,Not confirmed,,,,,,,,,,,,,9.826603906763758,4G/LTE + 5G/NR + IoT,"IoT700, LTE700, LTE850, NR850",2025,Telstra,822007,-13.75083,130.68917,,Y,Y,Y,,,,,Y,,,,,,,,51.0423489433118,3G/UMTS + 4G/LTE,"UMTS900, LTE700",2025,Optus,822110,-13.247436,130.814953,,Y,,Y,,,,,,,,,,,,Y,Federal Mobile Black Spot Program (MBSP),5.0,130.2731842037348,4G/LTE,"LTE850, LTE1800, LTE2100",2025,TPG,836004,-12.613261,131.151729,,,Y,Y,Y,,,,,,,,,9.826603906763758,Telstra,501,Woolianna School,5.7587078785684325,Combined,Government,Very Remote,School Single Entity,0,-13.7109,130.681,50133,56579.0,16579.0,50133,Woolianna School,5.7587078785684325,Combined,Government,Very Remote,School Single Entity,0,-13.7109,130.681,50133,56579.0,16579.0,50133,-4.067896028195325,-4.067896028195325,Yes,Yes,No,No,,70400101,Douglas-Daly,704001,Douglas-Daly,704,Jabiru - Tiwi,7,Northern Territory,34368.2996,Within polygon,Matched,87,77,169,14,32,24,65,18,15,30,340,919,1.6,3.3,25.0,0,24,3,119,32,4,34,78,9.4,27.1,24.6,46,ABS 2021 Census Indigenous Profile,Indigenous Location (ILOC),2021
778,WUDADUK,"MURRADUM,MURRADUN",Family Outstation,WEST DALY,THAMARRURR/PINDI PINDI,NORTHERN LAND COUNCIL,DALY,TOP END,6.0,Homelands Service Provider Report 2023,-14.02771,129.94375,https://bushtel.nt.gov.au/profile/778,Not listed,Not confirmed,,,,,,,,,,,,,20.657401384605,4G/LTE + IoT,"IoT700, LTE700",2025,Telstra,822068,-14.15629,130.082,,Y,Y,,,,,,,,,,,,,,124.606626512364,3G/UMTS + 4G/LTE,"UMTS900, LTE700",2025,Optus,822091,-13.164608,130.679087,,Y,,Y,,,,,,,,,,,,Y,Federal Mobile Black Spot Program (MBSP),2.0,199.1303207068035,4G/LTE + 5G/NR,"LTE850, LTE1800, LTE2100, NR700",2025,TPG,800002,-12.4651,130.8425,,,Y,Y,Y,Y,,,,,,,,20.657401384605,Telstra,361,St Francis Xavier Catholic School - Wudikapildiyer Homeland Learning Centre Campus,19.75647917320368,Combined,Catholic,Very Remote,School Sub-Campus,0,-13.8593246864877,130.002167496203,53319,,13312.0,50145,St Francis Xavier Catholic School - Wudikapildiyer Homeland Learning Centre Campus,19.75647917320368,Combined,Catholic,Very Remote,School Sub-Campus,0,-13.8593246864877,130.002167496203,53319,,13312.0,50145,-0.9009222114013192,-0.9009222114013192,Yes,Yes,No,No,,70400101,Douglas-Daly,704001,Douglas-Daly,704,Jabiru - Tiwi,7,Northern Territory,34368.2996,Within polygon,Matched,87,77,169,14,32,24,65,18,15,30,340,919,1.6,3.3,25.0,0,24,3,119,32,4,34,78,9.4,27.1,24.6,46,ABS 2021 Census Indigenous Profile,Indigenous Location (ILOC),2021
435,WUDAPULI,"WUDAPULLI,WUDUPULA",Family Outstation,WEST DALY,THAMARRURR/PINDI PINDI,NORTHERN LAND COUNCIL,DALY,TOP END,54.0,Homelands Service Provider Report 2023,-14.21351,129.85315,https://bushtel.nt.gov.au/profile/435,Not listed,Not confirmed,,,,,,,,,,,,,15.607987255736491,4G/LTE + IoT,"IoT700, LTE700",2025,Telstra,822043,-14.351052,129.882057,,Y,Y,,,,,,,,,,,,,,146.8508111265318,3G/UMTS + 4G/LTE,"UMTS900, LTE700",2025,Optus,822091,-13.164608,130.679087,,Y,,Y,,,,,,,,,,,,Y,Federal Mobile Black Spot Program (MBSP),2.0,221.9327613188686,4G/LTE + 5G/NR,"LTE850, LTE1800, LTE2100, NR700",2025,TPG,800002,-12.4651,130.8425,,,Y,Y,Y,Y,,,,,,,,15.607987255736491,Telstra,418,Nganmarriyanga School,15.79728137742246,Combined,Government,Very Remote,School Single Entity,0,-14.3528,129.882,50110,56571.0,16571.0,50110,Nganmarriyanga School,15.79728137742246,Combined,Government,Very Remote,School Single Entity,0,-14.3528,129.882,50110,56571.0,16571.0,50110,0.18929412168597,0.18929412168597,No,No,No,No,,70400501,Thamarrurr exc. Wadeye,704005,Thamarrurr inc. Wadeye,704,Jabiru - Tiwi,7,Northern Territory,3352.8699,Within polygon,Matched,96,89,188,14,38,56,57,23,5,21,233,860,1.9,4.9,35.3,4,25,11,140,21,30,53,85,60.8,37.2,14.6,52,ABS 2021 Census Indigenous Profile,Indigenous Location (ILOC),2021
995,WULABURRI,No aliases recorded with NTG DIPL,Family Outstation,ROPER GULF,SOUTH WEST GULF,NORTHERN LAND COUNCIL,BARKLY,BIG RIVERS,,Not recorded,-16.4064,136.84162,https://bushtel.nt.gov.au/profile/995,Not listed,Not confirmed,,,,,,,,,,,,,41.95182403835296,4G/LTE + IoT,"IoT700, LTE700",2025,Telstra,862019,-16.75799,136.9844,,Y,Y,,,,,,,,,,,,,,122.78769402968308,3G/UMTS,UMTS900,2025,Optus,852089,-16.6834,135.7265,,Y,,,,,,,,,,,,,,Y,Federal Mobile Black Spot Program (MBSP),2.0,556.4871518757858,4G/LTE,LTE850,2025,TPG,4825002,-20.73424,139.49366,,,Y,,,,,,,,,,,41.95182403835296,Telstra,178,Robinson River School,41.99954251056129,Combined,Government,Very Remote,School Single Entity,0,-16.7597,136.981,50118,56541.0,16541.0,50118,Robinson River School,41.99954251056129,Combined,Government,Very Remote,School Single Entity,0,-16.7597,136.981,50118,56541.0,16541.0,50118,0.0477184722083308,0.0477184722083308,No,No,No,No,,70500401,Mabunji - Mungoorbada Outstations,705004,Gulf,705,Katherine,7,Northern Territory,55041.1368,Within polygon,Matched,62,43,104,7,17,23,30,21,8,30,407,916,1.9,3.6,48.1,4,12,3,79,23,9,28,52,22.2,34.6,26.9,24,ABS 2021 Census Indigenous Profile,Indigenous Location (ILOC),2021
838,WULKABIMIRRI,WULKUBIMIRRI,Family Outstation,EAST ARNHEM,BIRR RAWARRANG,NORTHERN LAND COUNCIL,MULKA,EAST ARNHEM,35.0,Homelands Service Provider Report 2023,-12.35538,134.90591,https://bushtel.nt.gov.au/profile/838,Not listed,Not confirmed,,,,,,,,,,,,,3.7411329404429,4G/LTE + 5G/NR + IoT,"IoT700, LTE700, LTE850, LTE2600, NR850, NR2600",2025,Telstra,822003,-12.32833,134.92639,,Y,Y,Y,,,Y,,Y,,Y,,,Y,REGIONAL CO-INVESTMENT: RCP - TX Upgrade,1.0,204.2094514225488,4G/LTE + IoT,"NBIoT700, LTE700, LTE2600",2025,Optus,880003,-12.181375,136.776877,Y,,,Y,,,,,Y,,,,,,,,,,408.2904111850955,4G/LTE,"LTE850, LTE1800, LTE2100",2025,TPG,836002,-12.55419,131.15106,,,Y,Y,Y,,,,,,,,,3.7411329404429,Telstra,585,Ramingining School,3.9025390825675546,Combined,Government,Very Remote,School Single Entity,0,-12.32641,134.92619,50065,47963.0,7963.0,50065,Ramingining School,3.9025390825675546,Combined,Government,Very Remote,School Single Entity,0,-12.32641,134.92619,50065,47963.0,7963.0,50065,0.1614061421246546,0.1614061421246546,No,No,No,No,,70600705,Ramingining - Milingimbi Outstations,706007,Ramingining - Milingimbi and Outstations,706,Nhulunbuy,7,Northern Territory,11429.1805,Within polygon,Matched,85,80,169,3,31,36,53,40,11,30,247,1187,1.7,5.6,61.5,7,21,8,134,25,26,47,80,46.8,34.6,18.4,34,ABS 2021 Census Indigenous Profile,Indigenous Location (ILOC),2021
563,WUMAJBARR,WUMARRDJBARR,Family Outstation,ROPER GULF,NUMBULWAR NUMBURINDI,NORTHERN LAND COUNCIL,ARNHEM,BIG RIVERS,8.0,Homelands Service Provider Report 2023,-14.16648,135.69241,https://bushtel.nt.gov.au/profile/563,Not listed,Not confirmed,,,,,,,,,,,,,13.539857182334035,4G/LTE + IoT,"IoT700, LTE700, LTE2600",2025,Telstra,852003,-14.27917,135.74,,Y,Y,,,,Y,,,,,,,,,,250.01569302169133,4G/LTE + IoT,"NBIoT700, LTE700, LTE2600",2025,Optus,880003,-12.181375,136.776877,Y,,,Y,,,,,Y,,,,,,,,,,520.6334704415807,4G/LTE,"LTE850, LTE1800, LTE2100",2025,TPG,836004,-12.613261,131.151729,,,Y,Y,Y,,,,,,,,,13.539857182334035,Telstra,444,Numbulwar School,13.480364595203987,Combined,Government,Very Remote,School Single Entity,0,-14.27811,135.74119,50064,47931.0,7931.0,50064,Numbulwar School,13.480364595203987,Combined,Government,Very Remote,School Single Entity,0,-14.27811,135.74119,50064,47931.0,7931.0,50064,-0.0594925871300482,-0.0594925871300482,Yes,Yes,No,No,,70600601,Numbulwar and Outstations,706006,Numbulwar and Outstations,706,Nhulunbuy,7,Northern Territory,4418.5473,Within polygon,Matched,335,336,675,42,95,131,229,128,43,30,244,1057,1.7,4.8,57.8,19,60,44,534,85,29,107,424,25.7,20.4,15.2,137,ABS 2021 Census Indigenous Profile,Indigenous Location (ILOC),2021
937,WUMIRDIN,No aliases recorded with NTG DIPL,Family Outstation,WEST DALY,THAMARRURR/PINDI PINDI,NORTHERN LAND COUNCIL,DALY,TOP END,,Not recorded,-14.18907,129.56319,https://bushtel.nt.gov.au/profile/937,Not listed,Not confirmed,,,,,,,,,,,,,7.359472642104243,4G/LTE + 5G/NR + IoT,"IoT700, LTE700, LTE850, LTE2600, NR850, NR2600",2025,Telstra,822038,-14.24033,129.52,,Y,Y,Y,,,Y,,Y,,Y,,,,,,165.86688766217878,3G/UMTS + 4G/LTE,"UMTS900, LTE700",2025,Optus,822091,-13.164608,130.679087,,Y,,Y,,,,,,,,,,,,Y,Federal Mobile Black Spot Program (MBSP),2.0,236.44593802785096,4G/LTE + 5G/NR,"LTE850, LTE1800, LTE2100, NR700",2025,TPG,800002,-12.4651,130.8425,,,Y,Y,Y,Y,,,,,,,,7.359472642104243,Telstra,538,Our Lady of the Sacred Heart Thamarrurr Catholic College,7.331555887386019,Combined,Catholic,Remote,School Single Entity,0,-14.2404,129.5205,50144,53310.0,13310.0,50144,Our Lady of the Sacred Heart Thamarrurr Catholic College,7.331555887386019,Combined,Catholic,Remote,School Single Entity,0,-14.2404,129.5205,50144,53310.0,13310.0,50144,-0.0279167547182241,-0.0279167547182241,Yes,Yes,No,No,,70400501,Thamarrurr exc. Wadeye,704005,Thamarrurr inc. Wadeye,704,Jabiru - Tiwi,7,Northern Territory,3352.8699,Within polygon,Matched,96,89,188,14,38,56,57,23,5,21,233,860,1.9,4.9,35.3,4,25,11,140,21,30,53,85,60.8,37.2,14.6,52,ABS 2021 Census Indigenous Profile,Indigenous Location (ILOC),2021
707,WUNARA,"ARRAWARRA,ARRUWURRA,WUNARRA,WUNURRA",Family Outstation,BARKLY,ALYAWARR,CENTRAL LAND COUNCIL,BARKLY,BARKLY,8.0,Homelands Service Provider Report 2023,-19.9898,136.6181,https://bushtel.nt.gov.au/profile/707,Yes,Confirmed,Primary name,WUNARA,0.0895677172725582,WUNARA,COMMUNITY,5.0,,YES,,TELSTRA,-19.989,136.618,0.0970694137340252,4G/LTE + IoT,"IoT700, LTE700",2025,Telstra,872171,-19.99025,136.617304,,Y,Y,,,,,,,,,,,Y,REGIONAL CO-INVESTMENT: Small Cell Satellite,,88.31747488294998,3G/UMTS,UMTS900,2025,Optus,862041,-19.71095,135.82742,,Y,,,,,,,,,,,,,,,,,310.98066738591973,4G/LTE,LTE850,2025,TPG,4825002,-20.73424,139.49366,,,Y,,,,,,,,,,,0.0970694137340252,Telstra,625,Canteen Creek School,130.07858876818017,Combined,Government,Very Remote,School Single Entity,0,-20.644769,135.584506,50084,56532.0,16532.0,50084,Canteen Creek School,130.07858876818017,Combined,Government,Very Remote,School Single Entity,0,-20.644769,135.584506,50084,56532.0,16532.0,50084,129.98151935444614,129.98151935444614,No,No,Yes,No,,70700304,Julalikari - Outstations,707003,Barkly,707,Tennant Creek,7,Northern Territory,107784.4629,Within polygon,Matched,67,66,137,15,28,18,41,25,8,27,369,1020,1.4,4.2,31.0,4,26,10,90,13,20,34,41,60.0,39.8,15.9,43,ABS 2021 Census Indigenous Profile,Indigenous Location (ILOC),2021
564,WUNBURRI,"BURGUNNGURA ISLAND,STEVENS ISLAND,WUNBIRRI",Family Outstation,EAST ARNHEM,GUMURR MARTHAKAL,NORTHERN LAND COUNCIL,MULKA,EAST ARNHEM,,Not recorded,-11.59498,136.07853,https://bushtel.nt.gov.au/profile/564,Not listed,Not confirmed,,,,,,,,,,,,,73.54244999899687,4G/LTE + 5G/NR + IoT,"IoT700, LTE700, LTE850, LTE2600, NR850, NR2600",2025,Telstra,822005,-12.02483,135.56501,,Y,Y,Y,,,Y,,Y,,Y,,,,,,100.12786702097576,4G/LTE + IoT,"NBIoT700, LTE700, LTE2600",2025,Optus,880003,-12.181375,136.776877,Y,,,Y,,,,,Y,,,,,,,,,,546.2876507407932,4G/LTE,"LTE850, LTE1800, LTE2100",2025,TPG,836002,-12.55419,131.15106,,,Y,Y,Y,,,,,,,,,73.54244999899687,Telstra,51,Gawa Christian School,26.40268894497908,Combined,Independent,Very Remote,School Single Entity,0,-11.759762,135.903958,50163,58020.0,18020.0,50163,Gawa Christian School,26.40268894497908,Combined,Independent,Very Remote,School Single Entity,0,-11.759762,135.903958,50163,58020.0,18020.0,50163,-47.1397610540178,-47.1397610540178,Yes,Yes,No,Yes,,70600402,Marthakal Homelands exc. Galiwinku,706004,Marthakal Homelands - Galiwinku,706,Nhulunbuy,7,Northern Territory,5177.5161,Within polygon,Matched,204,224,425,32,93,102,113,79,18,23,281,1312,1.8,5.7,64.7,8,68,36,308,27,25,58,245,43.6,18.0,10.2,125,ABS 2021 Census Indigenous Profile,Indigenous Location (ILOC),2021
996,WUNDIGALLA,No aliases recorded with NTG DIPL,Family Outstation,ROPER GULF,SOUTH WEST GULF,NORTHERN LAND COUNCIL,BARKLY,BIG RIVERS,4.0,Homelands Service Provider Report 2023,-16.47557,137.04307,https://bushtel.nt.gov.au/profile/996,Not listed,Not confirmed,,,,,,,,,,,,,32.01988221812463,4G/LTE + IoT,"IoT700, LTE700",2025,Telstra,862019,-16.75799,136.9844,,Y,Y,,,,,,,,,,,,,,142.1997182348044,3G/UMTS,UMTS900,2025,Optus,852089,-16.6834,135.7265,,Y,,,,,,,,,,,,,,Y,Federal Mobile Black Spot Program (MBSP),2.0,539.347490693042,4G/LTE,LTE850,2025,TPG,4825002,-20.73424,139.49366,,,Y,,,,,,,,,,,32.01988221812463,Telstra,253,Robinson River School,32.27865724414588,Combined,Government,Very Remote,School Single Entity,0,-16.7597,136.981,50118,56541.0,16541.0,50118,Robinson River School,32.27865724414588,Combined,Government,Very Remote,School Single Entity,0,-16.7597,136.981,50118,56541.0,16541.0,50118,0.2587750260212544,0.2587750260212544,No,No,No,No,,70500401,Mabunji - Mungoorbada Outstations,705004,Gulf,705,Katherine,7,Northern Territory,55041.1368,Within polygon,Matched,62,43,104,7,17,23,30,21,8,30,407,916,1.9,3.6,48.1,4,12,3,79,23,9,28,52,22.2,34.6,26.9,24,ABS 2021 Census Indigenous Profile,Indigenous Location (ILOC),2021
437,WURDEJA,WUDEJA,Family Outstation,WEST ARNHEM,MANINGRIDA,NORTHERN LAND COUNCIL,ARAFURA,TOP END,35.0,Homelands Service Provider Report 2023,-12.17057,134.66085,https://bushtel.nt.gov.au/profile/437,Not listed,Not confirmed,,,,,,,,,,,,,27.57918492921472,4G/LTE + IoT,"IoT700, LTE700",2025,Telstra,822010,-12.12233,134.90971,,Y,Y,,,,,,,,,,,,,,187.1342650393072,3G/UMTS + 4G/LTE,"UMTS900, LTE700",2025,Optus,822106,-12.42654,132.95842,,Y,,Y,,,,,,,,,,,,Y,Federal Mobile Black Spot Program (MBSP),5.0,383.5977548436922,4G/LTE,"LTE850, LTE1800, LTE2100",2025,TPG,836002,-12.55419,131.15106,,,Y,Y,Y,,,,,,,,,27.57918492921472,Telstra,299,Milingimbi School,29.19330743879449,Combined,Government,Very Remote,School Single Entity,0,-12.1021,134.9201,50062,46732.0,6732.0,50062,Milingimbi School,29.19330743879449,Combined,Government,Very Remote,School Single Entity,0,-12.1021,134.9201,50062,46732.0,6732.0,50062,1.6141225095797758,1.6141225095797758,No,No,No,No,,70400302,Maningrida Outstations,704003,Maningrida and Outstations,704,Jabiru - Tiwi,7,Northern Territory,9758.0375,Within polygon,Matched,170,195,366,23,65,77,131,58,11,26,207,900,2.1,5.9,72.3,4,34,42,283,10,22,35,226,60.6,11.8,4.6,88,ABS 2021 Census Indigenous Profile,Indigenous Location (ILOC),2021
817,WURLBU,"OOLBOUGH,WULBU",Family Outstation,ROPER GULF,SOUTH WEST GULF,NORTHERN LAND COUNCIL,BARKLY,BIG RIVERS,5.0,Homelands Service Provider Report 2023,-16.07464,136.28415,https://bushtel.nt.gov.au/profile/817,Yes,Confirmed,Primary name,WURLBU,0.0431194590754077,WURLBU,COMMUNITY,7.0,,,YES,TELSTRA,-16.075,136.284,3.312749852510505,4G/LTE + IoT,"IoT700, LTE700, LTE1800, LTE2100, LTE2600",2025,Telstra,854001,-16.05361,136.30611,,Y,Y,,Y,Y,Y,,,,,,,,,,90.11814563266442,3G/UMTS,UMTS900,2025,Optus,852089,-16.6834,135.7265,,Y,,,,,,,,,,,,,,Y,Federal Mobile Black Spot Program (MBSP),2.0,618.8979405119343,4G/LTE,LTE850,2025,TPG,4825002,-20.73424,139.49366,,,Y,,,,,,,,,,,3.312749852510505,Telstra,592,Borroloola School,3.0066382697130263,Combined,Government,Very Remote,School Single Entity,0,-16.0582,136.30649,50056,47921.0,7921.0,50056,Borroloola School,3.0066382697130263,Combined,Government,Very Remote,School Single Entity,0,-16.0582,136.30649,50056,47921.0,7921.0,50056,-0.3061115827974787,-0.3061115827974787,Yes,Yes,No,No,,70500401,Mabunji - Mungoorbada Outstations,705004,Gulf,705,Katherine,7,Northern Territory,55041.1368,Within polygon,Matched,62,43,104,7,17,23,30,21,8,30,407,916,1.9,3.6,48.1,4,12,3,79,23,9,28,52,22.2,34.6,26.9,24,ABS 2021 Census Indigenous Profile,Indigenous Location (ILOC),2021
565,WURRUMENBUMANJA,"LESKE POOLS,LESKIE POOLS,WURRUMENBUMANDJA,WURRUMENBUMANTJA",Family Outstation,EAST ARNHEM,ANINDILYAKWA,ANINDILYAKWA LAND COUNCIL,ARNHEM,EAST ARNHEM,20.0,Homelands Service Provider Report 2023,-14.13779,136.51557,https://bushtel.nt.gov.au/profile/565,Not listed,Not confirmed,,,,,,,,,,,,,19.062843732511887,4G/LTE + IoT,"IoT700, LTE700, LTE2600",2025,Telstra,822022,-13.98229,136.44116,,Y,Y,,,,Y,,,,,,,,,,219.3756515764033,4G/LTE + IoT,"NBIoT700, LTE700, LTE2600",2025,Optus,880003,-12.181375,136.776877,Y,,,Y,,,,,Y,,,,,,,,,,604.4797678177313,4G/LTE,"LTE850, LTE1800, LTE2100",2025,TPG,836004,-12.613261,131.151729,,,Y,Y,Y,,,,,,,,,19.062843732511887,Telstra,376,Angurugu School,18.298915289137422,Combined,Government,Very Remote,School Single Entity,0,-13.98253,136.45933,50055,47949.0,7949.0,50055,Angurugu School,18.298915289137422,Combined,Government,Very Remote,School Single Entity,0,-13.98253,136.45933,50055,47949.0,7949.0,50055,-0.7639284433744606,-0.7639284433744606,Yes,Yes,No,No,,70600103,Angurugu Outstations,706001,Anindilyakwa (Groote),706,Nhulunbuy,7,Northern Territory,879.1342,Within polygon,Matched,76,58,135,13,31,30,41,17,8,22,312,1208,1.7,4.8,52.0,0,10,5,96,25,15,39,49,39.0,43.2,26.3,44,ABS 2021 Census Indigenous Profile,Indigenous Location (ILOC),2021
548,WURWULA,"INGLIS ISLAND,NIKAWUNGYURA,NYEKALA",Family Outstation,EAST ARNHEM,GUMURR MARTHAKAL,NORTHERN LAND COUNCIL,MULKA,EAST ARNHEM,,Not recorded,-11.97646,136.30349,https://bushtel.nt.gov.au/profile/548,Not listed,Not confirmed,,,,,,,,,,,,,48.51364001868088,4G/LTE + IoT,"IoT700, LTE700",2025,Telstra,880001,-12.19105,136.69197,,Y,Y,,,,,,,,,,,,,,56.2906505608694,4G/LTE + IoT,"NBIoT700, LTE700, LTE2600",2025,Optus,880003,-12.181375,136.776877,Y,,,Y,,,,,Y,,,,,,,,,,563.5099701219873,4G/LTE,"LTE850, LTE1800, LTE2100",2025,TPG,836002,-12.55419,131.15106,,,Y,Y,Y,,,,,,,,,48.51364001868088,Telstra,139,Gawa Christian School,49.70707395470557,Combined,Independent,Very Remote,School Single Entity,0,-11.759762,135.903958,50163,58020.0,18020.0,50163,Gawa Christian School,49.70707395470557,Combined,Independent,Very Remote,School Single Entity,0,-11.759762,135.903958,50163,58020.0,18020.0,50163,1.1934339360246824,1.1934339360246824,No,No,No,No,,70600402,Marthakal Homelands exc. Galiwinku,706004,Marthakal Homelands - Galiwinku,706,Nhulunbuy,7,Northern Territory,5177.5161,Within polygon,Matched,204,224,425,32,93,102,113,79,18,23,281,1312,1.8,5.7,64.7,8,68,36,308,27,25,58,245,43.6,18.0,10.2,125,ABS 2021 Census Indigenous Profile,Indigenous Location (ILOC),2021
567,WUYAGIBA,"WIYAGIBA,WIYAKIPA",Family Outstation,ROPER GULF,NUMBULWAR NUMBURINDI,NORTHERN LAND COUNCIL,ARNHEM,BIG RIVERS,20.0,Homelands Service Provider Report 2023,-14.62149,135.52036,https://bushtel.nt.gov.au/profile/567,Not listed,Not confirmed,,,,,,,,,,,,,44.81320515869093,4G/LTE + IoT,"IoT700, LTE700, LTE2600",2025,Telstra,852003,-14.27917,135.74,,Y,Y,,,,Y,,,,,,,,,,230.3340546548968,3G/UMTS,UMTS900,2025,Optus,852089,-16.6834,135.7265,,Y,,,,,,,,,,,,,,Y,Federal Mobile Black Spot Program (MBSP),2.0,522.2308345494341,4G/LTE,"LTE850, LTE1800, LTE2100",2025,TPG,836004,-12.613261,131.151729,,,Y,Y,Y,,,,,,,,,44.81320515869093,Telstra,162,Numbulwar School,44.98099889481307,Combined,Government,Very Remote,School Single Entity,0,-14.27811,135.74119,50064,47931.0,7931.0,50064,Numbulwar School,44.98099889481307,Combined,Government,Very Remote,School Single Entity,0,-14.27811,135.74119,50064,47931.0,7931.0,50064,0.1677937361221424,0.1677937361221424,No,No,No,No,,70600601,Numbulwar and Outstations,706006,Numbulwar and Outstations,706,Nhulunbuy,7,Northern Territory,4418.5473,Within polygon,Matched,335,336,675,42,95,131,229,128,43,30,244,1057,1.7,4.8,57.8,19,60,44,534,85,29,107,424,25.7,20.4,15.2,137,ABS 2021 Census Indigenous Profile,Indigenous Location (ILOC),2021
984,YAKALA,No aliases recorded with NTG DIPL,Family Outstation,MACDONNELL,LJIRAPINTA,CENTRAL LAND COUNCIL,GWOJA,CENTRAL AUSTRALIA,7.0,Homelands Service Provider Report 2023,-23.88668,132.6639,https://bushtel.nt.gov.au/profile/984,Not listed,Not confirmed,,,,,,,,,,,,,13.02854829010452,4G/LTE + IoT,"IoT700, LTE700, LTE2600",2025,Telstra,872034,-23.94213,132.77681,,Y,Y,,,,Y,,,,,,,,,,20.376015889362392,3G/UMTS + 4G/LTE,"UMTS900, LTE700",2025,Optus,872189,-24.056241,132.739943,,Y,,Y,,,,,,,,,,,,Y,Federal Mobile Black Spot Program (MBSP),4.0,785.002388441118,4G/LTE,LTE850,2025,TPG,4825002,-20.73424,139.49366,,,Y,,,,,,,,,,,13.02854829010452,Telstra,453,Ntaria School,12.986624491060756,Combined,Government,Very Remote,School Single Entity,0,-23.94262,132.776051,50111,56572.0,16572.0,50111,Ntaria School,12.986624491060756,Combined,Government,Very Remote,School Single Entity,0,-23.94262,132.776051,50111,56572.0,16572.0,50111,-0.041923799043765,-0.041923799043765,Yes,Yes,No,No,,70901403,Tjuwanpa Outstations,709014,West MacDonnell Ranges,709,Apatula,7,Northern Territory,15970.5215,Within polygon,Matched,90,98,188,21,38,31,60,36,8,27,352,1166,1.5,4.3,51.2,0,21,12,134,28,19,47,85,43.5,34.6,19.5,59,ABS 2021 Census Indigenous Profile,Indigenous Location (ILOC),2021
864,YALUKUN,"YALAKUN,YALLIQUIN",Family Outstation,EAST ARNHEM,GUMURR MIYARRKA,NORTHERN LAND COUNCIL,ARNHEM,EAST ARNHEM,9.0,Homelands Service Provider Report 2023,-12.26251,136.00585,https://bushtel.nt.gov.au/profile/864,Not listed,Not confirmed,,,,,,,,,,,,,34.6340699682903,4G/LTE + IoT,"IoT700, LTE700, LTE2600",2025,Telstra,880002,-12.50333,135.80361,,Y,Y,,,,Y,,,,,,,,,,84.27548371613621,4G/LTE + IoT,"NBIoT700, LTE700, LTE2600",2025,Optus,880003,-12.181375,136.776877,Y,,,Y,,,,,Y,,,,,,,,,,528.2076391090807,4G/LTE,"LTE850, LTE1800, LTE2100",2025,TPG,836002,-12.55419,131.15106,,,Y,Y,Y,,,,,,,,,34.6340699682903,Telstra,232,Gapuwiyak School,34.52069117620446,Combined,Government,Very Remote,School Single Entity,0,-12.50553,135.80806,50057,47952.0,7952.0,50057,Gapuwiyak School,34.52069117620446,Combined,Government,Very Remote,School Single Entity,0,-12.50553,135.80806,50057,47952.0,7952.0,50057,-0.1133787920858395,-0.1133787920858395,Yes,Yes,No,No,,70600202,Gapuwiyak Outstations,706002,Gapuwiyak and Outstations,706,Nhulunbuy,7,Northern Territory,6341.3536,Within polygon,Matched,23,42,63,7,12,11,23,11,4,29,327,1156,1.6,4.7,50.0,0,11,5,48,9,0,9,36,0.0,20.4,20.4,19,ABS 2021 Census Indigenous Profile,Indigenous Location (ILOC),2021
796,YAMINYI,YAMINI,Family Outstation,WEST ARNHEM,MANINGRIDA,NORTHERN LAND COUNCIL,ARAFURA,TOP END,,Not recorded,-12.79026,134.35699,https://bushtel.nt.gov.au/profile/796,Not listed,Not confirmed,,,,,,,,,,,,,80.35821982695848,4G/LTE + 5G/NR + IoT,"IoT700, LTE700, LTE850, LTE2600, NR850, NR2600",2025,Telstra,822003,-12.32833,134.92639,,Y,Y,Y,,,Y,,Y,,Y,,,Y,REGIONAL CO-INVESTMENT: RCP - TX Upgrade,1.0,157.05995092313754,3G/UMTS + 4G/LTE,"UMTS900, LTE700",2025,Optus,822106,-12.42654,132.95842,,Y,,Y,,,,,,,,,,,,Y,Federal Mobile Black Spot Program (MBSP),5.0,348.2413877237208,4G/LTE,"LTE850, LTE1800, LTE2100",2025,TPG,836004,-12.613261,131.151729,,,Y,Y,Y,,,,,,,,,80.35821982695848,Telstra,33,Nawarddeken Academy Manmoyi School,38.03304956414616,Combined,Independent,Very Remote,School Single Entity,0,-12.54418519,134.1134967,53058,87768.0,87763.0,53058,Nawarddeken Academy Manmoyi School,38.03304956414616,Combined,Independent,Very Remote,School Single Entity,0,-12.54418519,134.1134967,53058,87768.0,87763.0,53058,-42.32517026281232,-42.32517026281232,Yes,Yes,No,Yes,,70400302,Maningrida Outstations,704003,Maningrida and Outstations,704,Jabiru - Tiwi,7,Northern Territory,9758.0375,Within polygon,Matched,170,195,366,23,65,77,131,58,11,26,207,900,2.1,5.9,72.3,4,34,42,283,10,22,35,226,60.6,11.8,4.6,88,ABS 2021 Census Indigenous Profile,Indigenous Location (ILOC),2021
573,YANBAKWA,"YANBAGWA,YENBAGWA,YENBAKWA,YENBAKWAY",Family Outstation,EAST ARNHEM,ANINDILYAKWA,ANINDILYAKWA LAND COUNCIL,ARNHEM,EAST ARNHEM,29.0,Homelands Service Provider Report 2023,-14.21668,136.45613,https://bushtel.nt.gov.au/profile/573,Not listed,Not confirmed,,,,,,,,,,,,,26.11296930728263,4G/LTE + IoT,"IoT700, LTE700, LTE2600",2025,Telstra,822022,-13.98229,136.44116,,Y,Y,,,,Y,,,,,,,,,,228.96385719555505,4G/LTE + IoT,"NBIoT700, LTE700, LTE2600",2025,Optus,880003,-12.181375,136.776877,Y,,,Y,,,,,Y,,,,,,,,,,600.7633477347513,4G/LTE,"LTE850, LTE1800, LTE2100",2025,TPG,836004,-12.613261,131.151729,,,Y,Y,Y,,,,,,,,,26.11296930728263,Telstra,318,Angurugu School,26.038615067092994,Combined,Government,Very Remote,School Single Entity,0,-13.98253,136.45933,50055,47949.0,7949.0,50055,Angurugu School,26.038615067092994,Combined,Government,Very Remote,School Single Entity,0,-13.98253,136.45933,50055,47949.0,7949.0,50055,-0.0743542401896348,-0.0743542401896348,Yes,Yes,No,No,,70600103,Angurugu Outstations,706001,Anindilyakwa (Groote),706,Nhulunbuy,7,Northern Territory,879.1342,Within polygon,Matched,76,58,135,13,31,30,41,17,8,22,312,1208,1.7,4.8,52.0,0,10,5,96,25,15,39,49,39.0,43.2,26.3,44,ABS 2021 Census Indigenous Profile,Indigenous Location (ILOC),2021
218,YANGULINYINA,"BIDIDA,CALVERT HILLS,SURPRISE CREEK",Family Outstation,ROPER GULF,SOUTH WEST GULF,NORTHERN LAND COUNCIL,BARKLY,BIG RIVERS,13.0,Homelands Service Provider Report 2023,-16.88886,137.20896,https://bushtel.nt.gov.au/profile/218,Not listed,Not confirmed,,,,,,,,,,,,,27.982755554939388,4G/LTE + IoT,"IoT700, LTE700",2025,Telstra,862019,-16.75799,136.9844,,Y,Y,,,,,,,,,,,,,,159.46282422606637,3G/UMTS,UMTS900,2025,Optus,852089,-16.6834,135.7265,,Y,,,,,,,,,,,,,,Y,Federal Mobile Black Spot Program (MBSP),2.0,490.54070619983054,4G/LTE,LTE850,2025,TPG,4825002,-20.73424,139.49366,,,Y,,,,,,,,,,,27.982755554939388,Telstra,296,Robinson River School,28.19505890456187,Combined,Government,Very Remote,School Single Entity,0,-16.7597,136.981,50118,56541.0,16541.0,50118,Robinson River School,28.19505890456187,Combined,Government,Very Remote,School Single Entity,0,-16.7597,136.981,50118,56541.0,16541.0,50118,0.2123033496224806,0.2123033496224806,No,No,No,No,,70500401,Mabunji - Mungoorbada Outstations,705004,Gulf,705,Katherine,7,Northern Territory,55041.1368,Within polygon,Matched,62,43,104,7,17,23,30,21,8,30,407,916,1.9,3.6,48.1,4,12,3,79,23,9,28,52,22.2,34.6,26.9,24,ABS 2021 Census Indigenous Profile,Indigenous Location (ILOC),2021
569,YANUNGBI,"YANGUMBI,YANGUNBI",Family Outstation,EAST ARNHEM,GUMURR MIWATJ,NORTHERN LAND COUNCIL,MULKA,EAST ARNHEM,6.0,Homelands Service Provider Report 2023,-12.27975,136.65787,https://bushtel.nt.gov.au/profile/569,Yes,Confirmed,Primary name,YANUNGBI,0.0311813517393317,YANUNGBI,COMMUNITY,5.0,,,YES,TELSTRA,-12.28,136.658,10.536151095391372,4G/LTE + IoT,"IoT700, LTE700",2025,Telstra,880001,-12.19105,136.69197,,Y,Y,,,,,,,,,,,,,,16.938445304647132,4G/LTE + IoT,"NBIoT700, LTE700, LTE2600",2025,Optus,880003,-12.181375,136.776877,Y,,,Y,,,,,Y,,,,,,,,,,598.7737704720396,4G/LTE,"LTE850, LTE1800, LTE2100",2025,TPG,836002,-12.55419,131.15106,,,Y,Y,Y,,,,,,,,,10.536151095391372,Telstra,488,Dhupuma Barker,8.58679023844005,Primary,Independent,Very Remote,School Single Entity,0,-12.21816265,136.7055423,53009,87701.0,87700.0,53009,Nhulunbuy High School,17.080982382635536,Secondary,Government,Very Remote,School Single Entity,0,-12.18676,136.78298,50002,55089.0,15089.0,50002,6.544831287244165,-1.949360856951321,Yes,No,No,No,,70600303,Gumatj - Surrounds,706003,Laynhapuy - Gumatj Homelands,706,Nhulunbuy,7,Northern Territory,2644.1939,Within polygon,Matched,15,16,32,0,3,13,6,3,8,31,306,1312,1.3,4.4,28.6,0,0,0,29,0,3,3,23,100.0,14.8,0.0,3,ABS 2021 Census Indigenous Profile,Indigenous Location (ILOC),2021
939,YARTALU YARTALU,"BOGARDEE,GRANITES,THE GRANITES,YARDULYUYARDULYU",Family Outstation,CENTRAL DESERT,NORTHERN TANAMI,CENTRAL LAND COUNCIL,GWOJA,CENTRAL AUSTRALIA,,Not recorded,-20.57253,130.35528,https://bushtel.nt.gov.au/profile/939,Yes,Confirmed,Primary name,YARTALU YARTALU,0.0598410556187717,YARTALU YARTALU,COMMUNITY,7.0,,,YES,TELSTRA,-20.573,130.355,3.3787302614127666,4G/LTE + IoT,"IoT700, LTE700, LTE850, LTE2100, LTE2600",2025,Telstra,872122,-20.55027,130.33319,,Y,Y,Y,,Y,Y,,,,,,,,,,303.32759908835726,3G/UMTS + 4G/LTE,"UMTS900, LTE700",2025,Optus,6770029,-19.55522,127.66057,,Y,,Y,,,,,,,,,,,,Y,Federal Mobile Black Spot Program (MBSP),2.0,889.0836011968388,4G/LTE,"LTE850, LTE1800, LTE2100",2025,TPG,836004,-12.613261,131.151729,,,Y,Y,Y,,,,,,,,,3.3787302614127666,Telstra,590,Nyirripi School,231.898457287588,Combined,Government,Very Remote,School Single Entity,0,-22.64994,130.55281,50112,56573.0,16573.0,50112,Nyirripi School,231.898457287588,Combined,Government,Very Remote,School Single Entity,0,-22.64994,130.55281,50112,56573.0,16573.0,50112,228.51972702617525,228.51972702617525,No,No,Yes,No,,70901002,Tanami Outstations,709010,Nyirripi and Tanami Outstations,709,Apatula,7,Northern Territory,142011.3404,Within polygon,Matched,13,16,30,0,0,3,15,5,3,41,1312,2250,1.4,5.0,50.0,0,0,0,30,20,0,20,3,0.0,70.4,70.4,0,ABS 2021 Census Indigenous Profile,Indigenous Location (ILOC),2021
194,YATEMANS BORE,"IRRANDI,IRRIANDI",Family Outstation,MACDONNELL,LJIRAPINTA,CENTRAL LAND COUNCIL,GWOJA,CENTRAL AUSTRALIA,,Not recorded,-23.68622,131.61441,https://bushtel.nt.gov.au/profile/194,Not listed,Not confirmed,,,,,,,,,,,,,59.04163690658722,4G/LTE + IoT,"IoT700, LTE700",2025,Telstra,872082,-23.25451,131.2774,,Y,Y,,,,,,,,,,,Y,Federal Mobile Black Spot Program (MBSP),1.0,63.663616904471766,3G/UMTS + 4G/LTE,"UMTS900, LTE700",2025,Optus,872146,-24.251,131.5116,,Y,,Y,,,,,,,,,,,,Y,Federal Mobile Black Spot Program (MBSP),2.0,874.8177480554392,4G/LTE,LTE850,2025,TPG,4825002,-20.73424,139.49366,,,Y,,,,,,,,,,,59.04163690658722,Telstra,88,Haasts Bluff School,37.91219296021538,Combined,Government,Very Remote,School Single Entity,0,-23.44753,131.88003,50092,47887.0,7887.0,50092,Haasts Bluff School,37.91219296021538,Combined,Government,Very Remote,School Single Entity,0,-23.44753,131.88003,50092,47887.0,7887.0,50092,-21.129443946371843,-21.129443946371843,Yes,Yes,No,Yes,,70901403,Tjuwanpa Outstations,709014,West MacDonnell Ranges,709,Apatula,7,Northern Territory,15970.5215,Within polygon,Matched,90,98,188,21,38,31,60,36,8,27,352,1166,1.5,4.3,51.2,0,21,12,134,28,19,47,85,43.5,34.6,19.5,59,ABS 2021 Census Indigenous Profile,Indigenous Location (ILOC),2021
191,YATJALU,YAJALU,Family Outstation,CENTRAL DESERT,SOUTHERN TANAMI,CENTRAL LAND COUNCIL,GWOJA,CENTRAL AUSTRALIA,,Not recorded,-22.40643,131.16216,https://bushtel.nt.gov.au/profile/191,Not listed,Not confirmed,,,,,,,,,,,,,67.70459939847203,4G/LTE + IoT,"IoT700, LTE700, LTE2600",2025,Telstra,872025,-22.25156,131.79875,,Y,Y,,,,Y,,,,,,,,,,190.65320829956875,3G/UMTS + 4G/LTE,"UMTS900, LTE700",2025,Optus,872191,-23.5863,132.51367,,Y,,Y,,,,,,,,,,,,Y,Federal Mobile Black Spot Program (MBSP),5.0,881.2337768006711,4G/LTE,LTE850,2025,TPG,4825002,-20.73424,139.49366,,,Y,,,,,,,,,,,67.70459939847203,Telstra,60,Yuendumu School,67.40401093440428,Combined,Government,Very Remote,School Single Entity,0,-22.25565,131.796889,50068,46730.0,6730.0,50068,Yuendumu School,67.40401093440428,Combined,Government,Very Remote,School Single Entity,0,-22.25565,131.796889,50068,46730.0,6730.0,50068,-0.3005884640677436,-0.3005884640677436,Yes,Yes,Yes,Yes,Review,70901002,Tanami Outstations,709010,Nyirripi and Tanami Outstations,709,Apatula,7,Northern Territory,142011.3404,Within polygon,Matched,13,16,30,0,0,3,15,5,3,41,1312,2250,1.4,5.0,50.0,0,0,0,30,20,0,20,3,0.0,70.4,70.4,0,ABS 2021 Census Indigenous Profile,Indigenous Location (ILOC),2021
719,YEDERR,No aliases recorded with NTG DIPL,Family Outstation,WEST DALY,THAMARRURR/PINDI PINDI,NORTHERN LAND COUNCIL,DALY,TOP END,,Not recorded,-14.01965,129.72201,https://bushtel.nt.gov.au/profile/719,Not listed,Not confirmed,,,,,,,,,,,,,32.81209374133835,4G/LTE + 5G/NR + IoT,"IoT700, LTE700, LTE850, LTE2600, NR850, NR2600",2025,Telstra,822038,-14.24033,129.52,,Y,Y,Y,,,Y,,Y,,Y,,,,,,140.4972442361345,3G/UMTS + 4G/LTE,"UMTS900, LTE700",2025,Optus,822091,-13.164608,130.679087,,Y,,Y,,,,,,,,,,,,Y,Federal Mobile Black Spot Program (MBSP),2.0,211.158143979528,4G/LTE + 5G/NR,"LTE850, LTE1800, LTE2100, NR700",2025,TPG,800002,-12.4651,130.8425,,,Y,Y,Y,Y,,,,,,,,32.81209374133835,Telstra,249,Our Lady of the Sacred Heart Thamarrurr Catholic College,32.7821514321918,Combined,Catholic,Remote,School Single Entity,0,-14.2404,129.5205,50144,53310.0,13310.0,50144,Our Lady of the Sacred Heart Thamarrurr Catholic College,32.7821514321918,Combined,Catholic,Remote,School Single Entity,0,-14.2404,129.5205,50144,53310.0,13310.0,50144,-0.0299423091465556,-0.0299423091465556,Yes,Yes,No,No,,70400501,Thamarrurr exc. Wadeye,704005,Thamarrurr inc. Wadeye,704,Jabiru - Tiwi,7,Northern Territory,3352.8699,Within polygon,Matched,96,89,188,14,38,56,57,23,5,21,233,860,1.9,4.9,35.3,4,25,11,140,21,30,53,85,60.8,37.2,14.6,52,ABS 2021 Census Indigenous Profile,Indigenous Location (ILOC),2021
572,YEDIKBA,EMERALD RIVER,Family Outstation,EAST ARNHEM,ANINDILYAKWA,ANINDILYAKWA LAND COUNCIL,ARNHEM,EAST ARNHEM,8.0,Homelands Service Provider Report 2023,-14.08056,136.45703,https://bushtel.nt.gov.au/profile/572,Not listed,Not confirmed,,,,,,,,,,,,,11.06044254463959,4G/LTE + IoT,"IoT700, LTE700, LTE2600",2025,Telstra,822022,-13.98229,136.44116,,Y,Y,,,,Y,,,,,,,,,,214.0011542754281,4G/LTE + IoT,"NBIoT700, LTE700, LTE2600",2025,Optus,880003,-12.181375,136.776877,Y,,,Y,,,,,Y,,,,,,,,,,596.6997065568106,4G/LTE,"LTE850, LTE1800, LTE2100",2025,TPG,836004,-12.613261,131.151729,,,Y,Y,Y,,,,,,,,,11.06044254463959,Telstra,483,Angurugu School,10.903277195469023,Combined,Government,Very Remote,School Single Entity,0,-13.98253,136.45933,50055,47949.0,7949.0,50055,Angurugu School,10.903277195469023,Combined,Government,Very Remote,School Single Entity,0,-13.98253,136.45933,50055,47949.0,7949.0,50055,-0.1571653491705653,-0.1571653491705653,Yes,Yes,No,No,,70600103,Angurugu Outstations,706001,Anindilyakwa (Groote),706,Nhulunbuy,7,Northern Territory,879.1342,Within polygon,Matched,76,58,135,13,31,30,41,17,8,22,312,1208,1.7,4.8,52.0,0,10,5,96,25,15,39,49,39.0,43.2,26.3,44,ABS 2021 Census Indigenous Profile,Indigenous Location (ILOC),2021
797,YIKARRAKKAL,"KUBUMI,YIKARRAKAL",Family Outstation,WEST ARNHEM,MANINGRIDA,NORTHERN LAND COUNCIL,ARAFURA,TOP END,10.0,Homelands Service Provider Report 2023,-12.50363,134.1114,https://bushtel.nt.gov.au/profile/797,Not listed,Not confirmed,,,,,,,,,,,,,51.5132581520386,4G/LTE + 5G/NR + IoT,"IoT700, LTE700, LTE850, LTE1800, LTE2100, LTE2600, NR850, NR2600",2025,Telstra,822008,-12.05532,134.23091,,Y,Y,Y,Y,Y,Y,,Y,,Y,,,Y,REGIONAL CO-INVESTMENT: RCP - TX Upgrade,1.0,125.47663830227933,3G/UMTS + 4G/LTE,"UMTS900, LTE700",2025,Optus,822106,-12.42654,132.95842,,Y,,Y,,,,,,,,,,,,Y,Federal Mobile Black Spot Program (MBSP),5.0,321.3839688883107,4G/LTE,"LTE850, LTE1800, LTE2100",2025,TPG,836002,-12.55419,131.15106,,,Y,Y,Y,,,,,,,,,51.5132581520386,Telstra,122,Nawarddeken Academy Manmoyi School,4.51527729028319,Combined,Independent,Very Remote,School Single Entity,0,-12.54418519,134.1134967,53058,87768.0,87763.0,53058,Nawarddeken Academy Manmoyi School,4.51527729028319,Combined,Independent,Very Remote,School Single Entity,0,-12.54418519,134.1134967,53058,87768.0,87763.0,53058,-46.997980861755416,-46.997980861755416,Yes,Yes,No,Yes,,70400302,Maningrida Outstations,704003,Maningrida and Outstations,704,Jabiru - Tiwi,7,Northern Territory,9758.0375,Within polygon,Matched,170,195,366,23,65,77,131,58,11,26,207,900,2.1,5.9,72.3,4,34,42,283,10,22,35,226,60.6,11.8,4.6,88,ABS 2021 Census Indigenous Profile,Indigenous Location (ILOC),2021
303,YILAN,"BUNBAWA,MU-GANARRA,MUGANARRA,MURGANARRA,Y'LAN",Family Outstation,WEST ARNHEM,MANINGRIDA,NORTHERN LAND COUNCIL,ARAFURA,TOP END,30.0,Homelands Service Provider Report 2023,-12.04251,134.62196,https://bushtel.nt.gov.au/profile/303,Not listed,Not confirmed,,,,,,,,,,,,,32.52212794337823,4G/LTE + IoT,"IoT700, LTE700",2025,Telstra,822010,-12.12233,134.90971,,Y,Y,,,,,,,,,,,,,,185.75069050489208,3G/UMTS + 4G/LTE,"UMTS900, LTE700",2025,Optus,822106,-12.42654,132.95842,,Y,,Y,,,,,,,,,,,,Y,Federal Mobile Black Spot Program (MBSP),5.0,381.3543482880609,4G/LTE,"LTE850, LTE1800, LTE2100",2025,TPG,836002,-12.55419,131.15106,,,Y,Y,Y,,,,,,,,,32.52212794337823,Telstra,251,Milingimbi School,33.08876646563921,Combined,Government,Very Remote,School Single Entity,0,-12.1021,134.9201,50062,46732.0,6732.0,50062,Milingimbi School,33.08876646563921,Combined,Government,Very Remote,School Single Entity,0,-12.1021,134.9201,50062,46732.0,6732.0,50062,0.5666385222609804,0.5666385222609804,No,No,No,No,,70400302,Maningrida Outstations,704003,Maningrida and Outstations,704,Jabiru - Tiwi,7,Northern Territory,9758.0375,Within polygon,Matched,170,195,366,23,65,77,131,58,11,26,207,900,2.1,5.9,72.3,4,34,42,283,10,22,35,226,60.6,11.8,4.6,88,ABS 2021 Census Indigenous Profile,Indigenous Location (ILOC),2021
898,YILILA,No aliases recorded with NTG DIPL,Family Outstation,ROPER GULF,NUMBULWAR NUMBURINDI,NORTHERN LAND COUNCIL,ARNHEM,BIG RIVERS,7.0,Homelands Service Provider Report 2023,-13.68204,135.91308,https://bushtel.nt.gov.au/profile/898,Not listed,Not confirmed,,,,,,,,,,,,,32.90501410299653,4G/LTE,LTE700,2025,Telstra,885002,-13.78362,136.1992,,,Y,,,,,,,,,,,Y,REGIONAL CO-INVESTMENT: Small Cell Satellite,,191.3306717616653,4G/LTE + IoT,"NBIoT700, LTE700, LTE2600",2025,Optus,880003,-12.181375,136.776877,Y,,,Y,,,,,Y,,,,,,,,,,529.0648300519795,4G/LTE,"LTE850, LTE1800, LTE2100",2025,TPG,836004,-12.613261,131.151729,,,Y,Y,Y,,,,,,,,,32.90501410299653,Telstra,246,Milyakburra School,32.470475314090955,Combined,Government,Very Remote,School Single Entity,0,-13.7818,136.1956,50103,56564.0,16564.0,50103,Milyakburra School,32.470475314090955,Combined,Government,Very Remote,School Single Entity,0,-13.7818,136.1956,50103,56564.0,16564.0,50103,-0.4345387889055772,-0.4345387889055772,Yes,Yes,No,No,,70600601,Numbulwar and Outstations,706006,Numbulwar and Outstations,706,Nhulunbuy,7,Northern Territory,4418.5473,Within polygon,Matched,335,336,675,42,95,131,229,128,43,30,244,1057,1.7,4.8,57.8,19,60,44,534,85,29,107,424,25.7,20.4,15.2,137,ABS 2021 Census Indigenous Profile,Indigenous Location (ILOC),2021
574,YIMIDARRA,"POLICEMAN'S CROSSING,YIMIDARRI",Family Outstation,ROPER GULF,NUMBULWAR NUMBURINDI,NORTHERN LAND COUNCIL,ARNHEM,BIG RIVERS,15.0,Homelands Service Provider Report 2023,-14.21752,135.56463,https://bushtel.nt.gov.au/profile/574,Not listed,Not confirmed,,,,,,,,,,,,,20.105199252473664,4G/LTE + IoT,"IoT700, LTE700, LTE2600",2025,Telstra,852003,-14.27917,135.74,,Y,Y,,,,Y,,,,,,,,,,261.6898676270504,4G/LTE + IoT,"NBIoT700, LTE700, LTE2600",2025,Optus,880003,-12.181375,136.776877,Y,,,Y,,,,,Y,,,,,,,,,,509.5259843468753,4G/LTE,"LTE850, LTE1800, LTE2100",2025,TPG,836004,-12.613261,131.151729,,,Y,Y,Y,,,,,,,,,20.105199252473664,Telstra,366,Numbulwar School,20.18621071262413,Combined,Government,Very Remote,School Single Entity,0,-14.27811,135.74119,50064,47931.0,7931.0,50064,Numbulwar School,20.18621071262413,Combined,Government,Very Remote,School Single Entity,0,-14.27811,135.74119,50064,47931.0,7931.0,50064,0.0810114601504707,0.0810114601504707,No,No,No,No,,70600601,Numbulwar and Outstations,706006,Numbulwar and Outstations,706,Nhulunbuy,7,Northern Territory,4418.5473,Within polygon,Matched,335,336,675,42,95,131,229,128,43,30,244,1057,1.7,4.8,57.8,19,60,44,534,85,29,107,424,25.7,20.4,15.2,137,ABS 2021 Census Indigenous Profile,Indigenous Location (ILOC),2021
659,YINGUWUNARRI,"MONTEJINNI,OLD TOP SPRINGS,TOP SPRINGS,WANARR,YINGAWINARRI",Family Outstation,VICTORIA DALY,WALANGERI,NORTHERN LAND COUNCIL,GWOJA,BIG RIVERS,,Not recorded,-16.60891,131.82362,https://bushtel.nt.gov.au/profile/659,Not listed,Not confirmed,,,,,,,,,,,,,7.834321862516531,4G/LTE + IoT,"IoT700, LTE700",2025,Telstra,852100,-16.54332,131.796776,,Y,Y,,,,,,,,,,,Y,Northern Territory Co-investment Northern Territory ISCA,,7.8417515391599055,3G/UMTS,UMTS900,2025,Optus,852100,-16.543287,131.796673,,Y,,,,,,,,,,,,,,,,,450.1370689750604,4G/LTE,"LTE850, LTE1800, LTE2100",2025,TPG,836004,-12.613261,131.151729,,,Y,Y,Y,,,,,,,,,7.834321862516531,Telstra,529,Nitjpurru School,68.19927559191012,Combined,Government,Very Remote,School Single Entity,0,-16.81439,131.22025,50115,47961.0,7961.0,50115,Nitjpurru School,68.19927559191012,Combined,Government,Very Remote,School Single Entity,0,-16.81439,131.22025,50115,47961.0,7961.0,50115,60.36495372939359,60.36495372939359,No,No,Yes,No,,70500902,Walangeri Outstations,705009,Walangeri,705,Katherine,7,Northern Territory,27280.9229,Within polygon,Matched,21,8,32,4,9,8,13,0,0,20,287,1499,1.8,4.4,40.0,0,9,0,21,9,0,8,14,9.1,45.8,41.7,13,ABS 2021 Census Indigenous Profile,Indigenous Location (ILOC),2021
999,YINYIKAY,"NYINIKAY,RHODES POINT",Family Outstation,EAST ARNHEM,GUMURR MARTHAKAL,NORTHERN LAND COUNCIL,MULKA,EAST ARNHEM,13.0,Homelands Service Provider Report 2023,-12.21024,136.22921,https://bushtel.nt.gov.au/profile/999,Not listed,Not confirmed,,,,,,,,,,,,,50.339650023044754,4G/LTE + IoT,"IoT700, LTE700",2025,Telstra,880001,-12.19105,136.69197,,Y,Y,,,,,,,,,,,,,,59.60995563945159,4G/LTE + IoT,"NBIoT700, LTE700, LTE2600",2025,Optus,880003,-12.181375,136.776877,Y,,,Y,,,,,Y,,,,,,,,,,552.8457873376454,4G/LTE,"LTE850, LTE1800, LTE2100",2025,TPG,836002,-12.55419,131.15106,,,Y,Y,Y,,,,,,,,,50.339650023044754,Telstra,129,Dhupuma Barker,51.77433577124697,Primary,Independent,Very Remote,School Single Entity,0,-12.21816265,136.7055423,53009,87701.0,87700.0,53009,Gapuwiyak School,56.30897459620434,Combined,Government,Very Remote,School Single Entity,0,-12.50553,135.80806,50057,47952.0,7952.0,50057,5.969324573159589,1.434685748202213,No,No,Yes,Yes,Review,70600402,Marthakal Homelands exc. Galiwinku,706004,Marthakal Homelands - Galiwinku,706,Nhulunbuy,7,Northern Territory,5177.5161,Within polygon,Matched,204,224,425,32,93,102,113,79,18,23,281,1312,1.8,5.7,64.7,8,68,36,308,27,25,58,245,43.6,18.0,10.2,125,ABS 2021 Census Indigenous Profile,Indigenous Location (ILOC),2021
195,YINYIRIPALANGU,"ETHEL CREEK,NGARI-PALYA",Family Outstation,CENTRAL DESERT,SOUTHERN TANAMI,CENTRAL LAND COUNCIL,GWOJA,CENTRAL AUSTRALIA,,Not recorded,-22.21046,130.20558,https://bushtel.nt.gov.au/profile/195,Not listed,Not confirmed,,,,,,,,,,,,,60.558927443069706,4G/LTE + IoT,"IoT700, LTE700",2025,Telstra,872175,-22.65143,130.55136,,Y,Y,,,,,,,,,,,Y,Northern Territory Co-investment Northern Territory ISCA,,263.2266497296334,3G/UMTS + 4G/LTE,"UMTS900, LTE700",2025,Optus,872146,-24.251,131.5116,,Y,,Y,,,,,,,,,,,,Y,Federal Mobile Black Spot Program (MBSP),2.0,974.8464631846924,4G/LTE,LTE850,2025,TPG,4825002,-20.73424,139.49366,,,Y,,,,,,,,,,,60.558927443069706,Telstra,82,Nyirripi School,60.512746297958046,Combined,Government,Very Remote,School Single Entity,0,-22.64994,130.55281,50112,56573.0,16573.0,50112,Nyirripi School,60.512746297958046,Combined,Government,Very Remote,School Single Entity,0,-22.64994,130.55281,50112,56573.0,16573.0,50112,-0.0461811451116602,-0.0461811451116602,Yes,Yes,Yes,Yes,Review,70901002,Tanami Outstations,709010,Nyirripi and Tanami Outstations,709,Apatula,7,Northern Territory,142011.3404,Within polygon,Matched,13,16,30,0,0,3,15,5,3,41,1312,2250,1.4,5.0,50.0,0,0,0,30,20,0,20,3,0.0,70.4,70.4,0,ABS 2021 Census Indigenous Profile,Indigenous Location (ILOC),2021
1002,YIRRA BANDOO,"ELIZABETH RIVER,VIRGINIA",Family Outstation,LITCHFIELD,CENTRAL WARD,NORTHERN LAND COUNCIL,GOYDER,"DARWIN, PALMERSTON, LITCHFIELD",,Not recorded,-12.57293,131.02238,https://bushtel.nt.gov.au/profile/1002,Not listed,Not confirmed,,,,,,,,,,,,,2.0686606860626027,4G/LTE + IoT,"IoT700, LTE700, LTE1800",2025,Telstra,835011,-12.555369,131.028672,,Y,Y,,Y,,,,,,,,,,,,5.600893217970431,4G/LTE + IoT,"NBIoT700, LTE700, LTE2100, LTE2600",2025,Optus,835006,-12.529221,131.048026,Y,,,Y,,,Y,,Y,,,,,,,,,,5.597273414383641,4G/LTE,"LTE850, LTE1800, LTE2100",2025,TPG,835006,-12.5293,131.0481,,,Y,Y,Y,,,,,,,,,2.0686606860626027,Telstra,612,Bees Creek Primary School,4.864672324344811,Primary,Government,Outer Regional,School Single Entity,0,-12.5408,131.0528,50013,56529.0,16529.0,50013,Sattler Christian College,4.9780769228257205,Combined,Independent,Outer Regional,School Single Entity,0,-12.54134,131.05488,50150,54589.0,14589.0,50150,2.909416236763118,2.7960116382822084,No,No,No,No,,70300702,Bees Creek - Virginia,703007,Litchfield,703,Darwin,7,Northern Territory,54.7364,Within polygon,Matched,127,133,262,26,57,53,56,49,16,24,1043,2333,1.1,3.3,14.2,3,38,29,179,121,6,127,41,4.7,70.9,67.6,83,ABS 2021 Census Indigenous Profile,Indigenous Location (ILOC),2021
575,YIRRINGA,DRYSDALE ISLAND,Family Outstation,EAST ARNHEM,GUMURR MARTHAKAL,NORTHERN LAND COUNCIL,MULKA,EAST ARNHEM,,Not recorded,-11.64538,136.02578,https://bushtel.nt.gov.au/profile/575,Not listed,Not confirmed,,,,,,,,,,,,,65.53530742745605,4G/LTE + 5G/NR + IoT,"IoT700, LTE700, LTE850, LTE2600, NR850, NR2600",2025,Telstra,822005,-12.02483,135.56501,,Y,Y,Y,,,Y,,Y,,Y,,,,,,101.1442426910237,4G/LTE + IoT,"NBIoT700, LTE700, LTE2600",2025,Optus,880003,-12.181375,136.776877,Y,,,Y,,,,,Y,,,,,,,,,,539.5377609639388,4G/LTE,"LTE850, LTE1800, LTE2100",2025,TPG,836002,-12.55419,131.15106,,,Y,Y,Y,,,,,,,,,65.53530742745605,Telstra,68,Gawa Christian School,18.376912622631107,Combined,Independent,Very Remote,School Single Entity,0,-11.759762,135.903958,50163,58020.0,18020.0,50163,Gawa Christian School,18.376912622631107,Combined,Independent,Very Remote,School Single Entity,0,-11.759762,135.903958,50163,58020.0,18020.0,50163,-47.15839480482494,-47.15839480482494,Yes,Yes,No,Yes,,70600402,Marthakal Homelands exc. Galiwinku,706004,Marthakal Homelands - Galiwinku,706,Nhulunbuy,7,Northern Territory,5177.5161,Within polygon,Matched,204,224,425,32,93,102,113,79,18,23,281,1312,1.8,5.7,64.7,8,68,36,308,27,25,58,245,43.6,18.0,10.2,125,ABS 2021 Census Indigenous Profile,Indigenous Location (ILOC),2021
672,YUDU YUDU,YUDUYUDU,Family Outstation,EAST ARNHEM,GUMURR MIWATJ,NORTHERN LAND COUNCIL,MULKA,EAST ARNHEM,14.0,Homelands Service Provider Report 2023,-12.23335,136.63724,https://bushtel.nt.gov.au/profile/672,Yes,Confirmed,Alias,YUDUYUDU,0.0468491535256356,YUDUYUDU,COMMUNITY,10.0,,,YES,OPTUS/TELSTRA,-12.233,136.637,7.583008208688949,4G/LTE + IoT,"IoT700, LTE700",2025,Telstra,880001,-12.19105,136.69197,,Y,Y,,,,,,,,,,,,,,16.239084318763414,4G/LTE + IoT,"NBIoT700, LTE700, LTE2600",2025,Optus,880003,-12.181375,136.776877,Y,,,Y,,,,,Y,,,,,,,,,,596.8754680721574,4G/LTE,"LTE850, LTE1800, LTE2100",2025,TPG,836002,-12.55419,131.15106,,,Y,Y,Y,,,,,,,,,7.583008208688949,Telstra,535,Dhupuma Barker,7.612318913216206,Primary,Independent,Very Remote,School Single Entity,0,-12.21816265,136.7055423,53009,87701.0,87700.0,53009,Nhulunbuy High School,16.6646844321887,Secondary,Government,Very Remote,School Single Entity,0,-12.18676,136.78298,50002,55089.0,15089.0,50002,9.081676223499752,0.0293107045272567,No,No,No,No,,70600303,Gumatj - Surrounds,706003,Laynhapuy - Gumatj Homelands,706,Nhulunbuy,7,Northern Territory,2644.1939,Within polygon,Matched,15,16,32,0,3,13,6,3,8,31,306,1312,1.3,4.4,28.6,0,0,0,29,0,3,3,23,100.0,14.8,0.0,3,ABS 2021 Census Indigenous Profile,Indigenous Location (ILOC),2021
863,YULARA PULKA,No aliases recorded with NTG DIPL,Family Outstation,MACDONNELL,IYARRKA,CENTRAL LAND COUNCIL,GWOJA,CENTRAL AUSTRALIA,5.0,Homelands Service Provider Report 2023,-25.25455,130.89108,https://bushtel.nt.gov.au/profile/863,Not listed,Not confirmed,,,,,,,,,,,,,9.446585242312128,4G/LTE + 5G/NR + IoT,"IoT700, LTE700, LTE1800, LTE2100, LTE2600, NR850",2025,Telstra,872003,-25.24259,130.984073,,Y,Y,,Y,Y,Y,,Y,,,,,,,,9.4427858797829,4G/LTE + IoT,"NBIoT700, LTE700, LTE900, LTE2100, LTE2600",2025,Optus,872003,-25.242591,130.984035,Y,,,Y,Y,,Y,,Y,,,,,,,,,,1013.501133754014,4G/LTE,LTE850,2025,TPG,4825002,-20.73424,139.49366,,,Y,,,,,,,,,,,9.4427858797829,Optus,509,Yulara School,9.556162879255504,Combined,Government,Very Remote,School Single Entity,0,-25.23514,130.98364,50136,47902.0,7902.0,50136,Nyangatjatjara College,8.55451067385814,Secondary,Independent,Very Remote,School Head Campus,0,-25.228808,130.971231,50160,54570.0,14570.0,50160,-0.8882752059247601,0.1133769994726048,No,Yes,No,No,,70900802,Kaltukatjara Outstations,709008,Kaltukatjara and Outstations,709,Apatula,7,Northern Territory,87474.9608,Within polygon,Matched,28,34,60,8,7,8,17,16,3,29,295,966,1.7,3.7,40.0,0,5,6,46,14,5,12,35,14.3,29.8,25.5,15,ABS 2021 Census Indigenous Profile,Indigenous Location (ILOC),2021
1010,YULBARA,ULBARA POINT,Family Outstation,ROPER GULF,SOUTH WEST GULF,NORTHERN LAND COUNCIL,BARKLY,BIG RIVERS,,Not recorded,-15.7777,136.9997,https://bushtel.nt.gov.au/profile/1010,Not listed,Not confirmed,,,,,,,,,,,,,80.26226963511806,4G/LTE + IoT,"IoT700, LTE700, LTE1800, LTE2100, LTE2600",2025,Telstra,854001,-16.05361,136.30611,,Y,Y,,Y,Y,Y,,,,,,,,,,169.17183769991095,3G/UMTS,UMTS900,2025,Optus,852089,-16.6834,135.7265,,Y,,,,,,,,,,,,,,Y,Federal Mobile Black Spot Program (MBSP),2.0,610.7841818098273,4G/LTE,LTE850,2025,TPG,4825002,-20.73424,139.49366,,,Y,,,,,,,,,,,80.26226963511806,Telstra,34,Borroloola School,80.42050555362694,Combined,Government,Very Remote,School Single Entity,0,-16.0582,136.30649,50056,47921.0,7921.0,50056,Borroloola School,80.42050555362694,Combined,Government,Very Remote,School Single Entity,0,-16.0582,136.30649,50056,47921.0,7921.0,50056,0.158235918508879,0.158235918508879,No,No,Yes,Yes,Review,70500401,Mabunji - Mungoorbada Outstations,705004,Gulf,705,Katherine,7,Northern Territory,55041.1368,Within polygon,Matched,62,43,104,7,17,23,30,21,8,30,407,916,1.9,3.6,48.1,4,12,3,79,23,9,28,52,22.2,34.6,26.9,24,ABS 2021 Census Indigenous Profile,Indigenous Location (ILOC),2021
200,YUMURRPA,"CAVES BORE,YUMURLPA",Family Outstation,CENTRAL DESERT,SOUTHERN TANAMI,CENTRAL LAND COUNCIL,GWOJA,CENTRAL AUSTRALIA,,Not recorded,-21.62731,130.78047,https://bushtel.nt.gov.au/profile/200,Not listed,Not confirmed,,,,,,,,,,,,,116.29625054715662,4G/LTE + IoT,"IoT700, LTE700",2025,Telstra,872175,-22.65143,130.55136,,Y,Y,,,,,,,,,,,Y,Northern Territory Co-investment Northern Territory ISCA,,277.7652441622604,3G/UMTS + 4G/LTE,"UMTS900, LTE700",2025,Optus,872135,-22.13295,133.4167,,Y,,Y,,,,,,,,,,,,,,,908.7274863447057,4G/LTE,LTE850,2025,TPG,4825002,-20.73424,139.49366,,,Y,,,,,,,,,,,116.29625054715662,Telstra,5,Nyirripi School,116.10379397643229,Combined,Government,Very Remote,School Single Entity,0,-22.64994,130.55281,50112,56573.0,16573.0,50112,Nyirripi School,116.10379397643229,Combined,Government,Very Remote,School Single Entity,0,-22.64994,130.55281,50112,56573.0,16573.0,50112,-0.1924565707243317,-0.1924565707243317,Yes,Yes,Yes,Yes,Review,70901701,Yuendumu and Outstations,709017,Yuendumu and Outstations,709,Apatula,7,Northern Territory,22120.9495,Within polygon,Matched,312,303,617,62,138,99,171,110,33,25,254,1012,1.6,4.7,43.2,12,102,36,418,73,29,95,307,28.1,22.7,16.4,200,ABS 2021 Census Indigenous Profile,Indigenous Location (ILOC),2021
196,YUWALKI,"MT. DAVID BORE,UALKI,YUALTJI",Family Outstation,MACDONNELL,LURITJA PINTUBI,CENTRAL LAND COUNCIL,GWOJA,CENTRAL AUSTRALIA,,Not recorded,-23.56347,129.53922,https://bushtel.nt.gov.au/profile/196,Not listed,Not confirmed,,,,,,,,,,,,,35.8288186540488,4G/LTE + IoT,"IoT700, LTE700",2025,Telstra,872046,-23.27311,129.386987,,Y,Y,,,,,,,,,,,Y,REGIONAL CO-INVESTMENT: NT ISCA,1.0,214.5791874746912,3G/UMTS + 4G/LTE,"UMTS900, LTE700",2025,Optus,872146,-24.251,131.5116,,Y,,Y,,,,,,,,,,,,Y,Federal Mobile Black Spot Program (MBSP),2.0,1072.063179502864,4G/LTE,LTE850,2025,TPG,4825002,-20.73424,139.49366,,,Y,,,,,,,,,,,35.8288186540488,Telstra,224,Walungurru School,35.3951518564912,Combined,Government,Very Remote,School Single Entity,0,-23.27712,129.38771,50128,56577.0,16577.0,50128,Yirara College - Kintore Campus,35.199887695663904,Secondary,Independent,Very Remote,School Sub-Campus,0,-23.278159,129.389765,40933,77481.0,14276.0,50156,-0.628930958384899,-0.4336667975576063,Yes,Yes,No,No,,70901302,Walungurru Outstations,709013,Walungurru and Outstations,709,Apatula,7,Northern Territory,28754.6795,Within polygon,Matched,0,0,0,0,0,0,0,0,0,0,0,0,0.0,0.0,0.0,0,0,0,0,0,0,0,0,0.0,0.0,0.0,0,ABS 2021 Census Indigenous Profile,Indigenous Location (ILOC),2021
123,YUWERLI,"BEAN TREE,NGALIKIRLAN",Family Outstation,CENTRAL DESERT,SOUTHERN TANAMI,CENTRAL LAND COUNCIL,GWOJA,CENTRAL AUSTRALIA,,Not recorded,-22.03566,131.65064,https://bushtel.nt.gov.au/profile/123,Not listed,Not confirmed,,,,,,,,,,,,,28.44349555142296,4G/LTE + IoT,"IoT700, LTE700, LTE2600",2025,Telstra,872025,-22.25156,131.79875,,Y,Y,,,,Y,,,,,,,,,,182.28955453449308,3G/UMTS + 4G/LTE,"UMTS900, LTE700",2025,Optus,872135,-22.13295,133.4167,,Y,,Y,,,,,,,,,,,,,,,824.7471862774153,4G/LTE,LTE850,2025,TPG,4825002,-20.73424,139.49366,,,Y,,,,,,,,,,,28.44349555142296,Telstra,294,Yuendumu School,28.727303601805648,Combined,Government,Very Remote,School Single Entity,0,-22.25565,131.796889,50068,46730.0,6730.0,50068,Yuendumu School,28.727303601805648,Combined,Government,Very Remote,School Single Entity,0,-22.25565,131.796889,50068,46730.0,6730.0,50068,0.2838080503826887,0.2838080503826887,No,No,No,No,,70901701,Yuendumu and Outstations,709017,Yuendumu and Outstations,709,Apatula,7,Northern Territory,22120.9495,Within polygon,Matched,312,303,617,62,138,99,171,110,33,25,254,1012,1.6,4.7,43.2,12,102,36,418,73,29,95,307,28.1,22.7,16.4,200,ABS 2021 Census Indigenous Profile,Indigenous Location (ILOC),2021
