community_id,community_name,community_aliases,community_type,local_govt_council,ward,land_council,electorate,ntg_region,population_count,population_source,latitude,longitude,bushtel_url
1022,10 MILE,"PALPANG,TEN MILE",Family Outstation,BARKLY,ALYAWARR,CENTRAL LAND COUNCIL,BARKLY,BARKLY,8,Homelands Service Provider Report 2023,-20.40628,134.75934,https://bushtel.nt.gov.au/profile/1022
1004,10 MILE OUTSTATION,TEN MILE OUTSTATION,Family Outstation,CENTRAL DESERT,ANMATJERE,CENTRAL LAND COUNCIL,GWOJA,CENTRAL AUSTRALIA,10,Homelands Service Provider Report 2023,-22.46667,132.37658,https://bushtel.nt.gov.au/profile/1004
783,16 MILE CAMP,"ATHENGE-LHERE,BOND SPRINGS",Family Outstation,MACDONNELL,RODINGA,CENTRAL LAND COUNCIL,NAMATJIRA,CENTRAL AUSTRALIA,,Not recorded,-23.45764,133.83248,https://bushtel.nt.gov.au/profile/783
24993,20 MILE,WUMAYALINJA,Family Outstation,ROPER GULF,SOUTH WEST GULF,NORTHERN LAND COUNCIL,BARKLY,BIG RIVERS,6,Homelands Service Provider Report 2023,-16.08535,136.54826,https://bushtel.nt.gov.au/profile/24993
1006,4 MILE CAMP,"FOUR MILE CAMP,NGUIU 4 MILE CAMP",Family Outstation,TIWI ISLANDS,BATHURST ISLAND WARD,TIWI LAND COUNCIL,ARAFURA,TOP END,7,Homelands Service Provider Report 2023,-11.77798,130.59548,https://bushtel.nt.gov.au/profile/1006
759,5 MILE BORE,5 MILE,Family Outstation,MACDONNELL,LURITJA PINTUBI,CENTRAL LAND COUNCIL,GWOJA,CENTRAL AUSTRALIA,24,Homelands Service Provider Report 2023,-23.23265,131.98296,https://bushtel.nt.gov.au/profile/759
279,ACACIA LARRAKIA,ACACIA GAP,Family Outstation,LITCHFIELD,SOUTH WARD,NORTHERN LAND COUNCIL,GOYDER,"DARWIN, PALMERSTON, LITCHFIELD",,Not recorded,-12.8142,131.1715,https://bushtel.nt.gov.au/profile/279
979,ADBANAE,TREPANG BAY,Family Outstation,WEST ARNHEM,BARRAH,NORTHERN LAND COUNCIL,ARAFURA,TOP END,,Not recorded,-11.24167,131.97531,https://bushtel.nt.gov.au/profile/979
1,ADELAIDE BORE,"WOOLA,WOOLLA",Family Outstation,CENTRAL DESERT,ANMATJERE,CENTRAL LAND COUNCIL,BARKLY,CENTRAL AUSTRALIA,14,Homelands Service Provider Report 2023,-22.21485,133.93607,https://bushtel.nt.gov.au/profile/1
895,ADJAMARRAGU,No aliases recorded with NTG DIPL,Family Outstation,WEST ARNHEM,BARRAH,NORTHERN LAND COUNCIL,ARAFURA,TOP END,,Not recorded,-11.15182,132.47559,https://bushtel.nt.gov.au/profile/895
787,AKARNENEHE WELL,APIWENTYE,Family Outstation,CENTRAL DESERT,AKITYARRE,CENTRAL LAND COUNCIL,NAMATJIRA,CENTRAL AUSTRALIA,,Not recorded,-23.05992,136.19361,https://bushtel.nt.gov.au/profile/787
959,AKWALIRRUMANJA,"4 MILE,FOUR MILE",Family Outstation,EAST ARNHEM,ANINDILYAKWA,ANINDILYAKWA LAND COUNCIL,ARNHEM,EAST ARNHEM,35,Homelands Service Provider Report 2023,-13.86346,136.77866,https://bushtel.nt.gov.au/profile/959
280,ALAMIRRA,ALAMIRR,Family Outstation,WEST ARNHEM,BARRAH,NORTHERN LAND COUNCIL,ARAFURA,TOP END,4,Homelands Service Provider Report 2023,-11.06745,132.52835,https://bushtel.nt.gov.au/profile/280
693,ALATYEYE,TURNERS CAMP,Family Outstation,CENTRAL DESERT,ANMATJERE,CENTRAL LAND COUNCIL,NAMATJIRA,CENTRAL AUSTRALIA,3,Homelands Service Provider Report 2023,-23.09733,134.21897,https://bushtel.nt.gov.au/profile/693
441,ALHARRGAN,CAPE BARROW,Family Outstation,ROPER GULF,NUMBULWAR NUMBURINDI,NORTHERN LAND COUNCIL,ARNHEM,BIG RIVERS,6,Homelands Service Provider Report 2023,-13.67507,136.05261,https://bushtel.nt.gov.au/profile/441
852,ALICE WELL,RITJINGKA,Family Outstation,MACDONNELL,RODINGA,CENTRAL LAND COUNCIL,NAMATJIRA,CENTRAL AUSTRALIA,6,Homelands Service Provider Report 2023,-24.88123,134.22962,https://bushtel.nt.gov.au/profile/852
4,ALKIPI,"ALKIPIE,ALKPIE,MOUNT LARRY,YALKIPI",Family Outstation,MACDONNELL,LURITJA PINTUBI,CENTRAL LAND COUNCIL,GWOJA,CENTRAL AUSTRALIA,,Not recorded,-23.27356,131.82924,https://bushtel.nt.gov.au/profile/4
769,ALKNGARRIINTJA,"ALKNGARINTJA,ILKILALAMA NO.2",Family Outstation,MACDONNELL,LJIRAPINTA,CENTRAL LAND COUNCIL,GWOJA,CENTRAL AUSTRALIA,8,Homelands Service Provider Report 2023,-23.95602,132.46233,https://bushtel.nt.gov.au/profile/769
714,ALKUPTIJA,"ALKUPITJA,GILLAN BORE,GILLANS BORE,GILLEN BORE",Family Outstation,MACDONNELL,RODINGA,CENTRAL LAND COUNCIL,NAMATJIRA,CENTRAL AUSTRALIA,31,Homelands Service Provider Report 2023,-23.06533,133.69436,https://bushtel.nt.gov.au/profile/714
7,ALPARA,No aliases recorded with NTG DIPL,Family Outstation,MACDONNELL,IYARRKA,CENTRAL LAND COUNCIL,GWOJA,CENTRAL AUSTRALIA,,Not recorded,-25.91526,131.21242,https://bushtel.nt.gov.au/profile/7
24991,ALYARPERE,SHANNON BORE,Family Outstation,MACDONNELL,RODINGA,CENTRAL LAND COUNCIL,NAMATJIRA,CENTRAL AUSTRALIA,4,Homelands Service Provider Report 2023,-23.70776,134.49332,https://bushtel.nt.gov.au/profile/24991
442,ALYINGBERRMA,"ALYINGBARRUMA,QANTAS",Family Outstation,EAST ARNHEM,ANINDILYAKWA,ANINDILYAKWA LAND COUNCIL,ARNHEM,EAST ARNHEM,,Not recorded,-13.80934,136.81691,https://bushtel.nt.gov.au/profile/442
2,ALYUEN,"AILERON,ALUM,ALUM CAMP",Family Outstation,CENTRAL DESERT,ANMATJERE,CENTRAL LAND COUNCIL,BARKLY,CENTRAL AUSTRALIA,12,Homelands Service Provider Report 2023,-22.66949,133.35147,https://bushtel.nt.gov.au/profile/2
445,AMANBURNUNGA,"AMENGUNUA,SALT LAKE",Family Outstation,EAST ARNHEM,ANINDILYAKWA,ANINDILYAKWA LAND COUNCIL,ARNHEM,EAST ARNHEM,,Not recorded,-13.92641,136.69486,https://bushtel.nt.gov.au/profile/445
282,AMATJATPALK,"AMADJI BALK,AMADJIBAL,AMADJIBALK,GOULBURN ISLAND,SOUTH GOULBURN",Family Outstation,WEST ARNHEM,BARRAH,NORTHERN LAND COUNCIL,ARAFURA,TOP END,,Not recorded,-11.59488,133.45508,https://bushtel.nt.gov.au/profile/282
104,AMENGERNTERNEAH,"HEALTH CENTRE,MINGINTIRNINA,URAPENTYE,URAPUNTJA HEALTH CENTRE,UTOPIA CLINIC",Family Outstation,BARKLY,ALYAWARR,CENTRAL LAND COUNCIL,BARKLY,BARKLY,,Not recorded,-21.89767,134.84166,https://bushtel.nt.gov.au/profile/104
446,AMIRRABA,"8 MILE,EIGHT MILE",Family Outstation,EAST ARNHEM,ANINDILYAKWA,ANINDILYAKWA LAND COUNCIL,ARNHEM,EAST ARNHEM,,Not recorded,-13.90868,136.85787,https://bushtel.nt.gov.au/profile/446
11,AMPUTJUTA,UMPUTJUTA,Family Outstation,MACDONNELL,IYARRKA,CENTRAL LAND COUNCIL,GWOJA,CENTRAL AUSTRALIA,,Not recorded,-24.92956,129.12287,https://bushtel.nt.gov.au/profile/11
761,AMUNDURNGUA,No aliases recorded with NTG DIPL,Family Outstation,MACDONNELL,LURITJA PINTUBI,CENTRAL LAND COUNCIL,GWOJA,CENTRAL AUSTRALIA,10,Homelands Service Provider Report 2023,-23.27143,131.42343,https://bushtel.nt.gov.au/profile/761
449,ANDANANGKI,"ANDANANGGKI,ANDANANKI,ANDHANANGGI,WALKER RIVER",Family Outstation,ROPER GULF,NUMBULWAR NUMBURINDI,NORTHERN LAND COUNCIL,ARNHEM,BIG RIVERS,10,Homelands Service Provider Report 2023,-13.60962,135.76503,https://bushtel.nt.gov.au/profile/449
13,ANGAS DOWNS,ANGUS DOWNS,Family Outstation,MACDONNELL,IYARRKA,CENTRAL LAND COUNCIL,GWOJA,CENTRAL AUSTRALIA,2,Homelands Service Provider Report 2023,-25.03447,132.27377,https://bushtel.nt.gov.au/profile/13
916,ANGATYEPE,No aliases recorded with NTG DIPL,Family Outstation,MACDONNELL,RODINGA,CENTRAL LAND COUNCIL,NAMATJIRA,CENTRAL AUSTRALIA,21,Homelands Service Provider Report 2023,-23.745,133.7275,https://bushtel.nt.gov.au/profile/916
917,ANGKERLE ARRENGE (A),No aliases recorded with NTG DIPL,Family Outstation,MACDONNELL,RODINGA,CENTRAL LAND COUNCIL,NAMATJIRA,CENTRAL AUSTRALIA,16,Homelands Service Provider Report 2023,-23.74599,133.48008,https://bushtel.nt.gov.au/profile/917
918,ANGKERLE ARRENGE (B),No aliases recorded with NTG DIPL,Family Outstation,MACDONNELL,RODINGA,CENTRAL LAND COUNCIL,NAMATJIRA,CENTRAL AUSTRALIA,3,Homelands Service Provider Report 2023,-23.73894,133.47969,https://bushtel.nt.gov.au/profile/918
12,ANGULA,"ANGKOLA,ANGKULA",Family Outstation,CENTRAL DESERT,ANMATJERE,CENTRAL LAND COUNCIL,BARKLY,CENTRAL AUSTRALIA,6,Homelands Service Provider Report 2023,-22.55781,134.21675,https://bushtel.nt.gov.au/profile/12
960,ANGWURA,"ANGURRKURRIKBA,ANGUWARRMANJA,CENTRAL LAKE,SALT LAKE",Family Outstation,EAST ARNHEM,ANINDILYAKWA,ANINDILYAKWA LAND COUNCIL,ARNHEM,EAST ARNHEM,8,Homelands Service Provider Report 2023,-13.91942,136.72609,https://bushtel.nt.gov.au/profile/960
285,ANKABADBIRRI,"AN-GABARRBIRRIYA,ANGABABIRRAYI",Family Outstation,WEST ARNHEM,MANINGRIDA,NORTHERN LAND COUNCIL,ARAFURA,TOP END,18,Homelands Service Provider Report 2023,-12.25695,134.41973,https://bushtel.nt.gov.au/profile/285
170,ANKERRAPW,"ANGKARRIPA,ANGKWETENGARENYE,ANKARRIPA,OLD UTOPIA HOMESTEAD,UTOPIA HOMESTEAD",Family Outstation,BARKLY,ALYAWARR,CENTRAL LAND COUNCIL,BARKLY,BARKLY,,Not recorded,-22.23004,134.56306,https://bushtel.nt.gov.au/profile/170
823,ANKWELEYELENGKWE,"AMARELENGKWE,WILD PLUM",Family Outstation,CENTRAL DESERT,ANMATJERE,CENTRAL LAND COUNCIL,BARKLY,CENTRAL AUSTRALIA,6,Homelands Service Provider Report 2023,-21.59675,133.75517,https://bushtel.nt.gov.au/profile/823
1021,ANNERRE,No aliases recorded with NTG DIPL,Family Outstation,BARKLY,ALYAWARR,CENTRAL LAND COUNCIL,BARKLY,BARKLY,,Not recorded,-21.26169,134.00116,https://bushtel.nt.gov.au/profile/1021
14,ANNINGIE,YANGINJ,Family Outstation,CENTRAL DESERT,ANMATJERE,CENTRAL LAND COUNCIL,BARKLY,CENTRAL AUSTRALIA,,Not recorded,-21.83473,133.14445,https://bushtel.nt.gov.au/profile/14
788,ANTERE,"COLSONS WELL,GOYDER SR,JOKERS CAMP",Family Outstation,MACDONNELL,RODINGA,CENTRAL LAND COUNCIL,NAMATJIRA,CENTRAL AUSTRALIA,,Not recorded,-25.66309,134.40934,https://bushtel.nt.gov.au/profile/788
335,ARARLAGU,"ILLIARU,NORTH GOULBURN,NORTH GOULBURN ISLAND,WEIRA",Family Outstation,WEST ARNHEM,BARRAH,NORTHERN LAND COUNCIL,ARAFURA,TOP END,,Not recorded,-11.52722,133.39848,https://bushtel.nt.gov.au/profile/335
288,ARARU POINT,ARARU,Family Outstation,WEST ARNHEM,BARRAH,NORTHERN LAND COUNCIL,ARAFURA,TOP END,7,Homelands Service Provider Report 2023,-11.19364,131.87783,https://bushtel.nt.gov.au/profile/288
1023,ARKANTA,"AKANTA,NO 5 BORE",Family Outstation,MACDONNELL,LJIRAPINTA,CENTRAL LAND COUNCIL,GWOJA,CENTRAL AUSTRALIA,12,Homelands Service Provider Report 2023,-24.52148,132.81995,https://bushtel.nt.gov.au/profile/1023
168,ARLPARRA,"AHALPERE,ANGARAPA,NEW SHOP,URAPUNTJA STORE,UTOPIA NEW STORE",Family Outstation,BARKLY,ALYAWARR,CENTRAL LAND COUNCIL,BARKLY,BARKLY,110,Homelands Service Provider Report 2023,-22.08779,134.77476,https://bushtel.nt.gov.au/profile/168
968,ARMORRAN,No aliases recorded with NTG DIPL,Family Outstation,WEST ARNHEM,BARRAH,NORTHERN LAND COUNCIL,ARAFURA,TOP END,8,Homelands Service Provider Report 2023,-11.75575,133.38142,https://bushtel.nt.gov.au/profile/968
79,ARMSTRONGS,"ARMSTRONG'S CAMP,KUNOTH,KUNOTHS,KUNOTHS' CAMP",Family Outstation,MACDONNELL,LJIRAPINTA,CENTRAL LAND COUNCIL,GWOJA,CENTRAL AUSTRALIA,5,Homelands Service Provider Report 2023,-23.87918,132.68001,https://bushtel.nt.gov.au/profile/79
735,ARRAWAJIN,"ARRAJAWIN,ARRANJIN,WHISTLE DUCK",Family Outstation,BARKLY,ALYAWARR,CENTRAL LAND COUNCIL,BARKLY,BARKLY,,Not recorded,-20.51825,134.97551,https://bushtel.nt.gov.au/profile/735
893,ARRGAMURRMUR,KEITH WILLIAMS,Family Outstation,WEST ARNHEM,BARRAH,NORTHERN LAND COUNCIL,ARAFURA,TOP END,,Not recorded,-11.17399,132.61015,https://bushtel.nt.gov.au/profile/893
919,ARRILLHJERE,ARRLIHJERE,Family Outstation,MACDONNELL,RODINGA,CENTRAL LAND COUNCIL,NAMATJIRA,CENTRAL AUSTRALIA,2,Homelands Service Provider Report 2023,-23.77981,133.62608,https://bushtel.nt.gov.au/profile/919
21,ARRKAPA,"ARKANAPUTA,ARRKARNKAPUTA",Family Outstation,MACDONNELL,LJIRAPINTA,CENTRAL LAND COUNCIL,GWOJA,CENTRAL AUSTRALIA,2,Homelands Service Provider Report 2023,-23.98248,132.82937,https://bushtel.nt.gov.au/profile/21
910,ARRUNGKEE,"ARRUNGE,FERDIES BORE,GARDEN BORE",Family Outstation,CENTRAL DESERT,ANMATJERE,CENTRAL LAND COUNCIL,GWOJA,CENTRAL AUSTRALIA,10,Homelands Service Provider Report 2023,-22.49935,132.28147,https://bushtel.nt.gov.au/profile/910
22,ARTEKERR,"ARTEKKERRE,ATIKIRRA,THREE BORES",Family Outstation,BARKLY,ALYAWARR,CENTRAL LAND COUNCIL,BARKLY,BARKLY,26,Homelands Service Provider Report 2023,-22.29022,134.54312,https://bushtel.nt.gov.au/profile/22
712,ARTEKERRE,"ARTERRE,HARRY CREEK,MCGRATH FLAT",Family Outstation,MACDONNELL,RODINGA,CENTRAL LAND COUNCIL,NAMATJIRA,CENTRAL AUSTRALIA,51,Homelands Service Provider Report 2023,-23.25739,133.7666,https://bushtel.nt.gov.au/profile/712
729,ATHELEY,"ATHILIYA,SILLYA",Family Outstation,BARKLY,ALYAWARR,CENTRAL LAND COUNCIL,BARKLY,BARKLY,88,Homelands Service Provider Report 2023,-21.91757,134.86766,https://bushtel.nt.gov.au/profile/729
1015,ATJI CREEK,No aliases recorded with NTG DIPL,Family Outstation,MACDONNELL,LURITJA PINTUBI,CENTRAL LAND COUNCIL,GWOJA,CENTRAL AUSTRALIA,10,Homelands Service Provider Report 2023,-23.39945,131.98389,https://bushtel.nt.gov.au/profile/1015
146,ATNARARA,"AHALPERARENYE,ATNARARRA,SOAKAGE BORE",Family Outstation,BARKLY,ALYAWARR,CENTRAL LAND COUNCIL,BARKLY,BARKLY,47,Homelands Service Provider Report 2023,-22.02622,134.78721,https://bushtel.nt.gov.au/profile/146
24995,ATNARPA,No aliases recorded with NTG DIPL,Family Outstation,MACDONNELL,RODINGA,CENTRAL LAND COUNCIL,NAMATJIRA,CENTRAL AUSTRALIA,8,Homelands Service Provider Report 2023,-23.52358,134.78911,https://bushtel.nt.gov.au/profile/24995
27,ATNELTYEY,"ALLALGARA ANNANGARA,ANILTJIY,ATNELTYEYE,BOUNDARY BORE",Family Outstation,BARKLY,ALYAWARR,CENTRAL LAND COUNCIL,BARKLY,BARKLY,51,Homelands Service Provider Report 2023,-22.03683,134.61166,https://bushtel.nt.gov.au/profile/27
23,ATNWENGERRPE,"AMMAROO,ATNUNGURRPA,ATNWENGERRP,QUART POT,QUART POTS",Family Outstation,BARKLY,ALYAWARR,CENTRAL LAND COUNCIL,BARKLY,BARKLY,30,Homelands Service Provider Report 2023,-21.86956,134.99411,https://bushtel.nt.gov.au/profile/23
754,AWUMBUNYJI,No aliases recorded with NTG DIPL,Family Outstation,ROPER GULF,YUGUL MANGI,NORTHERN LAND COUNCIL,ARNHEM,BIG RIVERS,,Not recorded,-14.44723,135.43529,https://bushtel.nt.gov.au/profile/754
1011,BABUNGI,VICTORIA BAY,Family Outstation,ROPER GULF,SOUTH WEST GULF,NORTHERN LAND COUNCIL,BARKLY,BIG RIVERS,8,Homelands Service Provider Report 2023,-15.74444,136.97858,https://bushtel.nt.gov.au/profile/1011
577,BADAWARRKA,"BADANARRKKA,BADDAWARRKU,BUDDAWARKA,FIVE MILE CAMP",Family Outstation,ROPER GULF,YUGUL MANGI,NORTHERN LAND COUNCIL,ARNHEM,BIG RIVERS,3,Homelands Service Provider Report 2023,-14.69603,134.44378,https://bushtel.nt.gov.au/profile/577
811,BAGHETTI,No aliases recorded with NTG DIPL,Family Outstation,ROPER GULF,NYIRRANGGULUNG,NORTHERN LAND COUNCIL,ARNHEM,BIG RIVERS,2,Homelands Service Provider Report 2023,-13.75874,134.46372,https://bushtel.nt.gov.au/profile/811
209,BAJAMINYI,"BARAMINGI,FISH RIVER",Family Outstation,BARKLY,KUWARRANGU,NORTHERN LAND COUNCIL,BARKLY,BARKLY,,Not recorded,-17.77489,137.71243,https://bushtel.nt.gov.au/profile/209
456,BALMA,No aliases recorded with NTG DIPL,Family Outstation,EAST ARNHEM,GUMURR MIYARRKA,NORTHERN LAND COUNCIL,ARNHEM,EAST ARNHEM,11,Homelands Service Provider Report 2023,-13.24939,135.84857,https://bushtel.nt.gov.au/profile/456
578,BAMBOO SPRINGS,JIRRNGOW,Family Outstation,VICTORIA DALY,TIMBER CREEK,CENTRAL LAND COUNCIL,GWOJA,BIG RIVERS,,Not recorded,-16.95993,129.08393,https://bushtel.nt.gov.au/profile/578
946,BANATJARL,KING VALLEY,Family Outstation,ROPER GULF,NYIRRANGGULUNG,NORTHERN LAND COUNCIL,ARNHEM,BIG RIVERS,10,Homelands Service Provider Report 2023,-14.47668,132.6514,https://bushtel.nt.gov.au/profile/946
457,BANTHULA,"BAN'TALA,BANDHULA,BANT'THULA,GAMPURA,GANPURA",Family Outstation,EAST ARNHEM,GUMURR MARTHAKAL,NORTHERN LAND COUNCIL,MULKA,EAST ARNHEM,24,Homelands Service Provider Report 2023,-11.83585,135.87365,https://bushtel.nt.gov.au/profile/457
865,BARDALUMBA,"BARTALUMBA BAY,BARTELUMBA",Family Outstation,EAST ARNHEM,ANINDILYAKWA,ANINDILYAKWA LAND COUNCIL,ARNHEM,EAST ARNHEM,26,Homelands Service Provider Report 2023,-13.82445,136.4489,https://bushtel.nt.gov.au/profile/865
14045564,BARNJARN,No aliases recorded with NTG DIPL,Family Outstation,ROPER GULF,NYIRRANGGULUNG,NORTHERN LAND COUNCIL,ARNHEM,BIG RIVERS,8,Homelands Service Provider Report 2023,-14.28264,132.08321,https://bushtel.nt.gov.au/profile/14045564
699,BARRAK BARRAK,"BARRAC BARRAC,MAYAMUM",Family Outstation,VICTORIA DALY,TIMBER CREEK,NORTHERN LAND COUNCIL,GWOJA,BIG RIVERS,,Not recorded,-15.8716,130.35876,https://bushtel.nt.gov.au/profile/699
579,BARRAPUNTA,"BANAPINTA,BANURRPANDA,EMU SPRINGS",Family Outstation,ROPER GULF,NYIRRANGGULUNG,NORTHERN LAND COUNCIL,ARNHEM,BIG RIVERS,1,Homelands Service Provider Report 2023,-13.15658,134.85057,https://bushtel.nt.gov.au/profile/579
938,BARRARATJPI,No aliases recorded with NTG DIPL,Family Outstation,EAST ARNHEM,GUMURR MIWATJ,NORTHERN LAND COUNCIL,ARNHEM,EAST ARNHEM,23,Homelands Service Provider Report 2023,-13.21858,136.39138,https://bushtel.nt.gov.au/profile/938
792,BARRIDJOWKENG,"BARRIDJOWEN,BARRIHYOWKENG",Family Outstation,WEST ARNHEM,MANINGRIDA,NORTHERN LAND COUNCIL,ARAFURA,TOP END,2,Homelands Service Provider Report 2023,-12.34863,134.17529,https://bushtel.nt.gov.au/profile/792
888,BARRKIRA,No aliases recorded with NTG DIPL,Family Outstation,EAST ARNHEM,GUMURR MIWATJ,NORTHERN LAND COUNCIL,MULKA,EAST ARNHEM,13,Homelands Service Provider Report 2023,-12.0086,136.4649,https://bushtel.nt.gov.au/profile/888
25070,BATTON HILL,No aliases recorded with NTG DIPL,Family Outstation,CENTRAL DESERT,AKITYARRE,CENTRAL LAND COUNCIL,NAMATJIRA,CENTRAL AUSTRALIA,2,Homelands Service Provider Report 2023,-23.02915,136.86913,https://bushtel.nt.gov.au/profile/25070
212,BAUHINIA DOWNS,GURDANJI BINGBINGA,Family Outstation,ROPER GULF,SOUTH WEST GULF,NORTHERN LAND COUNCIL,BARKLY,BIG RIVERS,11,Homelands Service Provider Report 2023,-16.21512,135.46968,https://bushtel.nt.gov.au/profile/212
462,BAWAKA,No aliases recorded with NTG DIPL,Family Outstation,EAST ARNHEM,GUMURR MIWATJ,NORTHERN LAND COUNCIL,MULKA,EAST ARNHEM,9,Homelands Service Provider Report 2023,-12.53365,136.76402,https://bushtel.nt.gov.au/profile/462
494,BAYAGIDA,"GALUNGALI,GALUNGULI,RAPUMA,RAPUMA GALINGULLA,RAPUMA ISLAND,YABOOMA ISLAND",Family Outstation,EAST ARNHEM,GUMURR GATTJIRRK,NORTHERN LAND COUNCIL,MULKA,EAST ARNHEM,,Not recorded,-12.04269,134.92821,https://bushtel.nt.gov.au/profile/494
463,BAYGURRTJI,"BAGURRITJI,BAYKURRTJI",Family Outstation,EAST ARNHEM,GUMURR MIYARRKA,NORTHERN LAND COUNCIL,ARNHEM,EAST ARNHEM,2,Homelands Service Provider Report 2023,-13.15787,135.86654,https://bushtel.nt.gov.au/profile/463
25071,BEASLEY KNOB,JIYLINUM,Family Outstation,VICTORIA DALY,TIMBER CREEK,NORTHERN LAND COUNCIL,GWOJA,BIG RIVERS,19,Homelands Service Provider Report 2023,-15.97708,129.0085,https://bushtel.nt.gov.au/profile/25071
844,BEER ST BORE,No aliases recorded with NTG DIPL,Family Outstation,MACDONNELL,RODINGA,CENTRAL LAND COUNCIL,NAMATJIRA,CENTRAL AUSTRALIA,,Not recorded,-25.58297,134.52565,https://bushtel.nt.gov.au/profile/844
295,BERRAJA,"BERBAJA,BERRAIYA",Family Outstation,WEST ARNHEM,MANINGRIDA,NORTHERN LAND COUNCIL,ARAFURA,TOP END,,Not recorded,-12.07195,134.50486,https://bushtel.nt.gov.au/profile/295
810,BISHOPS BORE,No aliases recorded with NTG DIPL,Family Outstation,ROPER GULF,NYIRRANGGULUNG,NORTHERN LAND COUNCIL,ARNHEM,BIG RIVERS,,Not recorded,-14.61452,133.07053,https://bushtel.nt.gov.au/profile/810
24899,BLACK ROCK LANDING,No aliases recorded with NTG DIPL,Family Outstation,ROPER GULF,SOUTH WEST GULF,NORTHERN LAND COUNCIL,BARKLY,BIG RIVERS,4,Homelands Service Provider Report 2023,-15.92062,136.51042,https://bushtel.nt.gov.au/profile/24899
784,BLACKTANK BORE,"APMWERRE,BOND SPRINGS",Family Outstation,MACDONNELL,RODINGA,CENTRAL LAND COUNCIL,NAMATJIRA,CENTRAL AUSTRALIA,18,Homelands Service Provider Report 2023,-23.32352,134.02049,https://bushtel.nt.gov.au/profile/784
25,BLACKWATER,ATURU,Family Outstation,MACDONNELL,LURITJA PINTUBI,CENTRAL LAND COUNCIL,GWOJA,CENTRAL AUSTRALIA,9,Homelands Service Provider Report 2023,-23.26181,131.89688,https://bushtel.nt.gov.au/profile/25
843,BLOODWOOD BORE,No aliases recorded with NTG DIPL,Family Outstation,MACDONNELL,RODINGA,CENTRAL LAND COUNCIL,NAMATJIRA,CENTRAL AUSTRALIA,,Not recorded,-25.76764,134.2883,https://bushtel.nt.gov.au/profile/843
829,BLUE BUSH,BLUEBUSH,Family Outstation,BARKLY,PATTA,CENTRAL LAND COUNCIL,BARKLY,BARKLY,,Not recorded,-19.02411,133.73583,https://bushtel.nt.gov.au/profile/829
698,BOBS YARD,"IUWAKAM,KUTJULUM BURRU",Family Outstation,VICTORIA DALY,TIMBER CREEK,NORTHERN LAND COUNCIL,GWOJA,BIG RIVERS,,Not recorded,-16.00945,130.61125,https://bushtel.nt.gov.au/profile/698
465,BODIA,No aliases recorded with NTG DIPL,Family Outstation,EAST ARNHEM,GUMURR GATTJIRRK,NORTHERN LAND COUNCIL,MULKA,EAST ARNHEM,44,Homelands Service Provider Report 2023,-12.07688,134.89628,https://bushtel.nt.gov.au/profile/465
298,BOLKDJAM,"BORLKDJAM,BULKDJAM",Family Outstation,WEST ARNHEM,MANINGRIDA,NORTHERN LAND COUNCIL,ARAFURA,TOP END,50,Homelands Service Provider Report 2023,-12.41151,134.41998,https://bushtel.nt.gov.au/profile/298
583,BOOMERANG LAGOON,MALANBAPOY,Family Outstation,ROPER GULF,YUGUL MANGI,NORTHERN LAND COUNCIL,ARNHEM,BIG RIVERS,,Not recorded,-14.45061,135.03925,https://bushtel.nt.gov.au/profile/583
481,BOROGOMARRA,"DJAKALAJIRAPURRA,DJAKALAJIRIPURRA,MANGBIRR,MANGBIRRI",Family Outstation,EAST ARNHEM,BIRR RAWARRANG,NORTHERN LAND COUNCIL,MULKA,EAST ARNHEM,,Not recorded,-12.24159,134.97834,https://bushtel.nt.gov.au/profile/481
24904,BRUMBY PLAINS,No aliases recorded with NTG DIPL,Family Outstation,VICTORIA DALY,DAGURAGU,CENTRAL LAND COUNCIL,GWOJA,BIG RIVERS,8,Homelands Service Provider Report 2023,-17.05303,129.01037,https://bushtel.nt.gov.au/profile/24904
585,BUBBLE BUBBLE,"DHAMBERRAL,DJAMBORAL,DUMBARAL ASSOC,DUMBRAL,NEWRY STATION",Family Outstation,VICTORIA DALY,TIMBER CREEK,NORTHERN LAND COUNCIL,GWOJA,BIG RIVERS,10,Homelands Service Provider Report 2023,-15.81036,129.31022,https://bushtel.nt.gov.au/profile/585
700,BUCKET SPRINGS,BINJEN NINGGUWUNG,Family Outstation,VICTORIA DALY,TIMBER CREEK,NORTHERN LAND COUNCIL,GWOJA,BIG RIVERS,,Not recorded,-15.74001,129.16465,https://bushtel.nt.gov.au/profile/700
986,BUDJANGA,No aliases recorded with NTG DIPL,Family Outstation,ROPER GULF,SOUTH WEST GULF,NORTHERN LAND COUNCIL,BARKLY,BIG RIVERS,8,Homelands Service Provider Report 2023,-16.17945,136.76818,https://bushtel.nt.gov.au/profile/986
1027,BUFFALO FARM,No aliases recorded with NTG DIPL,Family Outstation,WEST ARNHEM,KAKADU,NORTHERN LAND COUNCIL,ARAFURA,TOP END,6,Homelands Service Provider Report 2023,-12.81369,132.59382,https://bushtel.nt.gov.au/profile/1027
257,BUJAN,"BUJANA,EAST WYREAN,PUJANA",Family Outstation,ROPER GULF,SOUTH WEST GULF,NORTHERN LAND COUNCIL,BARKLY,BIG RIVERS,4,Homelands Service Provider Report 2023,-16.26901,136.87915,https://bushtel.nt.gov.au/profile/257
466,BUKUDAL,No aliases recorded with NTG DIPL,Family Outstation,EAST ARNHEM,GUMURR MIWATJ,NORTHERN LAND COUNCIL,ARNHEM,EAST ARNHEM,16,Homelands Service Provider Report 2023,-12.96647,136.61353,https://bushtel.nt.gov.au/profile/466
467,BULARRING,"BULARRINY,BULARRINYUR",Family Outstation,EAST ARNHEM,GUMURR MARTHAKAL,NORTHERN LAND COUNCIL,MULKA,EAST ARNHEM,,Not recorded,-12.04636,135.70342,https://bushtel.nt.gov.au/profile/467
300,BULGUL,WADJIGAN,Family Outstation,UN-INCORPORATED (COX-DALY),Not recorded,NORTHERN LAND COUNCIL,DALY,TOP END,21,Homelands Service Provider Report 2023,-13.08387,130.12203,https://bushtel.nt.gov.au/profile/300
302,BULUHKADURU,"BUKUHKADURU,BULAGADARU,BULUNKADURU",Family Outstation,WEST ARNHEM,MANINGRIDA,NORTHERN LAND COUNCIL,ARAFURA,TOP END,32,Homelands Service Provider Report 2023,-12.43247,134.42307,https://bushtel.nt.gov.au/profile/302
468,BUNDATHARRI,BUNDADHARRI,Family Outstation,EAST ARNHEM,BIRR RAWARRANG,NORTHERN LAND COUNCIL,MULKA,EAST ARNHEM,,Not recorded,-12.23568,134.84672,https://bushtel.nt.gov.au/profile/468
949,BUNHANURA,No aliases recorded with NTG DIPL,Family Outstation,EAST ARNHEM,GUMURR MIYARRKA,NORTHERN LAND COUNCIL,ARNHEM,EAST ARNHEM,15,Homelands Service Provider Report 2023,-12.37449,135.72221,https://bushtel.nt.gov.au/profile/949
976,BUNI-INWUNBULUK,ANNESLEY POINT,Family Outstation,WEST ARNHEM,BARRAH,NORTHERN LAND COUNCIL,ARAFURA,TOP END,10,Homelands Service Provider Report 2023,-11.40613,132.82554,https://bushtel.nt.gov.au/profile/976
470,BURRUM,BULAKATOR,Family Outstation,EAST ARNHEM,GUMURR MIYARRKA,NORTHERN LAND COUNCIL,ARNHEM,EAST ARNHEM,13,Homelands Service Provider Report 2023,-12.3094,135.9605,https://bushtel.nt.gov.au/profile/470
686,BURRUMBURRU,DRY CREEK,Family Outstation,BARKLY,KUWARRANGU,NORTHERN LAND COUNCIL,BARKLY,BARKLY,,Not recorded,-17.74229,137.78155,https://bushtel.nt.gov.au/profile/686
713,BURT CREEK,"RICE'S CAMP,YAMBA-MPWERINGE,YAMBAH-MPWERINGE",Family Outstation,MACDONNELL,RODINGA,CENTRAL LAND COUNCIL,NAMATJIRA,CENTRAL AUSTRALIA,37,Homelands Service Provider Report 2023,-23.19652,133.74759,https://bushtel.nt.gov.au/profile/713
944,BURTA WURTA,"BARDU WARDU,BIRDIWATER",Family Outstation,VICTORIA DALY,DAGURAGU,CENTRAL LAND COUNCIL,GWOJA,BIG RIVERS,,Not recorded,-17.53597,130.47592,https://bushtel.nt.gov.au/profile/944
1019,BURUDU,RANKEN,Family Outstation,BARKLY,KUWARRANGU,NORTHERN LAND COUNCIL,BARKLY,BARKLY,4,Homelands Service Provider Report 2023,-19.59874,136.92545,https://bushtel.nt.gov.au/profile/1019
24994,BUSHCAMP,KALYWANPA,Family Outstation,BARKLY,PATTA,CENTRAL LAND COUNCIL,BARKLY,BARKLY,,Not recorded,-19.71711,134.15408,https://bushtel.nt.gov.au/profile/24994
803,BUYMARR,BUYMARRWUY,Family Outstation,EAST ARNHEM,GUMURR MIWATJ,NORTHERN LAND COUNCIL,MULKA,EAST ARNHEM,6,Homelands Service Provider Report 2023,-12.69827,136.63653,https://bushtel.nt.gov.au/profile/803
728,CAMEL CAMP,No aliases recorded with NTG DIPL,Family Outstation,BARKLY,ALYAWARR,CENTRAL LAND COUNCIL,BARKLY,BARKLY,39,Homelands Service Provider Report 2023,-22.27181,134.55242,https://bushtel.nt.gov.au/profile/728
768,CAMELS HUMP,UNGKURRKUGA,Family Outstation,MACDONNELL,LURITJA PINTUBI,CENTRAL LAND COUNCIL,GWOJA,CENTRAL AUSTRALIA,3,Homelands Service Provider Report 2023,-23.75175,131.59435,https://bushtel.nt.gov.au/profile/768
304,CANNON HILL,"EAST ALLIGATOR,MEL",Family Outstation,WEST ARNHEM,KAKADU,NORTHERN LAND COUNCIL,ARAFURA,TOP END,8,Homelands Service Provider Report 2023,-12.35758,132.94593,https://bushtel.nt.gov.au/profile/304
11623,CATTLE CREEK,No aliases recorded with NTG DIPL,Family Outstation,VICTORIA DALY,DAGURAGU,CENTRAL LAND COUNCIL,GWOJA,BIG RIVERS,,Not recorded,-17.59747,131.54521,https://bushtel.nt.gov.au/profile/11623
846,CHARLOTTE WATERS,No aliases recorded with NTG DIPL,Family Outstation,MACDONNELL,RODINGA,CENTRAL LAND COUNCIL,NAMATJIRA,CENTRAL AUSTRALIA,,Not recorded,-25.91424,134.89274,https://bushtel.nt.gov.au/profile/846
757,CHILLA WELL,"JILA,TJILLA",Family Outstation,CENTRAL DESERT,SOUTHERN TANAMI,CENTRAL LAND COUNCIL,GWOJA,CENTRAL AUSTRALIA,,Not recorded,-21.52777,130.97067,https://bushtel.nt.gov.au/profile/757
779,CHULUK,"CHILLUK,CHILUK,DJILUK",Family Outstation,WEST DALY,THAMARRURR/PINDI PINDI,NORTHERN LAND COUNCIL,DALY,TOP END,,Not recorded,-13.665,130.26778,https://bushtel.nt.gov.au/profile/779
1012,CONDER POINT,"CONDOR POINT,YIMPINARI",Family Outstation,TIWI ISLANDS,MILIKAPITI WARD,TIWI LAND COUNCIL,ARAFURA,TOP END,8,Homelands Service Provider Report 2023,-11.65088,131.32757,https://bushtel.nt.gov.au/profile/1012
901,CONNELLS LAGOON,No aliases recorded with NTG DIPL,Family Outstation,BARKLY,KUWARRANGU,NORTHERN LAND COUNCIL,BARKLY,BARKLY,,Not recorded,-18.89143,136.54802,https://bushtel.nt.gov.au/profile/901
220,CORELLA CREEK,No aliases recorded with NTG DIPL,Family Outstation,BARKLY,KUWARRANGU,NORTHERN LAND COUNCIL,BARKLY,BARKLY,30,Homelands Service Provider Report 2023,-18.36685,135.85671,https://bushtel.nt.gov.au/profile/220
1009,CORKWOOD BORE,"AULPERENGE,MORRIS DAM",Family Outstation,MACDONNELL,RODINGA,CENTRAL LAND COUNCIL,NAMATJIRA,CENTRAL AUSTRALIA,36,Homelands Service Provider Report 2023,-23.31225,133.86792,https://bushtel.nt.gov.au/profile/1009
590,COSTELLO,"CASTELLO,JILWILI,KASTELLO",Family Outstation,ROPER GULF,YUGUL MANGI,NORTHERN LAND COUNCIL,ARNHEM,BIG RIVERS,2,Homelands Service Provider Report 2023,-14.56453,134.88289,https://bushtel.nt.gov.au/profile/590
972,COW LAGOON,TALWALLAH,Family Outstation,ROPER GULF,SOUTH WEST GULF,NORTHERN LAND COUNCIL,BARKLY,BIG RIVERS,6,Homelands Service Provider Report 2023,-16.20751,135.94962,https://bushtel.nt.gov.au/profile/972
24901,CRABHOLE,No aliases recorded with NTG DIPL,Family Outstation,ROPER GULF,SOUTH WEST GULF,NORTHERN LAND COUNCIL,BARKLY,BIG RIVERS,2,Homelands Service Provider Report 2023,-16.21525,137.09915,https://bushtel.nt.gov.au/profile/24901
956,DALIWUY BAY,DALYWOI,Family Outstation,EAST ARNHEM,GUMURR MIWATJ,NORTHERN LAND COUNCIL,MULKA,EAST ARNHEM,,Not recorded,-12.34085,136.91835,https://bushtel.nt.gov.au/profile/956
307,DAMDAM,DAM DAM,Family Outstation,WEST ARNHEM,MANINGRIDA,NORTHERN LAND COUNCIL,ARAFURA,TOP END,,Not recorded,-12.16556,134.64529,https://bushtel.nt.gov.au/profile/307
1003,DARRANDARRA,SOUTHPORT,Family Outstation,LITCHFIELD,SOUTH WARD,NORTHERN LAND COUNCIL,DALY,"DARWIN, PALMERSTON, LITCHFIELD",,Not recorded,-12.74098,130.95462,https://bushtel.nt.gov.au/profile/1003
472,DARRANGMURMANJA,MARBLE POINT,Family Outstation,EAST ARNHEM,ANINDILYAKWA,ANINDILYAKWA LAND COUNCIL,ARNHEM,EAST ARNHEM,,Not recorded,-13.72486,136.59277,https://bushtel.nt.gov.au/profile/472
775,DELEYE,DELYE,Family Outstation,WEST DALY,THAMARRURR/PINDI PINDI,NORTHERN LAND COUNCIL,DALY,TOP END,31,Homelands Service Provider Report 2023,-13.76535,129.97667,https://bushtel.nt.gov.au/profile/775
896,DHAMBALA,No aliases recorded with NTG DIPL,Family Outstation,EAST ARNHEM,GUMURR MARTHAKAL,NORTHERN LAND COUNCIL,MULKA,EAST ARNHEM,14,Homelands Service Provider Report 2023,-12.0526,135.5609,https://bushtel.nt.gov.au/profile/896
475,DHAMIYAKA,No aliases recorded with NTG DIPL,Family Outstation,EAST ARNHEM,GUMURR MIYARRKA,NORTHERN LAND COUNCIL,ARNHEM,EAST ARNHEM,2,Homelands Service Provider Report 2023,-12.6564,135.85557,https://bushtel.nt.gov.au/profile/475
955,DHANIYA,PORT BRADSHAW,Family Outstation,EAST ARNHEM,GUMURR MIWATJ,NORTHERN LAND COUNCIL,MULKA,EAST ARNHEM,9,Homelands Service Provider Report 2023,-12.55007,136.73791,https://bushtel.nt.gov.au/profile/955
805,DHARAWA,DHARRWAR,Family Outstation,EAST ARNHEM,GUMURR MARTHAKAL,NORTHERN LAND COUNCIL,MULKA,EAST ARNHEM,,Not recorded,-11.84938,135.84693,https://bushtel.nt.gov.au/profile/805
476,DHARRNI,"DHARRI,WUYINDHANGAYN",Family Outstation,ROPER GULF,NUMBULWAR NUMBURINDI,NORTHERN LAND COUNCIL,ARNHEM,BIG RIVERS,,Not recorded,-13.74983,136.02005,https://bushtel.nt.gov.au/profile/476
806,DHAYIRRI,No aliases recorded with NTG DIPL,Family Outstation,EAST ARNHEM,GUMURR MARTHAKAL,NORTHERN LAND COUNCIL,MULKA,EAST ARNHEM,6,Homelands Service Provider Report 2023,-11.9612,135.6187,https://bushtel.nt.gov.au/profile/806
477,DHIPIRRINJURA,"DHIPIRRINGURA,DIPITJI",Family Outstation,EAST ARNHEM,GUMURR GATTJIRRK,NORTHERN LAND COUNCIL,MULKA,EAST ARNHEM,18,Homelands Service Provider Report 2023,-12.24844,135.09762,https://bushtel.nt.gov.au/profile/477
478,DHOLTJI,No aliases recorded with NTG DIPL,Family Outstation,EAST ARNHEM,GUMURR MARTHAKAL,NORTHERN LAND COUNCIL,MULKA,EAST ARNHEM,,Not recorded,-11.94835,136.46161,https://bushtel.nt.gov.au/profile/478
664,DHUDUPU,No aliases recorded with NTG DIPL,Family Outstation,EAST ARNHEM,GUMURR MARTHAKAL,NORTHERN LAND COUNCIL,MULKA,EAST ARNHEM,4,Homelands Service Provider Report 2023,-12.0033,135.5692,https://bushtel.nt.gov.au/profile/664
954,DHULMULMIYA,SPRING CAMP,Family Outstation,EAST ARNHEM,GUMURR MIWATJ,NORTHERN LAND COUNCIL,MULKA,EAST ARNHEM,,Not recorded,-12.52781,136.72533,https://bushtel.nt.gov.au/profile/954
479,DHUPUWAMIRRI,No aliases recorded with NTG DIPL,Family Outstation,EAST ARNHEM,GUMURR MIYARRKA,NORTHERN LAND COUNCIL,ARNHEM,EAST ARNHEM,6,Homelands Service Provider Report 2023,-12.66796,135.39218,https://bushtel.nt.gov.au/profile/479
554,DHURUPUTJPI,"DHURPUTJPI,DHURUPUJPI,MAYUNDJI,MAYWUNDJI,RURRUNARLA",Family Outstation,EAST ARNHEM,GUMURR MIWATJ,NORTHERN LAND COUNCIL,ARNHEM,EAST ARNHEM,12,Homelands Service Provider Report 2023,-13.05478,136.17661,https://bushtel.nt.gov.au/profile/554
819,DILLINYA,DRY CREEK,Family Outstation,VICTORIA DALY,TIMBER CREEK,NORTHERN LAND COUNCIL,DALY,BIG RIVERS,,Not recorded,-15.85698,132.04505,https://bushtel.nt.gov.au/profile/819
310,DITCHI,"DITHI,DITJI",Family Outstation,WEST DALY,THAMARRURR/PINDI PINDI,NORTHERN LAND COUNCIL,DALY,TOP END,,Not recorded,-14.30373,129.40855,https://bushtel.nt.gov.au/profile/310
482,DJARRAKPI,"CAPE SHIELD,DJARRAPI",Family Outstation,EAST ARNHEM,GUMURR MIWATJ,NORTHERN LAND COUNCIL,ARNHEM,EAST ARNHEM,29,Homelands Service Provider Report 2023,-13.29691,136.35162,https://bushtel.nt.gov.au/profile/482
670,DJARRUNG,DJURRUNG,Family Outstation,VICTORIA DALY,TIMBER CREEK,NORTHERN LAND COUNCIL,DALY,BIG RIVERS,2,Homelands Service Provider Report 2023,-14.81311,131.53759,https://bushtel.nt.gov.au/profile/670
965,DJINKARR,No aliases recorded with NTG DIPL,Family Outstation,WEST ARNHEM,MANINGRIDA,NORTHERN LAND COUNCIL,ARAFURA,TOP END,10,Homelands Service Provider Report 2023,-12.21287,134.29626,https://bushtel.nt.gov.au/profile/965
981,DJIRRBIYAK,WHISTLE DUCK DREAMING,Family Outstation,WEST ARNHEM,KAKADU,NORTHERN LAND COUNCIL,ARAFURA,TOP END,30,Homelands Service Provider Report 2023,-12.72945,132.76363,https://bushtel.nt.gov.au/profile/981
484,DJURRANALPI,DJANALPI,Family Outstation,EAST ARNHEM,GUMURR MARTHAKAL,NORTHERN LAND COUNCIL,MULKA,EAST ARNHEM,1,Homelands Service Provider Report 2023,-11.84684,135.87292,https://bushtel.nt.gov.au/profile/484
46,DONS BORE,"ILBPILLA,ILLIPUNU,ILLIPUNY,MT ALLAN",Family Outstation,CENTRAL DESERT,ANMATJERE,CENTRAL LAND COUNCIL,GWOJA,CENTRAL AUSTRALIA,8,Homelands Service Provider Report 2023,-22.26233,131.92027,https://bushtel.nt.gov.au/profile/46
485,DONYDJI,"DOINDJI,DONIDJI,DOYNDJI",Family Outstation,EAST ARNHEM,GUMURR MIYARRKA,NORTHERN LAND COUNCIL,ARNHEM,EAST ARNHEM,39,Homelands Service Provider Report 2023,-12.89045,135.47028,https://bushtel.nt.gov.au/profile/485
942,DOOJUM,No aliases recorded with NTG DIPL,Family Outstation,VICTORIA DALY,TIMBER CREEK,NORTHERN LAND COUNCIL,GWOJA,BIG RIVERS,,Not recorded,-15.72519,129.15921,https://bushtel.nt.gov.au/profile/942
812,DOOLGARINA,JIBABANA,Family Outstation,ROPER GULF,SOUTH WEST GULF,NORTHERN LAND COUNCIL,BARKLY,BIG RIVERS,,Not recorded,-16.22917,136.76611,https://bushtel.nt.gov.au/profile/812
24897,DOUBLE D,No aliases recorded with NTG DIPL,Family Outstation,BARKLY,ALYAWARR,CENTRAL LAND COUNCIL,BARKLY,BARKLY,1,Homelands Service Provider Report 2023,-21.23177,134.94684,https://bushtel.nt.gov.au/profile/24897
631,DUCK PONDS,"KULINGALIMPAU,MIRRIRINYUNGU,MURRINYU",Family Outstation,CENTRAL DESERT,NORTHERN TANAMI,CENTRAL LAND COUNCIL,GWOJA,CENTRAL AUSTRALIA,,Not recorded,-18.77377,131.27766,https://bushtel.nt.gov.au/profile/631
879,EAGLE VALLEY,No aliases recorded with NTG DIPL,Family Outstation,MACDONNELL,IYARRKA,CENTRAL LAND COUNCIL,GWOJA,CENTRAL AUSTRALIA,,Not recorded,-24.92999,129.09845,https://bushtel.nt.gov.au/profile/879
34,EIGHT MILE,"8 MILE,EROMANTATAKA,EROMBANTAKA,NEW 8 MILE,NEW EIGHT MILE",Family Outstation,MACDONNELL,LJIRAPINTA,CENTRAL LAND COUNCIL,GWOJA,CENTRAL AUSTRALIA,,Not recorded,-23.88699,132.68279,https://bushtel.nt.gov.au/profile/34
920,ELITJIA,ALKIMILYA,Family Outstation,MACDONNELL,RODINGA,CENTRAL LAND COUNCIL,NAMATJIRA,CENTRAL AUSTRALIA,16,Homelands Service Provider Report 2023,-23.77677,133.61583,https://bushtel.nt.gov.au/profile/920
882,EMU POINT,"MULYUNG,NGANAMBALA",Family Outstation,WEST DALY,THAMARRURR/PINDI PINDI,NORTHERN LAND COUNCIL,DALY,TOP END,85,Homelands Service Provider Report 2023,-14.17021,130.32777,https://bushtel.nt.gov.au/profile/882
950,FITZROY STATION,No aliases recorded with NTG DIPL,Family Outstation,VICTORIA DALY,TIMBER CREEK,NORTHERN LAND COUNCIL,DALY,BIG RIVERS,12,Homelands Service Provider Report 2023,-15.56298,130.93431,https://bushtel.nt.gov.au/profile/950
57,FIVE MILE,"5 MILE,INTJARRANGA,RUTJINKA",Family Outstation,MACDONNELL,LJIRAPINTA,CENTRAL LAND COUNCIL,GWOJA,CENTRAL AUSTRALIA,3,Homelands Service Provider Report 2023,-23.91848,132.84834,https://bushtel.nt.gov.au/profile/57
12769,FIVE MILE,"FAPIWATI FAMILY OUTSTATION,FEPPIWETI FAMILY OUTSTATION",Family Outstation,VICTORIA DALY,MILNGIN,NORTHERN LAND COUNCIL,DALY,TOP END,,Not recorded,-13.72684,130.71831,https://bushtel.nt.gov.au/profile/12769
685,FLICKS HOLE,"FLICKS WATERHOLE,WUNOORILL ASSOC",Family Outstation,ROPER GULF,NEVER NEVER,NORTHERN LAND COUNCIL,ARNHEM,BIG RIVERS,,Not recorded,-15.61606,134.09331,https://bushtel.nt.gov.au/profile/685
911,FOSSIL HEAD,No aliases recorded with NTG DIPL,Family Outstation,WEST DALY,THAMARRURR/PINDI PINDI,NORTHERN LAND COUNCIL,DALY,TOP END,34,Homelands Service Provider Report 2023,-14.53778,129.52127,https://bushtel.nt.gov.au/profile/911
909,FOXALLS WELL,"FOXELLS WELL,FOXHALLS WELL",Family Outstation,CENTRAL DESERT,AKITYARRE,CENTRAL LAND COUNCIL,NAMATJIRA,CENTRAL AUSTRALIA,8,Homelands Service Provider Report 2023,-23.07383,134.82355,https://bushtel.nt.gov.au/profile/909
496,GALARU,"EAST WOODY,GALURU",Family Outstation,EAST ARNHEM,GUMURR MIWATJ,NORTHERN LAND COUNCIL,MULKA,EAST ARNHEM,,Not recorded,-12.16601,136.75732,https://bushtel.nt.gov.au/profile/496
807,GALAWARRA,No aliases recorded with NTG DIPL,Family Outstation,EAST ARNHEM,GUMURR MARTHAKAL,NORTHERN LAND COUNCIL,MULKA,EAST ARNHEM,4,Homelands Service Provider Report 2023,-12.0444,135.59373,https://bushtel.nt.gov.au/profile/807
489,GALAWDJAPIN,"GALADJAPIN,GALATJAPAN",Family Outstation,EAST ARNHEM,BIRR RAWARRANG,NORTHERN LAND COUNCIL,MULKA,EAST ARNHEM,12,Homelands Service Provider Report 2023,-12.28695,134.81751,https://bushtel.nt.gov.au/profile/489
495,GALUPA,"KINGS VILLAGE,WARDJUK",Family Outstation,EAST ARNHEM,GUMURR MIWATJ,NORTHERN LAND COUNCIL,MULKA,EAST ARNHEM,,Not recorded,-12.1925,136.6892,https://bushtel.nt.gov.au/profile/495
315,GAMARDI,"GAMEDI,JIMARDE",Family Outstation,WEST ARNHEM,MANINGRIDA,NORTHERN LAND COUNCIL,ARAFURA,TOP END,55,Homelands Service Provider Report 2023,-12.27398,134.68321,https://bushtel.nt.gov.au/profile/315
316,GAMARGAWAN,"GAMARGWAN,GAMARRGAWAN",Family Outstation,WEST ARNHEM,GUNBALANYA,NORTHERN LAND COUNCIL,ARAFURA,TOP END,12,Homelands Service Provider Report 2023,-12.64914,134.07646,https://bushtel.nt.gov.au/profile/316
1024,GANIYARRANG,"GUNIARA,KANNIYARANG,ROSS HILL",Family Outstation,ROPER GULF,YUGUL MANGI,NORTHERN LAND COUNCIL,ARNHEM,BIG RIVERS,,Not recorded,-14.475,135.02131,https://bushtel.nt.gov.au/profile/1024
499,GANPURA,"BAPULU,GANABURRA,GANPURRA",Family Outstation,EAST ARNHEM,GUMURR MARTHAKAL,NORTHERN LAND COUNCIL,MULKA,EAST ARNHEM,5,Homelands Service Provider Report 2023,-11.88523,135.81235,https://bushtel.nt.gov.au/profile/499
963,GARANYDJIRR,No aliases recorded with NTG DIPL,Family Outstation,EAST ARNHEM,BIRR RAWARRANG,NORTHERN LAND COUNCIL,MULKA,EAST ARNHEM,8,Homelands Service Provider Report 2023,-12.28204,135.02095,https://bushtel.nt.gov.au/profile/963
993,GARRINJINNY,GARRINJINI,Family Outstation,ROPER GULF,SOUTH WEST GULF,NORTHERN LAND COUNCIL,BARKLY,BIG RIVERS,8,Homelands Service Provider Report 2023,-16.67496,135.64751,https://bushtel.nt.gov.au/profile/993
504,GARRIYAK,"GARRANDNGJUR,GARRIYAKNGURR,GIARRIYAKGUR",Family Outstation,EAST ARNHEM,GUMURR MARTHAKAL,NORTHERN LAND COUNCIL,MULKA,EAST ARNHEM,,Not recorded,-12.14861,135.56284,https://bushtel.nt.gov.au/profile/504
505,GARRTHALALA,GARRTBALALA,Family Outstation,EAST ARNHEM,GUMURR MIWATJ,NORTHERN LAND COUNCIL,MULKA,EAST ARNHEM,54,Homelands Service Provider Report 2023,-12.76305,136.56918,https://bushtel.nt.gov.au/profile/505
507,GATJI,"GADJI,GARTJI",Family Outstation,EAST ARNHEM,BIRR RAWARRANG,NORTHERN LAND COUNCIL,MULKA,EAST ARNHEM,4,Homelands Service Provider Report 2023,-12.27306,134.82029,https://bushtel.nt.gov.au/profile/507
508,GAWA,No aliases recorded with NTG DIPL,Family Outstation,EAST ARNHEM,GUMURR MARTHAKAL,NORTHERN LAND COUNCIL,MULKA,EAST ARNHEM,19,Homelands Service Provider Report 2023,-11.76032,135.90485,https://bushtel.nt.gov.au/profile/508
509,GIKAL,No aliases recorded with NTG DIPL,Family Outstation,EAST ARNHEM,GUMURR MARTHAKAL,NORTHERN LAND COUNCIL,MULKA,EAST ARNHEM,,Not recorded,-12.05218,136.32037,https://bushtel.nt.gov.au/profile/509
38,GILBERT SPRINGS,LTALALTUMA,Family Outstation,MACDONNELL,LJIRAPINTA,CENTRAL LAND COUNCIL,GWOJA,CENTRAL AUSTRALIA,,Not recorded,-23.97177,132.48073,https://bushtel.nt.gov.au/profile/38
490,GILIRRI,"GALERRA,GELERRI",Family Outstation,EAST ARNHEM,BIRR RAWARRANG,NORTHERN LAND COUNCIL,MULKA,EAST ARNHEM,,Not recorded,-12.33029,134.81695,https://bushtel.nt.gov.au/profile/490
597,GILWI,"11 MILE,TWELVE MILE BORE,TWELVE MILE HOLE",Family Outstation,VICTORIA DALY,TIMBER CREEK,NORTHERN LAND COUNCIL,DALY,BIG RIVERS,86,Homelands Service Provider Report 2023,-15.78711,130.53275,https://bushtel.nt.gov.au/profile/597
945,GIMBAT,No aliases recorded with NTG DIPL,Family Outstation,ROPER GULF,NYIRRANGGULUNG,NORTHERN LAND COUNCIL,ARNHEM,BIG RIVERS,,Not recorded,-13.57854,132.60772,https://bushtel.nt.gov.au/profile/945
510,GITAN,GITJAN,Family Outstation,EAST ARNHEM,GUMURR MARTHAKAL,NORTHERN LAND COUNCIL,MULKA,EAST ARNHEM,,Not recorded,-11.91169,135.78183,https://bushtel.nt.gov.au/profile/510
669,GONGURUWUY,"GOYNGURUMUY,GUNGURUWUY,INGLIS ISLAND,WATAYNGA",Family Outstation,EAST ARNHEM,GUMURR MARTHAKAL,NORTHERN LAND COUNCIL,MULKA,EAST ARNHEM,,Not recorded,-12.06638,136.15085,https://bushtel.nt.gov.au/profile/669
723,GOOLMINYINI,DEVIL SPRING,Family Outstation,ROPER GULF,SOUTH WEST GULF,NORTHERN LAND COUNCIL,BARKLY,BIG RIVERS,29,Homelands Service Provider Report 2023,-16.15829,136.09751,https://bushtel.nt.gov.au/profile/723
596,GORPULYUL,"DALANGARR,GALPULYU,GALPYUL,GULPULIYUL,GULPULYAL",Family Outstation,ROPER GULF,NYIRRANGGULUNG,NORTHERN LAND COUNCIL,ARNHEM,BIG RIVERS,,Not recorded,-13.34621,134.14587,https://bushtel.nt.gov.au/profile/596
321,GORRONG-GORRONG,"GORONG GORONG,GORRON GORRONG",Family Outstation,WEST ARNHEM,MANINGRIDA,NORTHERN LAND COUNCIL,ARAFURA,TOP END,6,Homelands Service Provider Report 2023,-12.12294,134.49532,https://bushtel.nt.gov.au/profile/321
44,GREEN VALLEY,"ILILLI,KUMANJAYE",Family Outstation,MACDONNELL,LURITJA PINTUBI,CENTRAL LAND COUNCIL,GWOJA,CENTRAL AUSTRALIA,2,Homelands Service Provider Report 2023,-23.15051,131.73817,https://bushtel.nt.gov.au/profile/44
740,GUDJEKBIN,"GUBJEKBINJ,GUDJERBINJ,KUJAKBI",Family Outstation,WEST ARNHEM,GUNBALANYA,NORTHERN LAND COUNCIL,ARAFURA,TOP END,,Not recorded,-12.25097,133.80109,https://bushtel.nt.gov.au/profile/740
741,GUL GUL,"DANGER POINT,GULGUL",Family Outstation,,Not recorded,Not recorded,ARAFURA,Not recorded,,Not recorded,-11.13042,132.33842,https://bushtel.nt.gov.au/profile/741
24905,GULARDI,No aliases recorded with NTG DIPL,Family Outstation,VICTORIA DALY,TIMBER CREEK,NORTHERN LAND COUNCIL,DALY,BIG RIVERS,14,Homelands Service Provider Report 2023,-15.71326,130.48399,https://bushtel.nt.gov.au/profile/24905
512,GULMARRI,"GALMARRI,GULAMARRI,GULMARI,GULUMARRI",Family Outstation,EAST ARNHEM,GUMURR MARTHAKAL,NORTHERN LAND COUNCIL,MULKA,EAST ARNHEM,5,Homelands Service Provider Report 2023,-11.91701,135.82229,https://bushtel.nt.gov.au/profile/512
867,GULNGARRING,No aliases recorded with NTG DIPL,Family Outstation,COOMALIE,COOMALIE RURAL WARD,NORTHERN LAND COUNCIL,DALY,TOP END,,Not recorded,-13.13876,131.09811,https://bushtel.nt.gov.au/profile/867
204,GULUNGURU,"ALROY DOWNS,GULUNURRU,GULUNURU",Family Outstation,BARKLY,KUWARRANGU,NORTHERN LAND COUNCIL,BARKLY,BARKLY,,Not recorded,-19.35439,136.03855,https://bushtel.nt.gov.au/profile/204
328,GUMARRIRNBANG,"GUMARINBARN,GUMARRINBANG,KUMARRINBAN",Family Outstation,WEST ARNHEM,GUNBALANYA,NORTHERN LAND COUNCIL,ARAFURA,TOP END,31,Homelands Service Provider Report 2023,-12.32945,133.99695,https://bushtel.nt.gov.au/profile/328
308,GUMERAGI,"GAMURIGGI,GUMARAGI,REEF POINT",Family Outstation,WEST ARNHEM,BARRAH,NORTHERN LAND COUNCIL,ARAFURA,TOP END,7,Homelands Service Provider Report 2023,-11.1688,132.1647,https://bushtel.nt.gov.au/profile/308
691,GUMULUJI,WALLIS CREEK,Family Outstation,BARKLY,KUWARRANGU,NORTHERN LAND COUNCIL,BARKLY,BARKLY,,Not recorded,-17.93534,137.48038,https://bushtel.nt.gov.au/profile/691
497,GUMURUGURU,"GAMARRAGURRA,GAMARRU GUYURRU,GAMURRU GUYURRA,GARMALATJIRRINA",Family Outstation,EAST ARNHEM,GUMURR GATTJIRRK,NORTHERN LAND COUNCIL,ARAFURA,EAST ARNHEM,,Not recorded,-12.06001,134.76306,https://bushtel.nt.gov.au/profile/497
330,GUPANGA,KOPUNGA,Family Outstation,WEST ARNHEM,MANINGRIDA,NORTHERN LAND COUNCIL,ARAFURA,TOP END,,Not recorded,-12.0752,134.5843,https://bushtel.nt.gov.au/profile/330
516,GURKAWUY,"GURKHAWUY,GURRKUWUY NO.2,TRIAL BAY",Family Outstation,EAST ARNHEM,GUMURR MIWATJ,NORTHERN LAND COUNCIL,ARNHEM,EAST ARNHEM,9,Homelands Service Provider Report 2023,-12.97616,136.50362,https://bushtel.nt.gov.au/profile/516
331,GURRGURR,"GURRHGURR,TABLE HILL",Family Outstation,WEST ARNHEM,GUNBALANYA,NORTHERN LAND COUNCIL,ARAFURA,TOP END,,Not recorded,-12.20644,134.00904,https://bushtel.nt.gov.au/profile/331
804,GUTJANGAN,BREMER ISLAND NORTH,Family Outstation,EAST ARNHEM,GUMURR MIWATJ,NORTHERN LAND COUNCIL,MULKA,EAST ARNHEM,37,Homelands Service Provider Report 2023,-12.0839,136.80857,https://bushtel.nt.gov.au/profile/804
845,HALFWAY CAMP,No aliases recorded with NTG DIPL,Family Outstation,MACDONNELL,RODINGA,CENTRAL LAND COUNCIL,NAMATJIRA,CENTRAL AUSTRALIA,,Not recorded,-25.69492,134.36263,https://bushtel.nt.gov.au/profile/845
903,HATCHES CREEK,No aliases recorded with NTG DIPL,Family Outstation,BARKLY,ALYAWARR,CENTRAL LAND COUNCIL,BARKLY,BARKLY,1,Homelands Service Provider Report 2023,-20.84606,135.21349,https://bushtel.nt.gov.au/profile/903
1028,HAWK DREAMING,AWARCANARJU,Family Outstation,WEST ARNHEM,KAKADU,NORTHERN LAND COUNCIL,ARAFURA,TOP END,4,Homelands Service Provider Report 2023,-12.37053,132.93914,https://bushtel.nt.gov.au/profile/1028
973,HINGSTONS PLACE,CROW DOWNS,Family Outstation,BARKLY,PATTA,CENTRAL LAND COUNCIL,BARKLY,BARKLY,6,Homelands Service Provider Report 2023,-19.61773,134.19703,https://bushtel.nt.gov.au/profile/973
13339033,HONEYMOON BORE,No aliases recorded with NTG DIPL,Family Outstation,BARKLY,ALYAWARR,CENTRAL LAND COUNCIL,BARKLY,BARKLY,2,Homelands Service Provider Report 2023,-21.66791,135.24665,https://bushtel.nt.gov.au/profile/13339033
334,HUMPTY DOO,"KOOLPINYAH,LIMILNGAN,WARIUK ASSOC.",Family Outstation,LITCHFIELD,CENTRAL WARD,NORTHERN LAND COUNCIL,GOYDER,"DARWIN, PALMERSTON, LITCHFIELD",4,Homelands Service Provider Report 2023,-12.63105,131.26078,https://bushtel.nt.gov.au/profile/334
800,HUNTERS CAMP,KURRAJONG FLATS,Family Outstation,WEST ARNHEM,KAKADU,NORTHERN LAND COUNCIL,ARAFURA,TOP END,8,Homelands Service Provider Report 2023,-12.65001,132.8291,https://bushtel.nt.gov.au/profile/800
813,IJARRA,"CROCODILE CREEK,IJARRI",Family Outstation,ROPER GULF,SOUTH WEST GULF,NORTHERN LAND COUNCIL,BARKLY,BIG RIVERS,,Not recorded,-16.2152,136.00501,https://bushtel.nt.gov.au/profile/813
1005,ILEPARRATYE,"ILLAPAREYE,WOODS CAMP",Family Outstation,CENTRAL DESERT,ANMATJERE,CENTRAL LAND COUNCIL,BARKLY,CENTRAL AUSTRALIA,9,Homelands Service Provider Report 2023,-22.02145,133.42931,https://bushtel.nt.gov.au/profile/1005
24990,ILJITJARRI,KURRKU,Family Outstation,MACDONNELL,LJIRAPINTA,CENTRAL LAND COUNCIL,GWOJA,CENTRAL AUSTRALIA,5,Homelands Service Provider Report 2023,-24.53401,132.49215,https://bushtel.nt.gov.au/profile/24990
45,ILKARRALALAMA,ILKARILALAMA,Family Outstation,MACDONNELL,LJIRAPINTA,CENTRAL LAND COUNCIL,GWOJA,CENTRAL AUSTRALIA,2,Homelands Service Provider Report 2023,-23.96461,132.46504,https://bushtel.nt.gov.au/profile/45
737,ILLEUWURRU,ILLURAHARRA,Family Outstation,BARKLY,ALYAWARR,CENTRAL LAND COUNCIL,BARKLY,BARKLY,,Not recorded,-21.60913,134.39411,https://bushtel.nt.gov.au/profile/737
709,ILPERLE,"DEAD HORSE SOAK,ILPARLE,JINKA",Family Outstation,CENTRAL DESERT,AKITYARRE,CENTRAL LAND COUNCIL,NAMATJIRA,CENTRAL AUSTRALIA,3,Homelands Service Provider Report 2023,-22.92737,135.71575,https://bushtel.nt.gov.au/profile/709
49,ILPILI,"ILBPILLA,ILLPILLA,ILLPILLI,ILPILLY",Family Outstation,MACDONNELL,LURITJA PINTUBI,CENTRAL LAND COUNCIL,GWOJA,CENTRAL AUSTRALIA,,Not recorded,-23.32393,130.36045,https://bushtel.nt.gov.au/profile/49
1018,ILPURLA,No aliases recorded with NTG DIPL,Family Outstation,MACDONNELL,LJIRAPINTA,CENTRAL LAND COUNCIL,GWOJA,CENTRAL AUSTRALIA,6,Homelands Service Provider Report 2023,-24.31521,132.71446,https://bushtel.nt.gov.au/profile/1018
904,ILUWURRU,ALEXANDRIA,Family Outstation,BARKLY,KUWARRANGU,NORTHERN LAND COUNCIL,BARKLY,BARKLY,,Not recorded,-19.03222,136.65003,https://bushtel.nt.gov.au/profile/904
20926,IMPADNA,No aliases recorded with NTG DIPL,Family Outstation,MACDONNELL,IYARRKA,CENTRAL LAND COUNCIL,NAMATJIRA,CENTRAL AUSTRALIA,,Not recorded,-25.15452,133.56947,https://bushtel.nt.gov.au/profile/20926
961,IMPERRENTH,ELKEDRA,Family Outstation,BARKLY,ALYAWARR,CENTRAL LAND COUNCIL,BARKLY,BARKLY,,Not recorded,-21.21086,134.96858,https://bushtel.nt.gov.au/profile/961
52,IMPORTNA,"IMPOTNA,NAMATJIRA'S CAMP,NAMATYIRAS COTTAGE",Family Outstation,MACDONNELL,LJIRAPINTA,CENTRAL LAND COUNCIL,GWOJA,CENTRAL AUSTRALIA,4,Homelands Service Provider Report 2023,-23.94048,132.74341,https://bushtel.nt.gov.au/profile/52
932,INBINA ATWATYE,TYWENPE (B),Family Outstation,MACDONNELL,RODINGA,CENTRAL LAND COUNCIL,NAMATJIRA,CENTRAL AUSTRALIA,11,Homelands Service Provider Report 2023,-23.74118,133.71324,https://bushtel.nt.gov.au/profile/932
15,INDARINGINYA,"ANDARININYA,ANTARRENGE,ANTARRENGENY,ANTARRINGINYA",Family Outstation,BARKLY,ALYAWARR,CENTRAL LAND COUNCIL,BARKLY,BARKLY,41,Homelands Service Provider Report 2023,-21.67707,134.71992,https://bushtel.nt.gov.au/profile/15
54,ININTI,"RED BANK BORE,REDBANK",Family Outstation,MACDONNELL,LURITJA PINTUBI,CENTRAL LAND COUNCIL,GWOJA,CENTRAL AUSTRALIA,,Not recorded,-23.16827,129.15249,https://bushtel.nt.gov.au/profile/54
336,INJILATPARRI,"INJALAPARRA,INJALATPARRI,SOUTH GOULBURN",Family Outstation,WEST ARNHEM,BARRAH,NORTHERN LAND COUNCIL,ARAFURA,TOP END,,Not recorded,-11.61113,133.41363,https://bushtel.nt.gov.au/profile/336
55,INJIRRAMURRI,"YINJIRMARDI,YINTJIRRIMARDI",Family Outstation,CENTRAL DESERT,SOUTHERN TANAMI,CENTRAL LAND COUNCIL,GWOJA,CENTRAL AUSTRALIA,,Not recorded,-22.46523,131.12911,https://bushtel.nt.gov.au/profile/55
8,INJULKAMA,AMBURLA,Family Outstation,MACDONNELL,RODINGA,CENTRAL LAND COUNCIL,NAMATJIRA,CENTRAL AUSTRALIA,,Not recorded,-23.07626,133.10673,https://bushtel.nt.gov.au/profile/8
726,INKAWENYERRE,"ANGAWANGERE,MORTONS,ROCKET RANGE",Family Outstation,BARKLY,ALYAWARR,CENTRAL LAND COUNCIL,BARKLY,BARKLY,43,Homelands Service Provider Report 2023,-21.82016,134.84707,https://bushtel.nt.gov.au/profile/726
82,INKWELAYE,"INGKWELAYE,KURRAJONG BORE,NGKULAYA",Family Outstation,BARKLY,ALYAWARR,CENTRAL LAND COUNCIL,BARKLY,BARKLY,31,Homelands Service Provider Report 2023,-22.07951,134.83153,https://bushtel.nt.gov.au/profile/82
56,INTJARTNAMA,"COOK'S OUTSTATION,INTJARRTNAMA",Family Outstation,MACDONNELL,LJIRAPINTA,CENTRAL LAND COUNCIL,GWOJA,CENTRAL AUSTRALIA,16,Homelands Service Provider Report 2023,-24.06292,132.92056,https://bushtel.nt.gov.au/profile/56
59,INYILINGI,"ANILTJIY,INYALINGA,INYILINGIE,INYILINGKI",Family Outstation,MACDONNELL,LURITJA PINTUBI,CENTRAL LAND COUNCIL,GWOJA,CENTRAL AUSTRALIA,,Not recorded,-23.24973,131.42488,https://bushtel.nt.gov.au/profile/59
771,IPALALA,No aliases recorded with NTG DIPL,Family Outstation,MACDONNELL,LJIRAPINTA,CENTRAL LAND COUNCIL,GWOJA,CENTRAL AUSTRALIA,3,Homelands Service Provider Report 2023,-23.92556,132.67808,https://bushtel.nt.gov.au/profile/771
60,IPOLERA,No aliases recorded with NTG DIPL,Family Outstation,MACDONNELL,LJIRAPINTA,CENTRAL LAND COUNCIL,GWOJA,CENTRAL AUSTRALIA,,Not recorded,-23.98862,132.37407,https://bushtel.nt.gov.au/profile/60
978,IRGUL POINT,URGUL,Family Outstation,WEST ARNHEM,BARRAH,NORTHERN LAND COUNCIL,ARAFURA,TOP END,14,Homelands Service Provider Report 2023,-11.34201,132.52876,https://bushtel.nt.gov.au/profile/978
826,IRON STONE,"IRONSTONE,WAGAIT,WHITE EAGLE",Family Outstation,UN-INCORPORATED (COX-DALY),Not recorded,NORTHERN LAND COUNCIL,DALY,TOP END,,Not recorded,-12.89499,130.43571,https://bushtel.nt.gov.au/profile/826
703,IRRERLIRRE,"MACDONALD DOWNS,MOUNT SWAN,NO 5",Family Outstation,CENTRAL DESERT,AKITYARRE,CENTRAL LAND COUNCIL,NAMATJIRA,CENTRAL AUSTRALIA,40,Homelands Service Provider Report 2023,-22.8462,135.1345,https://bushtel.nt.gov.au/profile/703
921,IRRILTYERE (A),No aliases recorded with NTG DIPL,Family Outstation,MACDONNELL,RODINGA,CENTRAL LAND COUNCIL,NAMATJIRA,CENTRAL AUSTRALIA,9,Homelands Service Provider Report 2023,-23.75129,133.69467,https://bushtel.nt.gov.au/profile/921
922,IRRILTYERE (B),No aliases recorded with NTG DIPL,Family Outstation,MACDONNELL,RODINGA,CENTRAL LAND COUNCIL,NAMATJIRA,CENTRAL AUSTRALIA,10,Homelands Service Provider Report 2023,-23.76105,133.68564,https://bushtel.nt.gov.au/profile/922
853,IRRMARNE,"ERMARNE,OORRATIPPA",Family Outstation,BARKLY,ALPURRURULAM,CENTRAL LAND COUNCIL,BARKLY,BARKLY,,Not recorded,-21.65405,136.39475,https://bushtel.nt.gov.au/profile/853
24989,IRROWA,No aliases recorded with NTG DIPL,Family Outstation,MACDONNELL,IYARRKA,CENTRAL LAND COUNCIL,GWOJA,CENTRAL AUSTRALIA,9,Homelands Service Provider Report 2023,-24.62515,132.33103,https://bushtel.nt.gov.au/profile/24989
935,ITCHY KOO PARK,TYWENPE (E),Family Outstation,MACDONNELL,RODINGA,CENTRAL LAND COUNCIL,NAMATJIRA,CENTRAL AUSTRALIA,52,Homelands Service Provider Report 2023,-23.76667,133.65816,https://bushtel.nt.gov.au/profile/935
923,ITEYEPINTYE,No aliases recorded with NTG DIPL,Family Outstation,MACDONNELL,RODINGA,CENTRAL LAND COUNCIL,NAMATJIRA,CENTRAL AUSTRALIA,25,Homelands Service Provider Report 2023,-23.76466,133.59994,https://bushtel.nt.gov.au/profile/923
924,ITPERLYENGE,No aliases recorded with NTG DIPL,Family Outstation,MACDONNELL,RODINGA,CENTRAL LAND COUNCIL,NAMATJIRA,CENTRAL AUSTRALIA,23,Homelands Service Provider Report 2023,-23.76361,133.61103,https://bushtel.nt.gov.au/profile/924
727,IYLENTYE,"IYIYINTJA,MOSQUITO BORE,PMARA LLINTJA",Family Outstation,BARKLY,ALYAWARR,CENTRAL LAND COUNCIL,BARKLY,BARKLY,33,Homelands Service Provider Report 2023,-21.98676,134.72667,https://bushtel.nt.gov.au/profile/727
704,JANGIRULU,"JANGIRURLU,JANGULURI JANGIRURLY,POWELL CREEK",Family Outstation,BARKLY,KUWARRANGU,NORTHERN LAND COUNCIL,BARKLY,BARKLY,,Not recorded,-18.12561,133.61111,https://bushtel.nt.gov.au/profile/704
234,JARRA JARRA,No aliases recorded with NTG DIPL,Family Outstation,BARKLY,ALYAWARR,CENTRAL LAND COUNCIL,BARKLY,BARKLY,,Not recorded,-20.84765,133.22064,https://bushtel.nt.gov.au/profile/234
966,JARRAMAGORNDARRA,JARRAMONGORNDARRA,Family Outstation,WEST ARNHEM,MANINGRIDA,NORTHERN LAND COUNCIL,ARAFURA,TOP END,,Not recorded,-12.29072,134.65311,https://bushtel.nt.gov.au/profile/966
824,JEMELKE,BARROW CREEK,Family Outstation,BARKLY,ALYAWARR,CENTRAL LAND COUNCIL,BARKLY,BARKLY,10,Homelands Service Provider Report 2023,-21.53389,133.87473,https://bushtel.nt.gov.au/profile/824
338,JI-BALBAL,"BAMBOO CREEK,JIBALBAL",Family Outstation,WEST ARNHEM,MANINGRIDA,NORTHERN LAND COUNCIL,ARAFURA,TOP END,12,Homelands Service Provider Report 2023,-12.29755,134.61989,https://bushtel.nt.gov.au/profile/338
311,JI-BENA,DJEBENNA,Family Outstation,WEST ARNHEM,MANINGRIDA,NORTHERN LAND COUNCIL,ARAFURA,TOP END,29,Homelands Service Provider Report 2023,-12.14418,134.5264,https://bushtel.nt.gov.au/profile/311
793,JI-MALAWA,"DJIMALAWA,JI-MALOWA,JIMALAWA",Family Outstation,WEST ARNHEM,MANINGRIDA,NORTHERN LAND COUNCIL,ARAFURA,TOP END,50,Homelands Service Provider Report 2023,-12.12168,134.67334,https://bushtel.nt.gov.au/profile/793
340,JI-MARDA,"DJIMARDA,JIMARDA",Family Outstation,WEST ARNHEM,MANINGRIDA,NORTHERN LAND COUNCIL,ARAFURA,TOP END,55,Homelands Service Provider Report 2023,-12.05613,134.61501,https://bushtel.nt.gov.au/profile/340
261,JILUNDARINA,"JURLINDARRI,SEIGAL CREEK,SIEGAL CREEK,SIEGEL CREEK",Family Outstation,BARKLY,KUWARRANGU,NORTHERN LAND COUNCIL,BARKLY,BARKLY,,Not recorded,-17.60557,137.57665,https://bushtel.nt.gov.au/profile/261
989,JIMILAYA,BLACK CRAGGY ISLAND,Family Outstation,ROPER GULF,SOUTH WEST GULF,NORTHERN LAND COUNCIL,BARKLY,BIG RIVERS,,Not recorded,-15.6082,136.67192,https://bushtel.nt.gov.au/profile/989
235,JINGALOO,BEETALOO,Family Outstation,BARKLY,KUWARRANGU,NORTHERN LAND COUNCIL,BARKLY,BARKLY,,Not recorded,-17.11311,133.61433,https://bushtel.nt.gov.au/profile/235
646,JIWARANPA,"JIWAN,JWARNPA,KAMARA,KAMIRA,TALBOT WELL",Family Outstation,CENTRAL DESERT,NORTHERN TANAMI,CENTRAL LAND COUNCIL,GWOJA,CENTRAL AUSTRALIA,,Not recorded,-19.55541,129.92674,https://bushtel.nt.gov.au/profile/646
598,JODETLUK,"GORGE CAMP,KATHERINE TOWN CAMP,MAUDE CREEK CAMP",Family Outstation,ROPER GULF,NYIRRANGGULUNG,NORTHERN LAND COUNCIL,KATHERINE,BIG RIVERS,21,Homelands Service Provider Report 2023,-14.36,132.43333,https://bushtel.nt.gov.au/profile/598
710,JOMET (URPALARWN),"BIRDUM,GORRIE,JOMET,NO 1 BORE,URPALARWN,WUBALAWAN",Family Outstation,ROPER GULF,NEVER NEVER,NORTHERN LAND COUNCIL,ARNHEM,BIG RIVERS,,Not recorded,-15.42069,133.11146,https://bushtel.nt.gov.au/profile/710
602,JOWAR,"JOYAR,JUYAR,ROPER BAR",Family Outstation,ROPER GULF,YUGUL MANGI,NORTHERN LAND COUNCIL,ARNHEM,BIG RIVERS,,Not recorded,-14.72747,134.42881,https://bushtel.nt.gov.au/profile/602
695,JUNGARRAYI WARRNU,"JUNGARRAYIWARNU,NEW HAVEN YARIBILANGU,YARIPILANGU",Family Outstation,CENTRAL DESERT,SOUTHERN TANAMI,CENTRAL LAND COUNCIL,GWOJA,CENTRAL AUSTRALIA,,Not recorded,-22.68594,131.43088,https://bushtel.nt.gov.au/profile/695
734,JUNKAJI,"GREENWOOD,JUNGKAGU,JUNGKAJI",Family Outstation,BARKLY,PATTA,CENTRAL LAND COUNCIL,BARKLY,BARKLY,,Not recorded,-20.44656,134.14149,https://bushtel.nt.gov.au/profile/734
794,KABALYARRA,No aliases recorded with NTG DIPL,Family Outstation,WEST ARNHEM,MANINGRIDA,NORTHERN LAND COUNCIL,ARAFURA,TOP END,15,Homelands Service Provider Report 2023,-12.06946,134.21279,https://bushtel.nt.gov.au/profile/794
1007,KABULWARNAMYO,NORHNI,Family Outstation,WEST ARNHEM,GUNBALANYA,NORTHERN LAND COUNCIL,ARAFURA,TOP END,4,Homelands Service Provider Report 2023,-12.76486,133.84472,https://bushtel.nt.gov.au/profile/1007
326,KAKODBABULDI,"GUGODBABULDI,KUKOTBUBULDI",Family Outstation,WEST ARNHEM,MANINGRIDA,NORTHERN LAND COUNCIL,ARAFURA,TOP END,20,Homelands Service Provider Report 2023,-12.40779,134.15779,https://bushtel.nt.gov.au/profile/326
736,KALINJARRI,"GORRIE BORE,GORRY'S BORE,KALINJARRA,KALINYMARRA",Family Outstation,BARKLY,PATTA,CENTRAL LAND COUNCIL,BARKLY,BARKLY,,Not recorded,-20.39752,134.36571,https://bushtel.nt.gov.au/profile/736
947,KALPITAPTA,KALPITAPITA,Family Outstation,BARKLY,ALYAWARR,CENTRAL LAND COUNCIL,BARKLY,BARKLY,,Not recorded,-20.89936,135.35397,https://bushtel.nt.gov.au/profile/947
941,KALUMBULANI,"CAMFIELD,KULUMANBULANI",Family Outstation,VICTORIA DALY,WALANGERI,NORTHERN LAND COUNCIL,GWOJA,BIG RIVERS,,Not recorded,-16.8772,131.21949,https://bushtel.nt.gov.au/profile/941
236,KALUMPURLPA,"AKULUMPULPA,BLUE BUSH BORE,KALAMPURLPA,KALUMPARLPA,KALUMPULPA,KULUMPURLPA",Family Outstation,BARKLY,PATTA,CENTRAL LAND COUNCIL,BARKLY,BARKLY,,Not recorded,-19.00387,133.91809,https://bushtel.nt.gov.au/profile/236
237,KANGAROO ISLAND,"LOOGANWARRA,YAMEERI",Family Outstation,ROPER GULF,SOUTH WEST GULF,NORTHERN LAND COUNCIL,BARKLY,BIG RIVERS,10,Homelands Service Provider Report 2023,-15.88848,136.53951,https://bushtel.nt.gov.au/profile/237
980,KAPALGA,NARAMU,Family Outstation,WEST ARNHEM,KAKADU,NORTHERN LAND COUNCIL,ARAFURA,TOP END,10,Homelands Service Provider Report 2023,-12.69876,132.37113,https://bushtel.nt.gov.au/profile/980
67,KAPORILYA,"KAPORILJA,KAPORILYA SPRINGS,KAPRILYA",Family Outstation,MACDONNELL,LJIRAPINTA,CENTRAL LAND COUNCIL,GWOJA,CENTRAL AUSTRALIA,9,Homelands Service Provider Report 2023,-23.93974,132.72029,https://bushtel.nt.gov.au/profile/67
116,KARRINYARRA,"CENTRAL MOUNT WEDGE,KARRIYARRA,MOUNT WEDGE,MOUNT WEDGE STATION",Family Outstation,CENTRAL DESERT,SOUTHERN TANAMI,CENTRAL LAND COUNCIL,GWOJA,CENTRAL AUSTRALIA,,Not recorded,-22.66329,131.87876,https://bushtel.nt.gov.au/profile/116
870,KATJUTARI,No aliases recorded with NTG DIPL,Family Outstation,MACDONNELL,LJIRAPINTA,CENTRAL LAND COUNCIL,GWOJA,CENTRAL AUSTRALIA,4,Homelands Service Provider Report 2023,-23.74085,132.00474,https://bushtel.nt.gov.au/profile/870
883,KELERRK,No aliases recorded with NTG DIPL,Family Outstation,WEST DALY,THAMARRURR/PINDI PINDI,NORTHERN LAND COUNCIL,DALY,TOP END,,Not recorded,-13.95783,130.32647,https://bushtel.nt.gov.au/profile/883
1017,KEWULYI,ROPER VALLEY HOMESTEAD,Family Outstation,ROPER GULF,NEVER NEVER,NORTHERN LAND COUNCIL,ARNHEM,BIG RIVERS,16,Homelands Service Provider Report 2023,-14.92699,134.00927,https://bushtel.nt.gov.au/profile/1017
722,KIANA,No aliases recorded with NTG DIPL,Family Outstation,ROPER GULF,SOUTH WEST GULF,NORTHERN LAND COUNCIL,BARKLY,BIG RIVERS,15,Homelands Service Provider Report 2023,-17.24236,136.18411,https://bushtel.nt.gov.au/profile/722
345,KOLORBIDAHDAH,KORLOBIRRAHDA,Family Outstation,WEST ARNHEM,MANINGRIDA,NORTHERN LAND COUNCIL,ARAFURA,TOP END,14,Homelands Service Provider Report 2023,-12.61309,134.32539,https://bushtel.nt.gov.au/profile/345
912,KUBUYIRR,No aliases recorded with NTG DIPL,Family Outstation,WEST DALY,THAMARRURR/PINDI PINDI,NORTHERN LAND COUNCIL,DALY,TOP END,,Not recorded,-14.12168,129.78499,https://bushtel.nt.gov.au/profile/912
936,KUDANTIGA,KURANTIKA,Family Outstation,WEST DALY,THAMARRURR/PINDI PINDI,NORTHERN LAND COUNCIL,DALY,TOP END,9,Homelands Service Provider Report 2023,-14.42918,129.42918,https://bushtel.nt.gov.au/profile/936
747,KULANG,KULAIL,Family Outstation,MACDONNELL,IYARRKA,CENTRAL LAND COUNCIL,GWOJA,CENTRAL AUSTRALIA,,Not recorded,-24.71557,129.00638,https://bushtel.nt.gov.au/profile/747
76,KULPITHARRA,"KULPITARA,KULPITARRA",Family Outstation,MACDONNELL,LJIRAPINTA,CENTRAL LAND COUNCIL,GWOJA,CENTRAL AUSTRALIA,2,Homelands Service Provider Report 2023,-23.73974,132.00279,https://bushtel.nt.gov.au/profile/76
351,KULTCHILL,"KULTHIL,KUTCHILL",Family Outstation,WEST DALY,THAMARRURR/PINDI PINDI,NORTHERN LAND COUNCIL,DALY,TOP END,,Not recorded,-14.42586,129.57391,https://bushtel.nt.gov.au/profile/351
1000,KUMUNU,KUNUMU,Family Outstation,BARKLY,PATTA,CENTRAL LAND COUNCIL,BARKLY,BARKLY,,Not recorded,-18.76418,133.63946,https://bushtel.nt.gov.au/profile/1000
967,KUMURRULU,KUMURULU,Family Outstation,WEST ARNHEM,GUNBALANYA,NORTHERN LAND COUNCIL,ARAFURA,TOP END,15,Homelands Service Provider Report 2023,-12.27171,134.07048,https://bushtel.nt.gov.au/profile/967
77,KUNAPULA,No aliases recorded with NTG DIPL,Family Outstation,MACDONNELL,IYARRKA,CENTRAL LAND COUNCIL,GWOJA,CENTRAL AUSTRALIA,,Not recorded,-25.15697,129.23411,https://bushtel.nt.gov.au/profile/77
239,KUNAYUNGKU,"KUNYINGU,PARARINGI,PAWARINJI,PUWARIN",Family Outstation,BARKLY,ALYAWARR,CENTRAL LAND COUNCIL,BARKLY,BARKLY,,Not recorded,-19.74209,133.72464,https://bushtel.nt.gov.au/profile/239
391,KUNGARREWARL,"CLANCY'S CAMP,DJAYHGURRNGA,NAMARRING KARRAJI,NAMARRINGKARRAYI,OENPELLI CAMP",Family Outstation,WEST ARNHEM,GUNBALANYA,NORTHERN LAND COUNCIL,ARAFURA,TOP END,4,Homelands Service Provider Report 2023,-12.34346,133.05617,https://bushtel.nt.gov.au/profile/391
78,KUNGKAYUNTI,"BROWNS BORE,KUNGKIYUNTI",Family Outstation,MACDONNELL,LURITJA PINTUBI,CENTRAL LAND COUNCIL,GWOJA,CENTRAL AUSTRALIA,,Not recorded,-23.62647,131.24371,https://bushtel.nt.gov.au/profile/78
14262,KURINELLI,No aliases recorded with NTG DIPL,Family Outstation,BARKLY,ALYAWARR,CENTRAL LAND COUNCIL,BARKLY,BARKLY,,Not recorded,-20.6114,135.04,https://bushtel.nt.gov.au/profile/14262
110,KURIPPI,"JONESY'S CAMP,MOUNT DENISON",Family Outstation,CENTRAL DESERT,SOUTHERN TANAMI,CENTRAL LAND COUNCIL,GWOJA,CENTRAL AUSTRALIA,,Not recorded,-22.14211,132.05316,https://bushtel.nt.gov.au/profile/110
81,KURKUTJARA,No aliases recorded with NTG DIPL,Family Outstation,MACDONNELL,IYARRKA,CENTRAL LAND COUNCIL,GWOJA,CENTRAL AUSTRALIA,,Not recorded,-25.94178,129.41115,https://bushtel.nt.gov.au/profile/81
905,KURNTAPURRA,"FREWENA,KUNTAPURLA,KURNTURLPARA,NO 6 BORE",Family Outstation,BARKLY,KUWARRANGU,NORTHERN LAND COUNCIL,BARKLY,BARKLY,24,Homelands Service Provider Report 2023,-19.39177,135.39788,https://bushtel.nt.gov.au/profile/905
822,KURRAYA,GOOSE RIVER,Family Outstation,BARKLY,PATTA,CENTRAL LAND COUNCIL,BARKLY,BARKLY,1,Homelands Service Provider Report 2023,-19.76559,134.47545,https://bushtel.nt.gov.au/profile/822
753,KURRURLDUL,"KURRURLOUL,KURULDU",Family Outstation,WEST ARNHEM,MANINGRIDA,NORTHERN LAND COUNCIL,ARAFURA,TOP END,,Not recorded,-12.48806,134.24012,https://bushtel.nt.gov.au/profile/753
776,KUWUMA,"DJUDIN,KUAMA,KWARMA",Family Outstation,WEST DALY,THAMARRURR/PINDI PINDI,NORTHERN LAND COUNCIL,DALY,TOP END,1,Homelands Service Provider Report 2023,-13.59805,130.36991,https://bushtel.nt.gov.au/profile/776
718,KUY,No aliases recorded with NTG DIPL,Family Outstation,WEST DALY,THAMARRURR/PINDI PINDI,NORTHERN LAND COUNCIL,DALY,TOP END,29,Homelands Service Provider Report 2023,-14.03546,129.59784,https://bushtel.nt.gov.au/profile/718
83,KWALA,ELLERY CREEK,Family Outstation,MACDONNELL,LJIRAPINTA,CENTRAL LAND COUNCIL,GWOJA,CENTRAL AUSTRALIA,4,Homelands Service Provider Report 2023,-23.92724,132.88974,https://bushtel.nt.gov.au/profile/83
925,KWALE KWALE,PAYEPERRENTYE (A),Family Outstation,MACDONNELL,RODINGA,CENTRAL LAND COUNCIL,NAMATJIRA,CENTRAL AUSTRALIA,21,Homelands Service Provider Report 2023,-23.76972,133.57451,https://bushtel.nt.gov.au/profile/925
777,KWOMBOM,KWOMBON,Family Outstation,WEST DALY,THAMARRURR/PINDI PINDI,NORTHERN LAND COUNCIL,DALY,TOP END,,Not recorded,-13.95523,130.29075,https://bushtel.nt.gov.au/profile/777
85,LABRAPUNTJA,No aliases recorded with NTG DIPL,Family Outstation,MACDONNELL,LJIRAPINTA,CENTRAL LAND COUNCIL,GWOJA,CENTRAL AUSTRALIA,9,Homelands Service Provider Report 2023,-23.91184,132.93926,https://bushtel.nt.gov.au/profile/85
833,LAKE KATHERINE,No aliases recorded with NTG DIPL,Family Outstation,ROPER GULF,YUGUL MANGI,NORTHERN LAND COUNCIL,ARNHEM,BIG RIVERS,,Not recorded,-14.27374,135.06805,https://bushtel.nt.gov.au/profile/833
519,LANGARRA,HOWARD ISLAND,Family Outstation,EAST ARNHEM,GUMURR GATTJIRRK,NORTHERN LAND COUNCIL,MULKA,EAST ARNHEM,23,Homelands Service Provider Report 2023,-12.09918,135.36168,https://bushtel.nt.gov.au/profile/519
696,LARRPAYANJI,MT BIRCH,Family Outstation,ROPER GULF,YUGUL MANGI,NORTHERN LAND COUNCIL,ARNHEM,BIG RIVERS,,Not recorded,-14.78334,134.68017,https://bushtel.nt.gov.au/profile/696
1008,LEICHARDT,No aliases recorded with NTG DIPL,Family Outstation,WEST DALY,THAMARRURR/PINDI PINDI,NORTHERN LAND COUNCIL,DALY,TOP END,,Not recorded,-13.84806,130.27907,https://bushtel.nt.gov.au/profile/1008
820,LIJA MUKUMPARLA,"LEIGHJA,LIJA,MUKUMPARLA,MUKUNPARLA,WOMBAYA",Family Outstation,BARKLY,KUWARRANGU,NORTHERN LAND COUNCIL,BARKLY,BARKLY,,Not recorded,-17.33208,135.08074,https://bushtel.nt.gov.au/profile/820
610,LIKU,"BOONEROO,BOONEROO WAVE HILL",Family Outstation,VICTORIA DALY,DAGURAGU,CENTRAL LAND COUNCIL,GWOJA,BIG RIVERS,,Not recorded,-17.91141,130.50429,https://bushtel.nt.gov.au/profile/610
88,LILLA,"LILA,REEDY ROCKHOLE",Family Outstation,MACDONNELL,LJIRAPINTA,CENTRAL LAND COUNCIL,GWOJA,CENTRAL AUSTRALIA,9,Homelands Service Provider Report 2023,-24.3005,131.6026,https://bushtel.nt.gov.au/profile/88
93,LILTJERA,"LILTJIRA,LILTSERE,LJILJERA,LYILTJARA,LYILTJERA",Family Outstation,MACDONNELL,LJIRAPINTA,CENTRAL LAND COUNCIL,GWOJA,CENTRAL AUSTRALIA,6,Homelands Service Provider Report 2023,-23.9364,132.63779,https://bushtel.nt.gov.au/profile/93
24996,LILY HOLE,"LILY HOLE BORE,LILY ROCK HOLE",Family Outstation,BARKLY,KUWARRANGU,NORTHERN LAND COUNCIL,BARKLY,BARKLY,6,Homelands Service Provider Report 2023,-17.24737,133.74957,https://bushtel.nt.gov.au/profile/24996
613,LINGARA,"LINGARRA,OLD HUMBERT RIVER,WALANGERI",Family Outstation,VICTORIA DALY,WALANGERI,NORTHERN LAND COUNCIL,GWOJA,BIG RIVERS,46,Homelands Service Provider Report 2023,-16.48694,130.64333,https://bushtel.nt.gov.au/profile/613
91,LITTLE WELL,"ALURALKWA ASSOC,ALURALKWE",Family Outstation,MACDONNELL,RODINGA,CENTRAL LAND COUNCIL,NAMATJIRA,CENTRAL AUSTRALIA,6,Homelands Service Provider Report 2023,-24.13547,135.33314,https://bushtel.nt.gov.au/profile/91
856,LIZARD BORE,No aliases recorded with NTG DIPL,Family Outstation,MACDONNELL,LURITJA PINTUBI,CENTRAL LAND COUNCIL,GWOJA,CENTRAL AUSTRALIA,,Not recorded,-23.30034,131.13465,https://bushtel.nt.gov.au/profile/856
92,LTIRA,No aliases recorded with NTG DIPL,Family Outstation,MACDONNELL,LJIRAPINTA,CENTRAL LAND COUNCIL,GWOJA,CENTRAL AUSTRALIA,16,Homelands Service Provider Report 2023,-24.05709,132.90182,https://bushtel.nt.gov.au/profile/92
614,LUL-TJU,"LUL'TJU,LUTTJU",Family Outstation,CENTRAL DESERT,NORTHERN TANAMI,CENTRAL LAND COUNCIL,GWOJA,BIG RIVERS,,Not recorded,-18.37671,130.59313,https://bushtel.nt.gov.au/profile/614
871,LUNTHARRA,LUNTALRA,Family Outstation,MACDONNELL,LJIRAPINTA,CENTRAL LAND COUNCIL,GWOJA,CENTRAL AUSTRALIA,1,Homelands Service Provider Report 2023,-23.73543,132.04497,https://bushtel.nt.gov.au/profile/871
94,LYILYALANAMA,IYNGIYNYALA,Family Outstation,MACDONNELL,LJIRAPINTA,CENTRAL LAND COUNCIL,GWOJA,CENTRAL AUSTRALIA,3,Homelands Service Provider Report 2023,-23.94724,132.74474,https://bushtel.nt.gov.au/profile/94
28,MALA,No aliases recorded with NTG DIPL,Family Outstation,CENTRAL DESERT,SOUTHERN TANAMI,CENTRAL LAND COUNCIL,GWOJA,CENTRAL AUSTRALIA,,Not recorded,-21.69494,130.85331,https://bushtel.nt.gov.au/profile/28
376,MALGAWA,"MARLGAWO,MOLGAWO,MORLGAWO",Family Outstation,WEST ARNHEM,GUNBALANYA,NORTHERN LAND COUNCIL,ARAFURA,TOP END,12,Homelands Service Provider Report 2023,-12.83887,133.91826,https://bushtel.nt.gov.au/profile/376
522,MALKALA,MALKULA CREEK,Family Outstation,EAST ARNHEM,ANINDILYAKWA,ANINDILYAKWA LAND COUNCIL,ARNHEM,EAST ARNHEM,97,Homelands Service Provider Report 2023,-13.8914,136.44224,https://bushtel.nt.gov.au/profile/522
851,MALLARRAMI,No aliases recorded with NTG DIPL,Family Outstation,EAST ARNHEM,GUMURR MARTHAKAL,NORTHERN LAND COUNCIL,MULKA,EAST ARNHEM,9,Homelands Service Provider Report 2023,-11.77541,136.53563,https://bushtel.nt.gov.au/profile/851
523,MALNJANGARNAK,"MALANGANAK,MALNYANGANAK",Family Outstation,WEST ARNHEM,MANINGRIDA,NORTHERN LAND COUNCIL,ARAFURA,TOP END,9,Homelands Service Provider Report 2023,-12.66057,134.77335,https://bushtel.nt.gov.au/profile/523
355,MAMADAWERRE,"MAMADAWERRI,SOUTH GUMADEER",Family Outstation,WEST ARNHEM,GUNBALANYA,NORTHERN LAND COUNCIL,ARAFURA,TOP END,75,Homelands Service Provider Report 2023,-12.25629,133.65782,https://bushtel.nt.gov.au/profile/355
694,MAMADI,INVERWAY,Family Outstation,VICTORIA DALY,DAGURAGU,CENTRAL LAND COUNCIL,GWOJA,BIG RIVERS,,Not recorded,-17.84951,129.63515,https://bushtel.nt.gov.au/profile/694
816,MANANGOORA,"WONMURRI,WONMURRIE",Family Outstation,ROPER GULF,SOUTH WEST GULF,NORTHERN LAND COUNCIL,BARKLY,BIG RIVERS,2,Homelands Service Provider Report 2023,-16.0515,136.86085,https://bushtel.nt.gov.au/profile/816
897,MANDEDJKADJANG,MANDAJGARDAJANG,Family Outstation,WEST ARNHEM,GUNBALANYA,NORTHERN LAND COUNCIL,ARAFURA,TOP END,9,Homelands Service Provider Report 2023,-12.26454,134.03056,https://bushtel.nt.gov.au/profile/897
359,MANDILBARRENG,"MANDALBARENG,MANDILBARENG",Family Outstation,WEST ARNHEM,GUNBALANYA,NORTHERN LAND COUNCIL,ARAFURA,TOP END,8,Homelands Service Provider Report 2023,-12.27402,133.58456,https://bushtel.nt.gov.au/profile/359
361,MANGARDUBU,"COOPERS CREEK,MANGADUBU,MANGARDABU",Family Outstation,WEST ARNHEM,GUNBALANYA,NORTHERN LAND COUNCIL,ARAFURA,TOP END,,Not recorded,-12.0937,133.1864,https://bushtel.nt.gov.au/profile/361
360,MANKORLOD,"MANGALOD,NGANKDRLORD,NGANKORLOUD",Family Outstation,WEST ARNHEM,MANINGRIDA,NORTHERN LAND COUNCIL,ARAFURA,TOP END,26,Homelands Service Provider Report 2023,-12.56501,134.27067,https://bushtel.nt.gov.au/profile/360
97,MANTAPAYIKA,No aliases recorded with NTG DIPL,Family Outstation,MACDONNELL,IYARRKA,CENTRAL LAND COUNCIL,GWOJA,CENTRAL AUSTRALIA,,Not recorded,-25.47458,130.22561,https://bushtel.nt.gov.au/profile/97
902,MAPERTE,"JERVOIS,LUCY CREEK,MAPERTA",Family Outstation,CENTRAL DESERT,AKITYARRE,CENTRAL LAND COUNCIL,NAMATJIRA,CENTRAL AUSTRALIA,,Not recorded,-22.54159,136.38103,https://bushtel.nt.gov.au/profile/902
618,MARIA LAGOON,"NUMULTJA,ST VIDGEONS' STATION",Family Outstation,ROPER GULF,YUGUL MANGI,NORTHERN LAND COUNCIL,ARNHEM,BIG RIVERS,,Not recorded,-15.29989,135.44463,https://bushtel.nt.gov.au/profile/618
828,MARIAH,RAFFLES BAY,Family Outstation,WEST ARNHEM,BARRAH,NORTHERN LAND COUNCIL,ARAFURA,TOP END,,Not recorded,-11.22968,132.38022,https://bushtel.nt.gov.au/profile/828
994,MARINIRI,MARINRI,Family Outstation,ROPER GULF,SOUTH WEST GULF,NORTHERN LAND COUNCIL,BARKLY,BIG RIVERS,,Not recorded,-16.67001,136.9014,https://bushtel.nt.gov.au/profile/994
325,MARLWON,"KIKIKYOWH,LADY DREAMING,MALWORN",Family Outstation,WEST ARNHEM,GUNBALANYA,NORTHERN LAND COUNCIL,ARAFURA,TOP END,,Not recorded,-12.13453,133.86307,https://bushtel.nt.gov.au/profile/325
619,MARRALUM,"LEGUNE STATION,MARRALAM",Family Outstation,VICTORIA DALY,TIMBER CREEK,NORTHERN LAND COUNCIL,GWOJA,BIG RIVERS,18,Homelands Service Provider Report 2023,-15.39109,129.25026,https://bushtel.nt.gov.au/profile/619
894,MARRAMARRANI,No aliases recorded with NTG DIPL,Family Outstation,WEST ARNHEM,BARRAH,NORTHERN LAND COUNCIL,ARAFURA,TOP END,,Not recorded,-11.30261,132.55341,https://bushtel.nt.gov.au/profile/894
527,MARRAYA,MARRAIYA,Family Outstation,ROPER GULF,NUMBULWAR NUMBURINDI,NORTHERN LAND COUNCIL,ARNHEM,BIG RIVERS,,Not recorded,-13.83939,135.80099,https://bushtel.nt.gov.au/profile/527
899,MARRKALAWA,No aliases recorded with NTG DIPL,Family Outstation,ROPER GULF,NUMBULWAR NUMBURINDI,NORTHERN LAND COUNCIL,ARNHEM,BIG RIVERS,10,Homelands Service Provider Report 2023,-13.57423,135.7131,https://bushtel.nt.gov.au/profile/899
368,MARRKOLIDJBAN,"MARRGOLIDJBAN,MARRKILIDBAN,MARRKOLIDBAN",Family Outstation,WEST ARNHEM,MANINGRIDA,NORTHERN LAND COUNCIL,ARAFURA,TOP END,21,Homelands Service Provider Report 2023,-12.23751,134.06446,https://bushtel.nt.gov.au/profile/368
528,MARTJANBA,"JENSEN BAY,MARCHINBAR ISLAND,RIMBIJA ISLAND",Family Outstation,EAST ARNHEM,GUMURR MARTHAKAL,NORTHERN LAND COUNCIL,MULKA,EAST ARNHEM,,Not recorded,-11.17006,136.70702,https://bushtel.nt.gov.au/profile/528
529,MATAMATA,MATA MATA,Family Outstation,EAST ARNHEM,GUMURR MARTHAKAL,NORTHERN LAND COUNCIL,MULKA,EAST ARNHEM,7,Homelands Service Provider Report 2023,-12.07676,136.27125,https://bushtel.nt.gov.au/profile/529
530,MAWULYUMANJA,"MANULYUMANJA,MAWALYUMANTTJA,THOMPSON BAY,THOMPSON'S BAY",Family Outstation,EAST ARNHEM,ANINDILYAKWA,ANINDILYAKWA LAND COUNCIL,ARNHEM,EAST ARNHEM,9,Homelands Service Provider Report 2023,-13.84278,136.72335,https://bushtel.nt.gov.au/profile/530
101,MBALKANAKA,SALT HOLE,Family Outstation,MACDONNELL,LJIRAPINTA,CENTRAL LAND COUNCIL,GWOJA,CENTRAL AUSTRALIA,2,Homelands Service Provider Report 2023,-23.95349,132.87547,https://bushtel.nt.gov.au/profile/101
102,MBUNGHARA,"BUNGHARA,DASHWOOD,UMPANGARA,UMPANGARI",Family Outstation,MACDONNELL,LURITJA PINTUBI,CENTRAL LAND COUNCIL,GWOJA,CENTRAL AUSTRALIA,42,Homelands Service Provider Report 2023,-23.29071,132.35891,https://bushtel.nt.gov.au/profile/102
847,MCDONALDS YARD,"BURURU,PURURU",Family Outstation,VICTORIA DALY,DAGURAGU,CENTRAL LAND COUNCIL,GWOJA,BIG RIVERS,,Not recorded,-17.78239,130.59211,https://bushtel.nt.gov.au/profile/847
951,MENNGEN,"DJALIBANG,INNESVALE STATION,JALIJBANG",Family Outstation,VICTORIA DALY,TIMBER CREEK,NORTHERN LAND COUNCIL,DALY,BIG RIVERS,43,Homelands Service Provider Report 2023,-15.35696,131.27307,https://bushtel.nt.gov.au/profile/951
872,MERRAL NTARRAKALA,MERRALNTARRAKALA,Family Outstation,MACDONNELL,LJIRAPINTA,CENTRAL LAND COUNCIL,GWOJA,CENTRAL AUSTRALIA,7,Homelands Service Provider Report 2023,-23.91418,132.82865,https://bushtel.nt.gov.au/profile/872
717,MERREPEN,MATAPAN,Family Outstation,WEST DALY,THAMARRURR/PINDI PINDI,NORTHERN LAND COUNCIL,DALY,TOP END,26,Homelands Service Provider Report 2023,-14.22128,129.96735,https://bushtel.nt.gov.au/profile/717
372,MEWIRNBI,MEWIRNABI,Family Outstation,WEST ARNHEM,MANINGRIDA,NORTHERN LAND COUNCIL,ARAFURA,TOP END,40,Homelands Service Provider Report 2023,-12.12529,134.76806,https://bushtel.nt.gov.au/profile/372
373,MIKGINJ VALLEY,"MIKGIN,MIKGINJ,MIKINJ,MIKINJ VALLEY",Family Outstation,WEST ARNHEM,GUNBALANYA,NORTHERN LAND COUNCIL,ARAFURA,TOP END,12,Homelands Service Provider Report 2023,-12.47966,133.07465,https://bushtel.nt.gov.au/profile/373
987,MILIBUNTHURRA,MILLIBUNTHURRA,Family Outstation,ROPER GULF,SOUTH WEST GULF,NORTHERN LAND COUNCIL,BARKLY,BIG RIVERS,4,Homelands Service Provider Report 2023,-15.96231,136.42333,https://bushtel.nt.gov.au/profile/987
830,MILMILNGKAN,BURLNGANDI,Family Outstation,WEST ARNHEM,MANINGRIDA,NORTHERN LAND COUNCIL,ARAFURA,TOP END,27,Homelands Service Provider Report 2023,-12.52316,134.24731,https://bushtel.nt.gov.au/profile/830
724,MIMINA,No aliases recorded with NTG DIPL,Family Outstation,ROPER GULF,SOUTH WEST GULF,NORTHERN LAND COUNCIL,BARKLY,BIG RIVERS,,Not recorded,-16.80211,136.83428,https://bushtel.nt.gov.au/profile/724
745,MIRRIDI,MIRRIRDI,Family Outstation,CENTRAL DESERT,NORTHERN TANAMI,CENTRAL LAND COUNCIL,GWOJA,CENTRAL AUSTRALIA,,Not recorded,-19.01873,130.77884,https://bushtel.nt.gov.au/profile/745
535,MIRRNATJA,MIRRNGATJA,Family Outstation,EAST ARNHEM,GUMURR MIYARRKA,NORTHERN LAND COUNCIL,ARNHEM,EAST ARNHEM,7,Homelands Service Provider Report 2023,-12.65779,135.19307,https://bushtel.nt.gov.au/profile/535
626,MISTAKE CREEK,MOONDABIJERRA,Family Outstation,VICTORIA DALY,DAGURAGU,CENTRAL LAND COUNCIL,GWOJA,BIG RIVERS,,Not recorded,-17.10927,129.04319,https://bushtel.nt.gov.au/profile/626
536,MIWUL,MIWAL,Family Outstation,ROPER GULF,NUMBULWAR NUMBURINDI,NORTHERN LAND COUNCIL,ARNHEM,BIG RIVERS,,Not recorded,-14.03209,135.91266,https://bushtel.nt.gov.au/profile/536
827,MOBARN,"BLUE WATER,MORBON",Family Outstation,ROPER GULF,NYIRRANGGULUNG,NORTHERN LAND COUNCIL,ARNHEM,BIG RIVERS,,Not recorded,-13.57939,134.35499,https://bushtel.nt.gov.au/profile/827
627,MOLE HILL,GOONDBUROON,Family Outstation,ROPER GULF,NEVER NEVER,NORTHERN LAND COUNCIL,ARNHEM,BIG RIVERS,2,Homelands Service Provider Report 2023,-14.87499,133.83303,https://bushtel.nt.gov.au/profile/627
628,MOMOB,"BULMAN GORGE,MORMOB",Family Outstation,ROPER GULF,NYIRRANGGULUNG,NORTHERN LAND COUNCIL,ARNHEM,BIG RIVERS,,Not recorded,-13.35693,134.26915,https://bushtel.nt.gov.au/profile/628
15203,MOOLOOLOO,No aliases recorded with NTG DIPL,Family Outstation,VICTORIA DALY,WALANGERI,NORTHERN LAND COUNCIL,GWOJA,BIG RIVERS,,Not recorded,-16.33559,131.51505,https://bushtel.nt.gov.au/profile/15203
990,MOOLOOWA,"CAPE VANDERLIN,MULUWA",Family Outstation,ROPER GULF,SOUTH WEST GULF,NORTHERN LAND COUNCIL,BARKLY,BIG RIVERS,5,Homelands Service Provider Report 2023,-15.62411,137.00053,https://bushtel.nt.gov.au/profile/990
501,MOORONGA,"GARANDJIRRNGURA,GARMALATJIRRINA,MOOROONGGA ISLAND,MOORUNGA ISLAND",Family Outstation,EAST ARNHEM,GUMURR GATTJIRRK,NORTHERN LAND COUNCIL,MULKA,EAST ARNHEM,13,Homelands Service Provider Report 2023,-11.92119,135.0749,https://bushtel.nt.gov.au/profile/501
105,MORRIS GAP,No aliases recorded with NTG DIPL,Family Outstation,MACDONNELL,IYARRKA,CENTRAL LAND COUNCIL,GWOJA,CENTRAL AUSTRALIA,,Not recorded,-24.1307,131.4532,https://bushtel.nt.gov.au/profile/105
106,MOTNAS,MOTNA'S CAMP,Family Outstation,MACDONNELL,LJIRAPINTA,CENTRAL LAND COUNCIL,GWOJA,CENTRAL AUSTRALIA,3,Homelands Service Provider Report 2023,-23.94974,132.76946,https://bushtel.nt.gov.au/profile/106
109,MOUNT BARKLY,"BAU,PAMU,PAWA,PAWU LAND TRUST",Family Outstation,CENTRAL DESERT,SOUTHERN TANAMI,CENTRAL LAND COUNCIL,GWOJA,CENTRAL AUSTRALIA,,Not recorded,-21.61391,132.44114,https://bushtel.nt.gov.au/profile/109
629,MOUNT CATT,BAMIRRAKURLU,Family Outstation,ROPER GULF,NYIRRANGGULUNG,NORTHERN LAND COUNCIL,ARNHEM,BIG RIVERS,12,Homelands Service Provider Report 2023,-13.80018,134.43241,https://bushtel.nt.gov.au/profile/629
957,MOUNT JEAN,No aliases recorded with NTG DIPL,Family Outstation,ROPER GULF,NYIRRANGGULUNG,NORTHERN LAND COUNCIL,ARNHEM,BIG RIVERS,,Not recorded,-13.53259,134.17191,https://bushtel.nt.gov.au/profile/957
790,MOUNT PEACHY,"NO. 1 BORE,SYD KENNY'S CAMP",Family Outstation,MACDONNELL,RODINGA,CENTRAL LAND COUNCIL,NAMATJIRA,CENTRAL AUSTRALIA,4,Homelands Service Provider Report 2023,-24.39416,133.87181,https://bushtel.nt.gov.au/profile/790
875,MOUNT TWELLAR,No aliases recorded with NTG DIPL,Family Outstation,MACDONNELL,RODINGA,CENTRAL LAND COUNCIL,NAMATJIRA,CENTRAL AUSTRALIA,17,Homelands Service Provider Report 2023,-23.54198,133.62279,https://bushtel.nt.gov.au/profile/875
855,MT EAGLEBEAK,No aliases recorded with NTG DIPL,Family Outstation,CENTRAL DESERT,AKITYARRE,CENTRAL LAND COUNCIL,NAMATJIRA,CENTRAL AUSTRALIA,24,Homelands Service Provider Report 2023,-22.9564,135.19891,https://bushtel.nt.gov.au/profile/855
702,MT MAIYO,MULLUYA,Family Outstation,VICTORIA DALY,DAGURAGU,CENTRAL LAND COUNCIL,GWOJA,BIG RIVERS,,Not recorded,-17.69491,129.39755,https://bushtel.nt.gov.au/profile/702
964,MU-GURTA,No aliases recorded with NTG DIPL,Family Outstation,WEST ARNHEM,MANINGRIDA,NORTHERN LAND COUNCIL,ARAFURA,TOP END,12,Homelands Service Provider Report 2023,-12.25897,134.50814,https://bushtel.nt.gov.au/profile/964
1001,MUCKATY,MARNYWUNGU,Family Outstation,BARKLY,KUWARRANGU,NORTHERN LAND COUNCIL,BARKLY,BARKLY,,Not recorded,-18.63932,133.8959,https://bushtel.nt.gov.au/profile/1001
380,MUDGINBERRI,No aliases recorded with NTG DIPL,Family Outstation,WEST ARNHEM,KAKADU,NORTHERN LAND COUNCIL,ARAFURA,TOP END,40,Homelands Service Provider Report 2023,-12.59772,132.87334,https://bushtel.nt.gov.au/profile/380
808,MUDHAMUL,"MARTHAKAL,MUTHAMAL",Family Outstation,EAST ARNHEM,GUMURR MARTHAKAL,NORTHERN LAND COUNCIL,MULKA,EAST ARNHEM,,Not recorded,-12.16089,136.17208,https://bushtel.nt.gov.au/profile/808
118,MULGA BORE,"AKAYA,AKAYE,ATARTINGA,ATHATHENG",Family Outstation,CENTRAL DESERT,ANMATJERE,CENTRAL LAND COUNCIL,BARKLY,CENTRAL AUSTRALIA,46,Homelands Service Provider Report 2023,-22.45139,134.20944,https://bushtel.nt.gov.au/profile/118
538,MULGURRAM,"MANGU,MULGURRUM",Family Outstation,EAST ARNHEM,BIRR RAWARRANG,NORTHERN LAND COUNCIL,MULKA,EAST ARNHEM,,Not recorded,-12.40196,134.96085,https://bushtel.nt.gov.au/profile/538
884,MULINGI,"MT GREENWOOD,MULINGNE",Family Outstation,WEST DALY,THAMARRURR/PINDI PINDI,NORTHERN LAND COUNCIL,DALY,TOP END,8,Homelands Service Provider Report 2023,-13.92666,129.95077,https://bushtel.nt.gov.au/profile/884
382,MUMEKA,"MOMEKA,MORMEGA",Family Outstation,WEST ARNHEM,MANINGRIDA,NORTHERN LAND COUNCIL,ARAFURA,TOP END,,Not recorded,-12.36306,134.13579,https://bushtel.nt.gov.au/profile/382
630,MUMPUMAMPU,"MAMBUMAMBU,MIALURRA,MUMBA MUMBA,MUMBO MUMBO,MUMBU MUMBU",Family Outstation,ROPER GULF,YUGUL MANGI,NORTHERN LAND COUNCIL,ARNHEM,BIG RIVERS,,Not recorded,-14.38418,135.32835,https://bushtel.nt.gov.au/profile/630
801,MUMUKALA,"MAMUKALA,MUMAKALA",Family Outstation,WEST ARNHEM,KAKADU,NORTHERN LAND COUNCIL,ARAFURA,TOP END,10,Homelands Service Provider Report 2023,-12.61137,132.66648,https://bushtel.nt.gov.au/profile/801
248,MUNGALAWURRU,"MANGALAWARRA,MANGALAWU,MANGARLWURRA",Family Outstation,BARKLY,PATTA,CENTRAL LAND COUNCIL,BARKLY,BARKLY,15,Homelands Service Provider Report 2023,-19.38253,133.59552,https://bushtel.nt.gov.au/profile/248
647,MUNGURRUPA,"MANGKURRUPA,MANGKURRURPA,MONGREL DOWNS,MUNGKURRUPA,TANAMI DOWNS",Family Outstation,CENTRAL DESERT,NORTHERN TANAMI,CENTRAL LAND COUNCIL,GWOJA,CENTRAL AUSTRALIA,,Not recorded,-20.58481,129.73313,https://bushtel.nt.gov.au/profile/647
249,MUNYALINI,"CAMPBELL SPRINGS,MINYALLINI",Family Outstation,ROPER GULF,SOUTH WEST GULF,NORTHERN LAND COUNCIL,BARKLY,BIG RIVERS,44,Homelands Service Provider Report 2023,-16.09259,136.18938,https://bushtel.nt.gov.au/profile/249
977,MURGENELLA PLAINS,ARRDUKBUKBUN,Family Outstation,WEST ARNHEM,BARRAH,NORTHERN LAND COUNCIL,ARAFURA,TOP END,,Not recorded,-11.71041,132.91239,https://bushtel.nt.gov.au/profile/977
858,MURRANJI,No aliases recorded with NTG DIPL,Family Outstation,BARKLY,KUWARRANGU,NORTHERN LAND COUNCIL,BARKLY,BARKLY,4,Homelands Service Provider Report 2023,-16.83598,132.8107,https://bushtel.nt.gov.au/profile/858
688,MURTULKI,MURTALKI,Family Outstation,BARKLY,PATTA,CENTRAL LAND COUNCIL,BARKLY,BARKLY,,Not recorded,-19.91784,134.38936,https://bushtel.nt.gov.au/profile/688
689,MURUN MURULA,"MURAN MURULA,MURRA MURULA,MURRAMARULA,MURU MURULA,MURULMURULA",Family Outstation,BARKLY,KUWARRANGU,NORTHERN LAND COUNCIL,BARKLY,BARKLY,,Not recorded,-18.49908,137.51754,https://bushtel.nt.gov.au/profile/689
648,MURUNING,"DARBY'S,MURINGUNG,MURRUNING,TIMBER CREEK",Family Outstation,VICTORIA DALY,TIMBER CREEK,NORTHERN LAND COUNCIL,DALY,BIG RIVERS,50,Homelands Service Provider Report 2023,-15.67527,130.48457,https://bushtel.nt.gov.au/profile/648
764,MUYIN,"MOYEN,MUYINNGA",Family Outstation,MACDONNELL,LURITJA PINTUBI,CENTRAL LAND COUNCIL,GWOJA,CENTRAL AUSTRALIA,,Not recorded,-23.15972,129.00489,https://bushtel.nt.gov.au/profile/764
678,MYATT,"5 MILE,FIVE MILE,GULARDI,JERRY'S",Family Outstation,VICTORIA DALY,TIMBER CREEK,NORTHERN LAND COUNCIL,DALY,BIG RIVERS,12,Homelands Service Provider Report 2023,-15.70656,130.48335,https://bushtel.nt.gov.au/profile/678
395,NABARLEK,NARBALEK,Family Outstation,WEST ARNHEM,GUNBALANYA,NORTHERN LAND COUNCIL,ARAFURA,TOP END,,Not recorded,-12.30829,133.29216,https://bushtel.nt.gov.au/profile/395
887,NABBARLA KUNINDABBA,"NAQARLA,ROCKY POINT",Family Outstation,WEST ARNHEM,MANINGRIDA,NORTHERN LAND COUNCIL,ARAFURA,TOP END,,Not recorded,-12.06125,134.40225,https://bushtel.nt.gov.au/profile/887
886,NADILMUK,NDJUDDA POINT,Family Outstation,WEST ARNHEM,MANINGRIDA,NORTHERN LAND COUNCIL,ARAFURA,TOP END,5,Homelands Service Provider Report 2023,-11.99384,134.29454,https://bushtel.nt.gov.au/profile/886
396,NADIRRI,"NARDIDI,NARDIRRI",Family Outstation,WEST DALY,THAMARRURR/PINDI PINDI,NORTHERN LAND COUNCIL,DALY,TOP END,,Not recorded,-13.95376,129.76657,https://bushtel.nt.gov.au/profile/396
541,NALIYINDI,"NALIYINJI,NALYINDI,NAYAWILI,NGLIYINDI",Family Outstation,EAST ARNHEM,GUMURR MIYARRKA,NORTHERN LAND COUNCIL,ARNHEM,EAST ARNHEM,,Not recorded,-12.54196,135.17863,https://bushtel.nt.gov.au/profile/541
1026,NAMA,WUDIPULINAMA,Family Outstation,WEST DALY,THAMARRURR/PINDI PINDI,NORTHERN LAND COUNCIL,DALY,TOP END,28,Homelands Service Provider Report 2023,-14.22945,129.85879,https://bushtel.nt.gov.au/profile/1026
906,NAMERINNI,TOMKINSON CREEK,Family Outstation,BARKLY,KUWARRANGU,NORTHERN LAND COUNCIL,BARKLY,BARKLY,,Not recorded,-18.56818,133.71549,https://bushtel.nt.gov.au/profile/906
389,NAMUGARDABU,"NAMAGARDABU,NAMAGARRARBU,NAMURGARDABU",Family Outstation,WEST ARNHEM,GUNBALANYA,NORTHERN LAND COUNCIL,ARAFURA,TOP END,,Not recorded,-12.15779,134.02473,https://bushtel.nt.gov.au/profile/389
392,NANGAK,NANGARK,Family Outstation,WEST ARNHEM,MANINGRIDA,NORTHERN LAND COUNCIL,ARAFURA,TOP END,14,Homelands Service Provider Report 2023,-12.21148,134.28387,https://bushtel.nt.gov.au/profile/392
393,NANGU,POINT PEARCE,Family Outstation,WEST DALY,THAMARRURR/PINDI PINDI,NORTHERN LAND COUNCIL,DALY,TOP END,,Not recorded,-14.37314,129.37335,https://bushtel.nt.gov.au/profile/393
543,NANYINGBURRA,"NANGABURA,NANGINGBURRA,NANGINYBURRA,NANINGBURA POINT",Family Outstation,EAST ARNHEM,GUMURR MARTHAKAL,NORTHERN LAND COUNCIL,MULKA,EAST ARNHEM,7,Homelands Service Provider Report 2023,-11.76057,135.87365,https://bushtel.nt.gov.au/profile/543
974,NAPAGUNPA,NGAPAGUNPA,Family Outstation,BARKLY,PATTA,CENTRAL LAND COUNCIL,BARKLY,BARKLY,,Not recorded,-19.10426,133.61851,https://bushtel.nt.gov.au/profile/974
873,NATJITNAMA,No aliases recorded with NTG DIPL,Family Outstation,MACDONNELL,LJIRAPINTA,CENTRAL LAND COUNCIL,GWOJA,CENTRAL AUSTRALIA,,Not recorded,-24.02113,132.98113,https://bushtel.nt.gov.au/profile/873
341,NDJUDDA,"NDJUDDA POINT,NJUDDA,NJUDDA POINT",Family Outstation,WEST ARNHEM,MANINGRIDA,NORTHERN LAND COUNCIL,ARAFURA,TOP END,,Not recorded,-11.98809,134.24773,https://bushtel.nt.gov.au/profile/341
716,NEMARLUK,No aliases recorded with NTG DIPL,Family Outstation,WEST DALY,THAMARRURR/PINDI PINDI,NORTHERN LAND COUNCIL,DALY,TOP END,24,Homelands Service Provider Report 2023,-14.24122,130.00325,https://bushtel.nt.gov.au/profile/716
121,NEW BORE,WADIYAWANU,Family Outstation,MACDONNELL,LURITJA PINTUBI,CENTRAL LAND COUNCIL,GWOJA,CENTRAL AUSTRALIA,9,Homelands Service Provider Report 2023,-23.22172,131.32769,https://bushtel.nt.gov.au/profile/121
545,NGADUMIYERRKA,"LITTLE PARADISE,NGADUMI TERRN",Family Outstation,EAST ARNHEM,ANINDILYAKWA,ANINDILYAKWA LAND COUNCIL,ARNHEM,EAST ARNHEM,27,Homelands Service Provider Report 2023,-13.82001,136.4564,https://bushtel.nt.gov.au/profile/545
16207,NGANGURR,No aliases recorded with NTG DIPL,Family Outstation,MACDONNELL,IYARRKA,CENTRAL LAND COUNCIL,GWOJA,CENTRAL AUSTRALIA,,Not recorded,-25.22205,129.9158,https://bushtel.nt.gov.au/profile/16207
765,NGANKIRITJA,NGANRRITJA,Family Outstation,MACDONNELL,LURITJA PINTUBI,CENTRAL LAND COUNCIL,GWOJA,CENTRAL AUSTRALIA,10,Homelands Service Provider Report 2023,-23.46459,131.87969,https://bushtel.nt.gov.au/profile/765
731,NGAPPAMILARNU,"MANGALAURNA,NGAPAMILARNU,NGAPPAMILARWU,PAWARINJI,YANKIRIKILANGU,YANKIRRAKALONG",Family Outstation,BARKLY,ALYAWARR,CENTRAL LAND COUNCIL,BARKLY,BARKLY,,Not recorded,-19.86188,133.27846,https://bushtel.nt.gov.au/profile/731
430,NGARDINITCHI,"NGARDINITH,WENTEK,WENTES NGANAMI WENTEK",Family Outstation,WEST DALY,THAMARRURR/PINDI PINDI,NORTHERN LAND COUNCIL,DALY,TOP END,,Not recorded,-14.19288,129.48431,https://bushtel.nt.gov.au/profile/430
23746,NGARILIKIRLANGU,No aliases recorded with NTG DIPL,Family Outstation,CENTRAL DESERT,SOUTHERN TANAMI,CENTRAL LAND COUNCIL,GWOJA,CENTRAL AUSTRALIA,,Not recorded,-22.1251,131.7727,https://bushtel.nt.gov.au/profile/23746
913,NGARINTHI,WUMARR,Family Outstation,WEST DALY,THAMARRURR/PINDI PINDI,NORTHERN LAND COUNCIL,DALY,TOP END,,Not recorded,-14.46204,129.42257,https://bushtel.nt.gov.au/profile/913
969,NGARLU NGARLU,KING RIVER,Family Outstation,WEST ARNHEM,BARRAH,NORTHERN LAND COUNCIL,ARAFURA,TOP END,,Not recorded,-11.86629,133.40906,https://bushtel.nt.gov.au/profile/969
869,NGARNKA,BLUE BUSH,Family Outstation,CENTRAL DESERT,NORTHERN TANAMI,CENTRAL LAND COUNCIL,GWOJA,CENTRAL AUSTRALIA,,Not recorded,-20.17566,129.90876,https://bushtel.nt.gov.au/profile/869
544,NGAYAWILLI,"FIRST CREEK,NAYAWILLI",Family Outstation,EAST ARNHEM,GUMURR MARTHAKAL,NORTHERN LAND COUNCIL,MULKA,EAST ARNHEM,8,Homelands Service Provider Report 2023,-11.9943,135.5745,https://bushtel.nt.gov.au/profile/544
546,NGILIPITJI,NGULIPITJI,Family Outstation,EAST ARNHEM,GUMURR MIYARRKA,NORTHERN LAND COUNCIL,ARNHEM,EAST ARNHEM,,Not recorded,-13.54468,135.52562,https://bushtel.nt.gov.au/profile/546
802,NGIPIN,"NGIJBIN,NGIJIPIN,SOUTH GOULBURN",Family Outstation,WEST ARNHEM,BARRAH,NORTHERN LAND COUNCIL,ARAFURA,TOP END,,Not recorded,-11.60003,133.45832,https://bushtel.nt.gov.au/profile/802
126,NGKWARLERLANEM,"NGKWARLALANIMA,NGWALALANIMA",Family Outstation,BARKLY,ALYAWARR,CENTRAL LAND COUNCIL,BARKLY,BARKLY,,Not recorded,-21.72741,134.79113,https://bushtel.nt.gov.au/profile/126
125,NGUMAN,"NEUMAN,NEUNMAN,NGUNMAN,NUGLUMAN",Family Outstation,MACDONNELL,LURITJA PINTUBI,CENTRAL LAND COUNCIL,GWOJA,CENTRAL AUSTRALIA,,Not recorded,-23.54158,129.75638,https://bushtel.nt.gov.au/profile/125
24900,NGUNGA,No aliases recorded with NTG DIPL,Family Outstation,MACDONNELL,LURITJA PINTUBI,CENTRAL LAND COUNCIL,GWOJA,CENTRAL AUSTRALIA,5,Homelands Service Provider Report 2023,-23.26484,131.2545,https://bushtel.nt.gov.au/profile/24900
915,NGUNTHAK,No aliases recorded with NTG DIPL,Family Outstation,WEST DALY,THAMARRURR/PINDI PINDI,NORTHERN LAND COUNCIL,DALY,TOP END,,Not recorded,-14.40445,129.36183,https://bushtel.nt.gov.au/profile/915
907,NGURRARA,"FREWENA,WOLLALA",Family Outstation,BARKLY,KUWARRANGU,NORTHERN LAND COUNCIL,BARKLY,BARKLY,10,Homelands Service Provider Report 2023,-19.42135,135.40553,https://bushtel.nt.gov.au/profile/907
16217,NGURRUTIJI,No aliases recorded with NTG DIPL,Family Outstation,BARKLY,PATTA,CENTRAL LAND COUNCIL,BARKLY,BARKLY,,Not recorded,-20.1167,134.5167,https://bushtel.nt.gov.au/profile/16217
763,NGUTJUL,No aliases recorded with NTG DIPL,Family Outstation,MACDONNELL,LURITJA PINTUBI,CENTRAL LAND COUNCIL,GWOJA,CENTRAL AUSTRALIA,,Not recorded,-23.29677,129.46752,https://bushtel.nt.gov.au/profile/763
839,NGUYARRAMINI,WAIRAMINNEE,Family Outstation,BARKLY,PATTA,CENTRAL LAND COUNCIL,BARKLY,BARKLY,25,Homelands Service Provider Report 2023,-20.08713,134.38577,https://bushtel.nt.gov.au/profile/839
547,NIKAWU,"HOWARD ISLAND,NIKAWUNGYURA",Family Outstation,EAST ARNHEM,GUMURR MARTHAKAL,NORTHERN LAND COUNCIL,MULKA,EAST ARNHEM,,Not recorded,-12.08962,135.54545,https://bushtel.nt.gov.au/profile/547
814,NORTH ISLAND,"BARRANYI,WEBE POINT",Family Outstation,ROPER GULF,SOUTH WEST GULF,NORTHERN LAND COUNCIL,BARKLY,BIG RIVERS,,Not recorded,-15.56294,136.84527,https://bushtel.nt.gov.au/profile/814
770,NTAKARRA,No aliases recorded with NTG DIPL,Family Outstation,MACDONNELL,LJIRAPINTA,CENTRAL LAND COUNCIL,GWOJA,CENTRAL AUSTRALIA,4,Homelands Service Provider Report 2023,-23.89501,132.68001,https://bushtel.nt.gov.au/profile/770
251,NUDJABARRA,"NAJABARRA,NICHOLSON RIVER,NUDGABURRA,NUDGEBURRA",Family Outstation,BARKLY,KUWARRANGU,NORTHERN LAND COUNCIL,BARKLY,BARKLY,,Not recorded,-17.97998,137.96944,https://bushtel.nt.gov.au/profile/251
632,NULAWAN,"NALAWAN,NALLAWAN,NALLAWUN,NALLOWA",Family Outstation,ROPER GULF,YUGUL MANGI,NORTHERN LAND COUNCIL,ARNHEM,BIG RIVERS,4,Homelands Service Provider Report 2023,-14.78729,134.93128,https://bushtel.nt.gov.au/profile/632
635,NUMMERLOORI,"NAMALIWIRRI,NAMALURI",Family Outstation,ROPER GULF,YUGUL MANGI,NORTHERN LAND COUNCIL,ARNHEM,BIG RIVERS,,Not recorded,-14.59159,134.97727,https://bushtel.nt.gov.au/profile/635
253,NURADIDGEE,"NGURADIDGEE,NGURAMINYI,NGUYARRMINI,NURADIGEE",Family Outstation,BARKLY,PATTA,CENTRAL LAND COUNCIL,BARKLY,BARKLY,,Not recorded,-20.11437,134.50849,https://bushtel.nt.gov.au/profile/253
789,OAK VALLEY,ROBERT ROSS CAMP,Family Outstation,MACDONNELL,RODINGA,CENTRAL LAND COUNCIL,NAMATJIRA,CENTRAL AUSTRALIA,4,Homelands Service Provider Report 2023,-24.38498,133.93218,https://bushtel.nt.gov.au/profile/789
914,OLD MISSION,WUNDAKUNNY,Family Outstation,WEST DALY,THAMARRURR/PINDI PINDI,NORTHERN LAND COUNCIL,DALY,TOP END,20,Homelands Service Provider Report 2023,-14.12918,129.49807,https://bushtel.nt.gov.au/profile/914
100,OLD STATION,"MBAKUPUTA,MPAKAPUTA,PMAKAPUTA",Family Outstation,MACDONNELL,LJIRAPINTA,CENTRAL LAND COUNCIL,GWOJA,CENTRAL AUSTRALIA,2,Homelands Service Provider Report 2023,-24.01911,132.86345,https://bushtel.nt.gov.au/profile/100
878,OONDALOO,No aliases recorded with NTG DIPL,Family Outstation,MACDONNELL,IYARRKA,CENTRAL LAND COUNCIL,GWOJA,CENTRAL AUSTRALIA,,Not recorded,-24.88715,129.06454,https://bushtel.nt.gov.au/profile/878
975,PAKULKI,No aliases recorded with NTG DIPL,Family Outstation,BARKLY,PATTA,CENTRAL LAND COUNCIL,BARKLY,BARKLY,6,Homelands Service Provider Report 2023,-19.50438,134.41846,https://bushtel.nt.gov.au/profile/975
773,PALM PADDOCK,"INTIYA MANGAMA,INTIYAMANGAMA,INTYAMANGAMA,PALM VALLEY",Family Outstation,MACDONNELL,LJIRAPINTA,CENTRAL LAND COUNCIL,GWOJA,CENTRAL AUSTRALIA,4,Homelands Service Provider Report 2023,-24.08534,132.68126,https://bushtel.nt.gov.au/profile/773
369,PANDAYAL,"MCCALLUM CREEK,MCCULLUM,TWIN HILL,TWO SISTERS HILLS",Family Outstation,UN-INCORPORATED (COX-DALY),Not recorded,NORTHERN LAND COUNCIL,DALY,TOP END,8,Homelands Service Provider Report 2023,-13.07478,130.55589,https://bushtel.nt.gov.au/profile/369
997,PANTHARRPILENHE,"AMBALINDUM,PANEL WELL",Family Outstation,CENTRAL DESERT,AKITYARRE,CENTRAL LAND COUNCIL,NAMATJIRA,CENTRAL AUSTRALIA,4,Homelands Service Provider Report 2023,-23.37058,134.78921,https://bushtel.nt.gov.au/profile/997
854,PANTYINTEME,CAVE HOLE,Family Outstation,MACDONNELL,LJIRAPINTA,CENTRAL LAND COUNCIL,GWOJA,CENTRAL AUSTRALIA,12,Homelands Service Provider Report 2023,-24.45011,133.11207,https://bushtel.nt.gov.au/profile/854
405,PAPANGALA,"MULCHILL,PERREDERR",Family Outstation,WEST DALY,THAMARRURR/PINDI PINDI,NORTHERN LAND COUNCIL,DALY,TOP END,12,Homelands Service Provider Report 2023,-14.30762,130.02548,https://bushtel.nt.gov.au/profile/405
281,PARADISE FARM,"ALDERSON,ALDERSON STATION,JIM JIM PARK HQ,JIM JIM RANGER STATION",Family Outstation,WEST ARNHEM,KAKADU,NORTHERN LAND COUNCIL,ARAFURA,TOP END,12,Homelands Service Provider Report 2023,-12.9391,132.53271,https://bushtel.nt.gov.au/profile/281
638,PARNTA,WINNECKE,Family Outstation,CENTRAL DESERT,NORTHERN TANAMI,CENTRAL LAND COUNCIL,GWOJA,BIG RIVERS,,Not recorded,-18.68438,130.65104,https://bushtel.nt.gov.au/profile/638
40,PARRULYU,"MT DAVIDSON,YARRIPIRRI",Family Outstation,CENTRAL DESERT,NORTHERN TANAMI,CENTRAL LAND COUNCIL,GWOJA,CENTRAL AUSTRALIA,,Not recorded,-20.45276,130.90912,https://bushtel.nt.gov.au/profile/40
407,PARU,No aliases recorded with NTG DIPL,Family Outstation,TIWI ISLANDS,PIRLANGIMPI WARD,TIWI LAND COUNCIL,ARAFURA,TOP END,3,Homelands Service Provider Report 2023,-11.74982,130.64642,https://bushtel.nt.gov.au/profile/407
409,PATONGA (AIRSTRIP),MURDUJUL,Family Outstation,WEST ARNHEM,KAKADU,NORTHERN LAND COUNCIL,ARAFURA,TOP END,15,Homelands Service Provider Report 2023,-12.94826,132.56901,https://bushtel.nt.gov.au/profile/409
900,PATONGA (HOMESTEAD),No aliases recorded with NTG DIPL,Family Outstation,WEST ARNHEM,KAKADU,NORTHERN LAND COUNCIL,ARAFURA,TOP END,10,Homelands Service Provider Report 2023,-12.95803,132.58047,https://bushtel.nt.gov.au/profile/900
926,PAYEPERRENTYE (B),No aliases recorded with NTG DIPL,Family Outstation,MACDONNELL,RODINGA,CENTRAL LAND COUNCIL,NAMATJIRA,CENTRAL AUSTRALIA,4,Homelands Service Provider Report 2023,-23.77074,133.55621,https://bushtel.nt.gov.au/profile/926
1014,PENYEME,No aliases recorded with NTG DIPL,Family Outstation,CENTRAL DESERT,AKITYARRE,CENTRAL LAND COUNCIL,NAMATJIRA,CENTRAL AUSTRALIA,,Not recorded,-22.78725,135.67273,https://bushtel.nt.gov.au/profile/1014
406,PERREDERR,"MULCHILL,PARADALE",Family Outstation,WEST DALY,THAMARRURR/PINDI PINDI,NORTHERN LAND COUNCIL,DALY,TOP END,61,Homelands Service Provider Report 2023,-14.01963,129.82661,https://bushtel.nt.gov.au/profile/406
859,PERTARRATENGE,BOOMERANG BORE,Family Outstation,MACDONNELL,LJIRAPINTA,CENTRAL LAND COUNCIL,GWOJA,CENTRAL AUSTRALIA,24,Homelands Service Provider Report 2023,-24.41326,133.31956,https://bushtel.nt.gov.au/profile/859
927,PERTE THERRE,No aliases recorded with NTG DIPL,Family Outstation,MACDONNELL,RODINGA,CENTRAL LAND COUNCIL,NAMATJIRA,CENTRAL AUSTRALIA,17,Homelands Service Provider Report 2023,-23.75818,133.64573,https://bushtel.nt.gov.au/profile/927
860,PETYALE,No aliases recorded with NTG DIPL,Family Outstation,CENTRAL DESERT,ANMATJERE,CENTRAL LAND COUNCIL,BARKLY,CENTRAL AUSTRALIA,3,Homelands Service Provider Report 2023,-21.99972,133.43363,https://bushtel.nt.gov.au/profile/860
133,PHILLIPSON BORE,PHILIPSON BORE,Family Outstation,MACDONNELL,RODINGA,CENTRAL LAND COUNCIL,NAMATJIRA,CENTRAL AUSTRALIA,6,Homelands Service Provider Report 2023,-24.09593,134.43038,https://bushtel.nt.gov.au/profile/133
604,PICININNY BORE,"BLACK HILLS,TJABALAJABALA",Family Outstation,CENTRAL DESERT,NORTHERN TANAMI,CENTRAL LAND COUNCIL,GWOJA,CENTRAL AUSTRALIA,,Not recorded,-19.82711,129.78279,https://bushtel.nt.gov.au/profile/604
134,PINE HILL,"ANYUMGYUMBA,AYUNGYMBA",Family Outstation,CENTRAL DESERT,ANMATJERE,CENTRAL LAND COUNCIL,BARKLY,CENTRAL AUSTRALIA,,Not recorded,-22.37949,133.05366,https://bushtel.nt.gov.au/profile/134
255,PINGALA,"JRUNTU JANGU,JURNTA JUNGU,JURNTU JUNGU,NUALIDU",Family Outstation,BARKLY,PATTA,CENTRAL LAND COUNCIL,BARKLY,BARKLY,,Not recorded,-19.0932,133.88269,https://bushtel.nt.gov.au/profile/255
752,PINJA,"MT WINNECKE,PIELEGJA,PILEAJA,WINNECKE CREEK",Family Outstation,CENTRAL DESERT,NORTHERN TANAMI,CENTRAL LAND COUNCIL,GWOJA,BIG RIVERS,,Not recorded,-18.80958,130.37095,https://bushtel.nt.gov.au/profile/752
136,PINPIRNGA,"DESERT BORE,PINIARNGA,PINPIARNA,PINPIARNGA,PINPIRRNGA",Family Outstation,MACDONNELL,LURITJA PINTUBI,CENTRAL LAND COUNCIL,GWOJA,CENTRAL AUSTRALIA,,Not recorded,-23.16275,129.46322,https://bushtel.nt.gov.au/profile/136
701,POLICEMANS HOLE,"LITTLE POLICEMANS HOLE,NYAWANYAWAN DAWANG",Family Outstation,VICTORIA DALY,TIMBER CREEK,NORTHERN LAND COUNCIL,GWOJA,BIG RIVERS,,Not recorded,-15.77853,129.10654,https://bushtel.nt.gov.au/profile/701
139,PULARDI,"DESERT BORE,MT ALLAN",Family Outstation,CENTRAL DESERT,ANMATJERE,CENTRAL LAND COUNCIL,GWOJA,CENTRAL AUSTRALIA,40,Homelands Service Provider Report 2023,-22.56332,132.37978,https://bushtel.nt.gov.au/profile/139
730,PUNGALINDUM,"ALPARRINYA,APENGARLINTEM,APUNGALINDUM,PUNGALINDEM,PUNGALINOEM",Family Outstation,BARKLY,ALYAWARR,CENTRAL LAND COUNCIL,BARKLY,BARKLY,33,Homelands Service Provider Report 2023,-22.07061,134.68879,https://bushtel.nt.gov.au/profile/730
840,PUNJARRIJI,MOSQUITO CREEK,Family Outstation,BARKLY,PATTA,CENTRAL LAND COUNCIL,BARKLY,BARKLY,,Not recorded,-20.31062,134.50807,https://bushtel.nt.gov.au/profile/840
140,PUNRITJANTA,"BLOODS RANGE,PUNITJANTA,PUNTITJARA,PUNTITJATA",Family Outstation,MACDONNELL,IYARRKA,CENTRAL LAND COUNCIL,GWOJA,CENTRAL AUSTRALIA,,Not recorded,-24.67392,129.29393,https://bushtel.nt.gov.au/profile/140
732,PURRUKUWURRU,No aliases recorded with NTG DIPL,Family Outstation,BARKLY,ALYAWARR,CENTRAL LAND COUNCIL,BARKLY,BARKLY,,Not recorded,-19.94562,135.69629,https://bushtel.nt.gov.au/profile/732
141,PUTA PUTA,No aliases recorded with NTG DIPL,Family Outstation,MACDONNELL,IYARRKA,CENTRAL LAND COUNCIL,GWOJA,CENTRAL AUSTRALIA,,Not recorded,-25.07345,129.64045,https://bushtel.nt.gov.au/profile/141
1020,PUTJAMIRRA,PITJAMIRRA,Family Outstation,TIWI ISLANDS,PIRLANGIMPI WARD,TIWI LAND COUNCIL,ARAFURA,TOP END,4,Homelands Service Provider Report 2023,-11.22457,130.36849,https://bushtel.nt.gov.au/profile/1020
117,PUTULU,"MT. THEO,PITULU,PUTULAI,PUTURLU,WANAYAKA",Family Outstation,CENTRAL DESERT,SOUTHERN TANAMI,CENTRAL LAND COUNCIL,GWOJA,CENTRAL AUSTRALIA,,Not recorded,-21.34382,131.36997,https://bushtel.nt.gov.au/profile/117
142,PUYURRU,No aliases recorded with NTG DIPL,Family Outstation,CENTRAL DESERT,SOUTHERN TANAMI,CENTRAL LAND COUNCIL,GWOJA,CENTRAL AUSTRALIA,,Not recorded,-21.33117,130.81753,https://bushtel.nt.gov.au/profile/142
940,PWERTE MARNTE MARNTE,JOHN HOLLAND BORE,Family Outstation,MACDONNELL,RODINGA,CENTRAL LAND COUNCIL,NAMATJIRA,CENTRAL AUSTRALIA,20,Homelands Service Provider Report 2023,-24.37338,133.71982,https://bushtel.nt.gov.au/profile/940
791,PWERTENTYE,JACK BRISCOE'S CAMP,Family Outstation,CENTRAL DESERT,AKITYARRE,CENTRAL LAND COUNCIL,NAMATJIRA,CENTRAL AUSTRALIA,,Not recorded,-23.37291,134.79239,https://bushtel.nt.gov.au/profile/791
874,RARANGANTJUTA,No aliases recorded with NTG DIPL,Family Outstation,MACDONNELL,LJIRAPINTA,CENTRAL LAND COUNCIL,GWOJA,CENTRAL AUSTRALIA,,Not recorded,-23.98488,133.14814,https://bushtel.nt.gov.au/profile/874
552,RAYMANGIRR,"RAMANGIRR,RAMUNGIRR",Family Outstation,EAST ARNHEM,GUMURR MIYARRKA,NORTHERN LAND COUNCIL,ARNHEM,EAST ARNHEM,26,Homelands Service Provider Report 2023,-12.34031,136.00253,https://bushtel.nt.gov.au/profile/552
799,RED LILY,"GIINDA,GINA",Family Outstation,WEST ARNHEM,KAKADU,NORTHERN LAND COUNCIL,ARAFURA,TOP END,5,Homelands Service Provider Report 2023,-12.86449,132.56967,https://bushtel.nt.gov.au/profile/799
5,RED SANDHILL,INTJIRRANGA,Family Outstation,MACDONNELL,LJIRAPINTA,CENTRAL LAND COUNCIL,GWOJA,CENTRAL AUSTRALIA,3,Homelands Service Provider Report 2023,-24.00974,132.85279,https://bushtel.nt.gov.au/profile/5
414,REDCLIFF,YEDDAIRT,Family Outstation,WEST DALY,THAMARRURR/PINDI PINDI,NORTHERN LAND COUNCIL,DALY,TOP END,27,Homelands Service Provider Report 2023,-14.01484,129.70813,https://bushtel.nt.gov.au/profile/414
144,RODNA,No aliases recorded with NTG DIPL,Family Outstation,MACDONNELL,LJIRAPINTA,CENTRAL LAND COUNCIL,GWOJA,CENTRAL AUSTRALIA,,Not recorded,-23.76213,132.67042,https://bushtel.nt.gov.au/profile/144
480,RURRANGALA,"DHUWALKITJI,RURRANALI",Family Outstation,EAST ARNHEM,GUMURR MIWATJ,NORTHERN LAND COUNCIL,ARNHEM,EAST ARNHEM,14,Homelands Service Provider Report 2023,-12.90425,136.25382,https://bushtel.nt.gov.au/profile/480
861,RUTJINGKA,No aliases recorded with NTG DIPL,Family Outstation,MACDONNELL,LJIRAPINTA,CENTRAL LAND COUNCIL,GWOJA,CENTRAL AUSTRALIA,2,Homelands Service Provider Report 2023,-23.91581,132.81527,https://bushtel.nt.gov.au/profile/861
837,SABINA,MUDJALINDI,Family Outstation,WEST DALY,THAMARRURR/PINDI PINDI,NORTHERN LAND COUNCIL,DALY,TOP END,,Not recorded,-13.8603,129.93195,https://bushtel.nt.gov.au/profile/837
14153168,SALT BORE,No aliases recorded with NTG DIPL,Family Outstation,MACDONNELL,RODINGA,CENTRAL LAND COUNCIL,NAMATJIRA,CENTRAL AUSTRALIA,4,Homelands Service Provider Report 2023,-23.7712,134.52822,https://bushtel.nt.gov.au/profile/14153168
988,SANDRIDGE,POLICE LAGOON,Family Outstation,ROPER GULF,SOUTH WEST GULF,NORTHERN LAND COUNCIL,BARKLY,BIG RIVERS,16,Homelands Service Provider Report 2023,-16.04184,136.34854,https://bushtel.nt.gov.au/profile/988
892,SANDY BAY,No aliases recorded with NTG DIPL,Family Outstation,WEST ARNHEM,BARRAH,NORTHERN LAND COUNCIL,ARAFURA,TOP END,4,Homelands Service Provider Report 2023,-11.20719,132.58027,https://bushtel.nt.gov.au/profile/892
24898,SANDY BORE,ARNAPIPE,Family Outstation,MACDONNELL,LJIRAPINTA,CENTRAL LAND COUNCIL,GWOJA,CENTRAL AUSTRALIA,6,Homelands Service Provider Report 2023,-24.5603,132.4995,https://bushtel.nt.gov.au/profile/24898
958,SCOTT POINT,MILYANGKARRNGARNILANGWA,Family Outstation,EAST ARNHEM,ANINDILYAKWA,ANINDILYAKWA LAND COUNCIL,ARNHEM,EAST ARNHEM,,Not recorded,-13.75212,136.84751,https://bushtel.nt.gov.au/profile/958
24902,SNAKE LAGOON,No aliases recorded with NTG DIPL,Family Outstation,ROPER GULF,SOUTH WEST GULF,NORTHERN LAND COUNCIL,BARKLY,BIG RIVERS,6,Homelands Service Provider Report 2023,-16.20322,136.91303,https://bushtel.nt.gov.au/profile/24902
948,SNAKE WELL,"AKNGWIRRWELTYE,SNAKE CREEK",Family Outstation,MACDONNELL,RODINGA,CENTRAL LAND COUNCIL,NAMATJIRA,CENTRAL AUSTRALIA,19,Homelands Service Provider Report 2023,-23.15946,133.91529,https://bushtel.nt.gov.au/profile/948
262,SOUTH WEST ISLAND,"WATHANKA,WATHUNGA",Family Outstation,ROPER GULF,SOUTH WEST GULF,NORTHERN LAND COUNCIL,BARKLY,BIG RIVERS,10,Homelands Service Provider Report 2023,-15.68902,136.68821,https://bushtel.nt.gov.au/profile/262
953,SPOTTED TIGER,UNPEYEKENHE,Family Outstation,CENTRAL DESERT,AKITYARRE,CENTRAL LAND COUNCIL,NAMATJIRA,CENTRAL AUSTRALIA,4,Homelands Service Provider Report 2023,-23.04308,134.91761,https://bushtel.nt.gov.au/profile/953
419,SPRING PEAK,URGDURR,Family Outstation,WEST ARNHEM,KAKADU,NORTHERN LAND COUNCIL,ARAFURA,TOP END,25,Homelands Service Provider Report 2023,-12.96266,132.45424,https://bushtel.nt.gov.au/profile/419
18,SUGAR CREEK,"ANTJAKWERA,ANTJAKWERRA,ARRAWARRA,GANTJAKWERRA",Family Outstation,MACDONNELL,LJIRAPINTA,CENTRAL LAND COUNCIL,GWOJA,CENTRAL AUSTRALIA,,Not recorded,-23.94974,132.57363,https://bushtel.nt.gov.au/profile/18
1013,TAKAPIMILIYI,No aliases recorded with NTG DIPL,Family Outstation,TIWI ISLANDS,PIRLANGIMPI WARD,TIWI LAND COUNCIL,ARAFURA,TOP END,2,Homelands Service Provider Report 2023,-11.81528,130.80161,https://bushtel.nt.gov.au/profile/1013
424,TARACUMBI,"TARINTIPI,TARRACUMBI,TURACUMBI",Family Outstation,TIWI ISLANDS,MILIKAPITI WARD,TIWI LAND COUNCIL,ARAFURA,TOP END,,Not recorded,-11.60806,130.71131,https://bushtel.nt.gov.au/profile/424
767,TARAWARA,"TARAWERA,TARAWERA BORE",Family Outstation,MACDONNELL,LURITJA PINTUBI,CENTRAL LAND COUNCIL,GWOJA,CENTRAL AUSTRALIA,,Not recorded,-23.54726,131.41338,https://bushtel.nt.gov.au/profile/767
306,TIGERS CAMP,"WAMUNYI,WANNINGUJI,WANUNGI",Family Outstation,WEST ARNHEM,BARRAH,NORTHERN LAND COUNCIL,ARAFURA,TOP END,,Not recorded,-11.47407,132.77662,https://bushtel.nt.gov.au/profile/306
891,TIMOR SPRINGS,No aliases recorded with NTG DIPL,Family Outstation,WEST ARNHEM,BARRAH,NORTHERN LAND COUNCIL,ARAFURA,TOP END,,Not recorded,-11.09665,132.57399,https://bushtel.nt.gov.au/profile/891
62,TINKI,"IRRIMATITJA,TJINKI,TRACTOR BORE",Family Outstation,MACDONNELL,LURITJA PINTUBI,CENTRAL LAND COUNCIL,GWOJA,CENTRAL AUSTRALIA,,Not recorded,-23.27331,129.55768,https://bushtel.nt.gov.au/profile/62
149,TJAMANGKURRA,TJAMANGKURA,Family Outstation,MACDONNELL,LJIRAPINTA,CENTRAL LAND COUNCIL,GWOJA,CENTRAL AUSTRALIA,4,Homelands Service Provider Report 2023,-23.9689,132.80529,https://bushtel.nt.gov.au/profile/149
880,TJAUWATA,No aliases recorded with NTG DIPL,Family Outstation,MACDONNELL,IYARRKA,CENTRAL LAND COUNCIL,GWOJA,CENTRAL AUSTRALIA,,Not recorded,-24.91526,129.12181,https://bushtel.nt.gov.au/profile/880
762,TJINTIRTJINTIRPA,"TJINTITJIWTIPA,WILLYWAGTAIL",Family Outstation,MACDONNELL,LURITJA PINTUBI,CENTRAL LAND COUNCIL,GWOJA,CENTRAL AUSTRALIA,,Not recorded,-23.28522,131.27059,https://bushtel.nt.gov.au/profile/762
267,TJOUNGOURI,"RYANS BEND,TJUNGOURI,YUNGURIE",Family Outstation,ROPER GULF,SOUTH WEST GULF,NORTHERN LAND COUNCIL,BARKLY,BIG RIVERS,,Not recorded,-16.17126,136.04365,https://bushtel.nt.gov.au/profile/267
151,TJULPUNGU,"ATLEE CREEK,ATLEY CREEK,CHURLPUNGU,DJULPUNG,JURLPUNGU,JUURLUPUNGU,TJUPUNGU",Family Outstation,CENTRAL DESERT,SOUTHERN TANAMI,CENTRAL LAND COUNCIL,GWOJA,CENTRAL AUSTRALIA,,Not recorded,-21.83419,131.41348,https://bushtel.nt.gov.au/profile/151
152,TJUNTI,LASSETERS CAVE,Family Outstation,MACDONNELL,IYARRKA,CENTRAL LAND COUNCIL,GWOJA,CENTRAL AUSTRALIA,,Not recorded,-25.01763,129.40113,https://bushtel.nt.gov.au/profile/152
153,TJUNTINANTA,"KIKUNKURRA,TJUNINANTA",Family Outstation,MACDONNELL,IYARRKA,CENTRAL LAND COUNCIL,GWOJA,CENTRAL AUSTRALIA,,Not recorded,-24.85187,129.23084,https://bushtel.nt.gov.au/profile/153
154,TNAWURTA,"KWATJINMARRA,TNUWURTA",Family Outstation,MACDONNELL,LJIRAPINTA,CENTRAL LAND COUNCIL,GWOJA,CENTRAL AUSTRALIA,4,Homelands Service Provider Report 2023,-23.9989,132.83835,https://bushtel.nt.gov.au/profile/154
928,TNERTE,No aliases recorded with NTG DIPL,Family Outstation,MACDONNELL,RODINGA,CENTRAL LAND COUNCIL,NAMATJIRA,CENTRAL AUSTRALIA,19,Homelands Service Provider Report 2023,-23.74715,133.72011,https://bushtel.nt.gov.au/profile/928
155,TNYIMIPURTA,"TNJIMIPUTA,TNYIMIPIRTA,TNYIMIPUTA,TNYIMPIRTA",Family Outstation,MACDONNELL,LJIRAPINTA,CENTRAL LAND COUNCIL,GWOJA,CENTRAL AUSTRALIA,11,Homelands Service Provider Report 2023,-23.88779,132.67113,https://bushtel.nt.gov.au/profile/155
14153250,TODD RIVER DOWNS,No aliases recorded with NTG DIPL,Family Outstation,MACDONNELL,RODINGA,CENTRAL LAND COUNCIL,NAMATJIRA,CENTRAL AUSTRALIA,1,Homelands Service Provider Report 2023,-24.2584,135.2705,https://bushtel.nt.gov.au/profile/14153250
970,TOMMYHAWK SWAMP,No aliases recorded with NTG DIPL,Family Outstation,BARKLY,ALYAWARR,CENTRAL LAND COUNCIL,BARKLY,BARKLY,4,Homelands Service Provider Report 2023,-22.19431,134.59274,https://bushtel.nt.gov.au/profile/970
30,TOWN BORE,"ARKILKI,ARRKILKI,DERWENT BORE",Family Outstation,MACDONNELL,LURITJA PINTUBI,CENTRAL LAND COUNCIL,GWOJA,CENTRAL AUSTRALIA,15,Homelands Service Provider Report 2023,-23.35473,132.06416,https://bushtel.nt.gov.au/profile/30
423,TREE POINT,DURDUGU,Family Outstation,LITCHFIELD,NORTH WARD,NORTHERN LAND COUNCIL,NELSON,"DARWIN, PALMERSTON, LITCHFIELD",,Not recorded,-12.30839,131.01819,https://bushtel.nt.gov.au/profile/423
649,TURKEY LAGOON,"BANANDA,BANUNDA,BUNUNDA",Family Outstation,ROPER GULF,YUGUL MANGI,NORTHERN LAND COUNCIL,ARNHEM,BIG RIVERS,,Not recorded,-14.52938,134.75093,https://bushtel.nt.gov.au/profile/649
785,TURNERS CAMP,SANDY BORE,Family Outstation,MACDONNELL,RODINGA,CENTRAL LAND COUNCIL,NAMATJIRA,CENTRAL AUSTRALIA,24,Homelands Service Provider Report 2023,-23.30514,134.06937,https://bushtel.nt.gov.au/profile/785
929,TWETYE (A),No aliases recorded with NTG DIPL,Family Outstation,MACDONNELL,RODINGA,CENTRAL LAND COUNCIL,NAMATJIRA,CENTRAL AUSTRALIA,12,Homelands Service Provider Report 2023,-23.74034,133.70539,https://bushtel.nt.gov.au/profile/929
930,TWETYE (B),No aliases recorded with NTG DIPL,Family Outstation,MACDONNELL,RODINGA,CENTRAL LAND COUNCIL,NAMATJIRA,CENTRAL AUSTRALIA,24,Homelands Service Provider Report 2023,-23.74292,133.69633,https://bushtel.nt.gov.au/profile/930
931,TYWENPE (A),TWENPE (A),Family Outstation,MACDONNELL,RODINGA,CENTRAL LAND COUNCIL,NAMATJIRA,CENTRAL AUSTRALIA,20,Homelands Service Provider Report 2023,-23.72634,133.72928,https://bushtel.nt.gov.au/profile/931
933,TYWENPE (C),"TWENPE(C),TYWENPE(C)",Family Outstation,MACDONNELL,RODINGA,CENTRAL LAND COUNCIL,NAMATJIRA,CENTRAL AUSTRALIA,24,Homelands Service Provider Report 2023,-23.74426,133.68787,https://bushtel.nt.gov.au/profile/933
934,TYWENPE (D),TWENPE(D),Family Outstation,MACDONNELL,RODINGA,CENTRAL LAND COUNCIL,NAMATJIRA,CENTRAL AUSTRALIA,7,Homelands Service Provider Report 2023,-23.7648,133.67226,https://bushtel.nt.gov.au/profile/934
991,UGUIE,CLARKSON POINT,Family Outstation,ROPER GULF,SOUTH WEST GULF,NORTHERN LAND COUNCIL,BARKLY,BIG RIVERS,,Not recorded,-15.83006,137.04142,https://bushtel.nt.gov.au/profile/991
159,UKAKA,TEMPE DOWNS,Family Outstation,MACDONNELL,LJIRAPINTA,CENTRAL LAND COUNCIL,GWOJA,CENTRAL AUSTRALIA,24,Homelands Service Provider Report 2023,-24.59261,132.37395,https://bushtel.nt.gov.au/profile/159
160,UKATJUPU,UKATJUPA,Family Outstation,MACDONNELL,IYARRKA,CENTRAL LAND COUNCIL,GWOJA,CENTRAL AUSTRALIA,,Not recorded,-25.90949,129.10549,https://bushtel.nt.gov.au/profile/160
760,ULAMBARA,"ULAMBAURA,ULLUMBARA",Family Outstation,MACDONNELL,LURITJA PINTUBI,CENTRAL LAND COUNCIL,GWOJA,CENTRAL AUSTRALIA,8,Homelands Service Provider Report 2023,-23.27715,131.92748,https://bushtel.nt.gov.au/profile/760
705,ULBULLA,JULALIKARI,Family Outstation,MACDONNELL,RODINGA,CENTRAL LAND COUNCIL,GWOJA,CENTRAL AUSTRALIA,,Not recorded,-25.68357,133.19644,https://bushtel.nt.gov.au/profile/705
162,ULPANYALI,OCHRE HILL,Family Outstation,MACDONNELL,LJIRAPINTA,CENTRAL LAND COUNCIL,GWOJA,CENTRAL AUSTRALIA,17,Homelands Service Provider Report 2023,-24.23091,131.50075,https://bushtel.nt.gov.au/profile/162
772,ULPUNDA,MARCUS'S CAMP,Family Outstation,MACDONNELL,LJIRAPINTA,CENTRAL LAND COUNCIL,GWOJA,CENTRAL AUSTRALIA,11,Homelands Service Provider Report 2023,-23.9546,132.766,https://bushtel.nt.gov.au/profile/772
1016,ULUPERTE,JUNCTION BORE,Family Outstation,CENTRAL DESERT,AKITYARRE,CENTRAL LAND COUNCIL,NAMATJIRA,CENTRAL AUSTRALIA,,Not recorded,-23.76408,135.69544,https://bushtel.nt.gov.au/profile/1016
962,UMINYULUK,No aliases recorded with NTG DIPL,Family Outstation,WEST DALY,THAMARRURR/PINDI PINDI,NORTHERN LAND COUNCIL,DALY,TOP END,8,Homelands Service Provider Report 2023,-13.83073,130.05311,https://bushtel.nt.gov.au/profile/962
662,UN-MARR,"AN-MARR,MADINGNA,MARDENGA,MARDINGA,MARDINGNA,MARINGAR,MARYGAR",Family Outstation,WEST DALY,THAMARRURR/PINDI PINDI,NORTHERN LAND COUNCIL,DALY,TOP END,,Not recorded,-14.06441,129.90879,https://bushtel.nt.gov.au/profile/662
711,UNDOOLYA BORE,"MOUNT UNDOOLYA,UNDOOLYA",Family Outstation,MACDONNELL,RODINGA,CENTRAL LAND COUNCIL,NAMATJIRA,CENTRAL AUSTRALIA,24,Homelands Service Provider Report 2023,-23.74762,134.11762,https://bushtel.nt.gov.au/profile/711
166,UNDURANA 1C,"UNDARANA,UNDERANNA",Family Outstation,MACDONNELL,LJIRAPINTA,CENTRAL LAND COUNCIL,GWOJA,CENTRAL AUSTRALIA,2,Homelands Service Provider Report 2023,-23.75723,132.12722,https://bushtel.nt.gov.au/profile/166
985,UNDURANA 2A,No aliases recorded with NTG DIPL,Family Outstation,MACDONNELL,LJIRAPINTA,CENTRAL LAND COUNCIL,GWOJA,CENTRAL AUSTRALIA,6,Homelands Service Provider Report 2023,-23.75901,132.10597,https://bushtel.nt.gov.au/profile/985
156,URLAMPE,TOBERMOREY,Family Outstation,CENTRAL DESERT,AKITYARRE,CENTRAL LAND COUNCIL,NAMATJIRA,CENTRAL AUSTRALIA,20,Homelands Service Provider Report 2023,-22.49317,137.74252,https://bushtel.nt.gov.au/profile/156
24992,URRERMERNE,No aliases recorded with NTG DIPL,Family Outstation,MACDONNELL,RODINGA,CENTRAL LAND COUNCIL,NAMATJIRA,CENTRAL AUSTRALIA,14,Homelands Service Provider Report 2023,-23.9629,134.06913,https://bushtel.nt.gov.au/profile/24992
24,UTILY,"AUTILLY,UTILI",Family Outstation,MACDONNELL,LURITJA PINTUBI,CENTRAL LAND COUNCIL,GWOJA,CENTRAL AUSTRALIA,8,Homelands Service Provider Report 2023,-23.48831,131.87356,https://bushtel.nt.gov.au/profile/24
815,WADA WADALLA,"BLACKFELLOW CREEK,WADA WADALA",Family Outstation,ROPER GULF,SOUTH WEST GULF,NORTHERN LAND COUNCIL,BARKLY,BIG RIVERS,3,Homelands Service Provider Report 2023,-15.92948,136.42886,https://bushtel.nt.gov.au/profile/815
214,WADA WARRA,"BING BONG,BONE LAGOON,WADA WARA,WARRANBARRU ASSOC,WURRUNBURRA ASSOC",Family Outstation,ROPER GULF,SOUTH WEST GULF,NORTHERN LAND COUNCIL,BARKLY,BIG RIVERS,17,Homelands Service Provider Report 2023,-15.74902,136.25224,https://bushtel.nt.gov.au/profile/214
381,WAIDABOONAR,"MT. BORRADAILE,MUDGIGARDENT,MUDJEEGARDART,MUDJIGARDART,WAIDABONOOR",Family Outstation,WEST ARNHEM,GUNBALANYA,NORTHERN LAND COUNCIL,ARAFURA,TOP END,,Not recorded,-11.93822,132.78225,https://bushtel.nt.gov.au/profile/381
14188734,WAJU,NEW WAJU,Family Outstation,MACDONNELL,RODINGA,CENTRAL LAND COUNCIL,NAMATJIRA,CENTRAL AUSTRALIA,,Not recorded,-25.99241,133.46187,https://bushtel.nt.gov.au/profile/14188734
908,WAKURLPU,WAUCHOPE,Family Outstation,BARKLY,ALYAWARR,CENTRAL LAND COUNCIL,BARKLY,BARKLY,10,Homelands Service Provider Report 2023,-20.63229,134.21688,https://bushtel.nt.gov.au/profile/908
983,WALANGURRMINY,FINNISS RIVER,Family Outstation,UN-INCORPORATED (COX-DALY),Not recorded,NORTHERN LAND COUNCIL,DALY,TOP END,11,Homelands Service Provider Report 2023,-12.97482,130.77614,https://bushtel.nt.gov.au/profile/983
556,WALDNARR,"HARRIS CREEK,WALDARR,WALDHARR",Family Outstation,ROPER GULF,NUMBULWAR NUMBURINDI,NORTHERN LAND COUNCIL,ARNHEM,BIG RIVERS,10,Homelands Service Provider Report 2023,-13.76563,135.80531,https://bushtel.nt.gov.au/profile/556
291,WALKA,"BARGE LANDING,WALKAA",Family Outstation,WEST ARNHEM,BARRAH,NORTHERN LAND COUNCIL,ARAFURA,TOP END,,Not recorded,-11.17957,132.58843,https://bushtel.nt.gov.au/profile/291
720,WALKABOUT BORE,"JACK KENNY'S CAMP,MPWELARRE",Family Outstation,MACDONNELL,RODINGA,CENTRAL LAND COUNCIL,NAMATJIRA,CENTRAL AUSTRALIA,23,Homelands Service Provider Report 2023,-24.38261,133.81687,https://bushtel.nt.gov.au/profile/720
750,WALKALBA,"ROCK HILL,WAKALBA,WAKALPA,WAKURLPA,WALKURBLA",Family Outstation,CENTRAL DESERT,SOUTHERN TANAMI,CENTRAL LAND COUNCIL,GWOJA,CENTRAL AUSTRALIA,,Not recorded,-22.16249,131.81991,https://bushtel.nt.gov.au/profile/750
24903,WALLACES LAGOON,No aliases recorded with NTG DIPL,Family Outstation,ROPER GULF,SOUTH WEST GULF,NORTHERN LAND COUNCIL,BARKLY,BIG RIVERS,3,Homelands Service Provider Report 2023,-16.12267,136.6356,https://bushtel.nt.gov.au/profile/24903
748,WALU,TJILKAMATA,Family Outstation,MACDONNELL,IYARRKA,CENTRAL LAND COUNCIL,GWOJA,CENTRAL AUSTRALIA,,Not recorded,-24.73711,129.52559,https://bushtel.nt.gov.au/profile/748
176,WALYTJATJATA,No aliases recorded with NTG DIPL,Family Outstation,MACDONNELL,IYARRKA,CENTRAL LAND COUNCIL,GWOJA,CENTRAL AUSTRALIA,,Not recorded,-25.97667,129.46583,https://bushtel.nt.gov.au/profile/176
428,WAMINARI,"WAMANARI,WAMINARA,WAMINARRA BAY",Family Outstation,WEST ARNHEM,BARRAH,NORTHERN LAND COUNCIL,ARAFURA,TOP END,,Not recorded,-11.76861,133.39754,https://bushtel.nt.gov.au/profile/428
890,WANAKUTJA,No aliases recorded with NTG DIPL,Family Outstation,WEST ARNHEM,BARRAH,NORTHERN LAND COUNCIL,ARAFURA,TOP END,,Not recorded,-11.10539,132.51106,https://bushtel.nt.gov.au/profile/890
119,WANARKULA,"MULGA PARK,MULGA PARK STATION,ROCKET BORE",Family Outstation,MACDONNELL,IYARRKA,CENTRAL LAND COUNCIL,GWOJA,CENTRAL AUSTRALIA,,Not recorded,-25.99663,131.58803,https://bushtel.nt.gov.au/profile/119
557,WANDAWUY,WULWULWUY,Family Outstation,EAST ARNHEM,GUMURR MIWATJ,NORTHERN LAND COUNCIL,ARNHEM,EAST ARNHEM,84,Homelands Service Provider Report 2023,-12.89147,136.35636,https://bushtel.nt.gov.au/profile/557
690,WANGALINJI,"CLEAN SKIN,WANGGULINJ,WANGULINJI",Family Outstation,BARKLY,KUWARRANGU,NORTHERN LAND COUNCIL,BARKLY,BARKLY,,Not recorded,-18.39639,137.46692,https://bushtel.nt.gov.au/profile/690
177,WANGKARI,No aliases recorded with NTG DIPL,Family Outstation,MACDONNELL,IYARRKA,CENTRAL LAND COUNCIL,GWOJA,CENTRAL AUSTRALIA,,Not recorded,-25.13169,129.01933,https://bushtel.nt.gov.au/profile/177
178,WANMARRA,BAGOT SPRINGS,Family Outstation,MACDONNELL,LJIRAPINTA,CENTRAL LAND COUNCIL,GWOJA,CENTRAL AUSTRALIA,14,Homelands Service Provider Report 2023,-24.38841,131.80347,https://bushtel.nt.gov.au/profile/178
652,WANMARRI,"WANMARI,WANMURRI",Family Outstation,ROPER GULF,YUGUL MANGI,NORTHERN LAND COUNCIL,ARNHEM,BIG RIVERS,,Not recorded,-14.45401,135.22691,https://bushtel.nt.gov.au/profile/652
19471,WARBY,No aliases recorded with NTG DIPL,Family Outstation,ROPER GULF,SOUTH WEST GULF,NORTHERN LAND COUNCIL,BARKLY,BIG RIVERS,,Not recorded,-16.1531,136.7344,https://bushtel.nt.gov.au/profile/19471
998,WARLPEYANGKRERE,TARLTON DOWNS,Family Outstation,CENTRAL DESERT,AKITYARRE,CENTRAL LAND COUNCIL,NAMATJIRA,CENTRAL AUSTRALIA,,Not recorded,-22.54894,136.99175,https://bushtel.nt.gov.au/profile/998
179,WARREN CREEK,No aliases recorded with NTG DIPL,Family Outstation,MACDONNELL,LURITJA PINTUBI,CENTRAL LAND COUNCIL,GWOJA,CENTRAL AUSTRALIA,6,Homelands Service Provider Report 2023,-23.26572,131.17868,https://bushtel.nt.gov.au/profile/179
180,WARUMPI,"3 MILE,3 MILE BORE,3 MILES,THREE MILE,THREE MILE BORE,THREE MILES",Family Outstation,MACDONNELL,LURITJA PINTUBI,CENTRAL LAND COUNCIL,GWOJA,CENTRAL AUSTRALIA,6,Homelands Service Provider Report 2023,-23.1851,131.97514,https://bushtel.nt.gov.au/profile/180
877,WATARU,No aliases recorded with NTG DIPL,Family Outstation,MACDONNELL,IYARRKA,CENTRAL LAND COUNCIL,GWOJA,CENTRAL AUSTRALIA,7,Homelands Service Provider Report 2023,-24.85858,129.05936,https://bushtel.nt.gov.au/profile/877
889,WATDAGAWUY,GANAWA,Family Outstation,EAST ARNHEM,GUMURR MARTHAKAL,NORTHERN LAND COUNCIL,MULKA,EAST ARNHEM,,Not recorded,-11.93961,135.70074,https://bushtel.nt.gov.au/profile/889
385,WAUK,"ARRDUKBUKBUN,MUNGULGAN,MURGENELLA",Family Outstation,WEST ARNHEM,BARRAH,NORTHERN LAND COUNCIL,ARAFURA,TOP END,,Not recorded,-11.54863,132.92501,https://bushtel.nt.gov.au/profile/385
181,WAYILILINYPA,"NGANA,WAYLILINPA,WAYLILYNPA",Family Outstation,CENTRAL DESERT,SOUTHERN TANAMI,CENTRAL LAND COUNCIL,GWOJA,CENTRAL AUSTRALIA,,Not recorded,-22.50196,131.44669,https://bushtel.nt.gov.au/profile/181
182,WELERE,"DERRY DOWNS,PERETY",Family Outstation,BARKLY,ALYAWARR,CENTRAL LAND COUNCIL,BARKLY,BARKLY,6,Homelands Service Provider Report 2023,-22.02194,135.19169,https://bushtel.nt.gov.au/profile/182
183,WELMALA,WIRRMALYANGA,Family Outstation,MACDONNELL,RODINGA,CENTRAL LAND COUNCIL,NAMATJIRA,CENTRAL AUSTRALIA,,Not recorded,-25.68278,133.26116,https://bushtel.nt.gov.au/profile/183
655,WERENBUN,EDITH FALLS ROAD,Family Outstation,ROPER GULF,NYIRRANGGULUNG,NORTHERN LAND COUNCIL,ARNHEM,BIG RIVERS,20,Homelands Service Provider Report 2023,-14.18255,132.1611,https://bushtel.nt.gov.au/profile/655
708,WERRE-THERRE,"DAVIS CAMP,HAMILTON DOWNS,KUPULA URBALA,KUPUTA URBALA,MCCORMACKS CAMP,THAKAPERTE,WERE-THERRE",Family Outstation,MACDONNELL,RODINGA,CENTRAL LAND COUNCIL,NAMATJIRA,CENTRAL AUSTRALIA,2,Homelands Service Provider Report 2023,-23.54265,133.63473,https://bushtel.nt.gov.au/profile/708
274,WEST ISLAND,"WURDIJIYA,WURDILIYA,WURDILYA,YATHUNGA",Family Outstation,ROPER GULF,SOUTH WEST GULF,NORTHERN LAND COUNCIL,BARKLY,BIG RIVERS,8,Homelands Service Provider Report 2023,-15.64251,136.50235,https://bushtel.nt.gov.au/profile/274
185,WEST WATERHOUSE,WEST WATER HOUSE NO.2,Family Outstation,MACDONNELL,LJIRAPINTA,CENTRAL LAND COUNCIL,GWOJA,CENTRAL AUSTRALIA,10,Homelands Service Provider Report 2023,-23.99573,133.11339,https://bushtel.nt.gov.au/profile/185
431,WIGU,"GOULBURN ISLAND,SOUTH GOULBURN IS",Family Outstation,WEST ARNHEM,BARRAH,NORTHERN LAND COUNCIL,ARAFURA,TOP END,,Not recorded,-11.61353,133.43225,https://bushtel.nt.gov.au/profile/431
952,WIITIN,TENNANT CREEK TELEGRAPH STN,Family Outstation,BARKLY,PATTA,CENTRAL LAND COUNCIL,BARKLY,BARKLY,7,Homelands Service Provider Report 2023,-19.54493,134.23657,https://bushtel.nt.gov.au/profile/952
432,WILGI,"TIGER'S CAMP,WANINGI,WILJI,WILTJU",Family Outstation,WEST ARNHEM,BARRAH,NORTHERN LAND COUNCIL,ARAFURA,TOP END,40,Homelands Service Provider Report 2023,-11.49601,132.74947,https://bushtel.nt.gov.au/profile/432
786,WILLIAMS WELL,"PWAYNE,WILLIAMS CAMP",Family Outstation,MACDONNELL,RODINGA,CENTRAL LAND COUNCIL,NAMATJIRA,CENTRAL AUSTRALIA,9,Homelands Service Provider Report 2023,-23.67327,134.27874,https://bushtel.nt.gov.au/profile/786
751,WINPARKU,"WINOPARKU,WINOPARKY",Family Outstation,MACDONNELL,LURITJA PINTUBI,CENTRAL LAND COUNCIL,GWOJA,CENTRAL AUSTRALIA,,Not recorded,-23.43465,131.46172,https://bushtel.nt.gov.au/profile/751
259,WOGYALA,"3 MILE FLAT,ROCKHAMPTON DOWNS,WOGAYALA,WOGAYELA",Family Outstation,BARKLY,KUWARRANGU,NORTHERN LAND COUNCIL,BARKLY,BARKLY,40,Homelands Service Provider Report 2023,-19.00617,135.17821,https://bushtel.nt.gov.au/profile/259
21479,WOLLAGALONNG OUTSTATION,No aliases recorded with NTG DIPL,Family Outstation,CENTRAL DESERT,ANMATJERE,CENTRAL LAND COUNCIL,BARKLY,CENTRAL AUSTRALIA,,Not recorded,-21.36721,133.4395,https://bushtel.nt.gov.au/profile/21479
275,WOLLOGORANG,"BRANCH CREEK,DJANGALINA,JUNGALINA",Family Outstation,ROPER GULF,SOUTH WEST GULF,NORTHERN LAND COUNCIL,BARKLY,BIG RIVERS,2,Homelands Service Provider Report 2023,-17.21828,137.98884,https://bushtel.nt.gov.au/profile/275
697,WOOLANING,No aliases recorded with NTG DIPL,Family Outstation,UN-INCORPORATED (COX-DALY),Not recorded,NORTHERN LAND COUNCIL,DALY,TOP END,4,Homelands Service Provider Report 2023,-13.10521,130.6589,https://bushtel.nt.gov.au/profile/697
715,WOOLIANA,No aliases recorded with NTG DIPL,Family Outstation,VICTORIA DALY,MILNGIN,NORTHERN LAND COUNCIL,DALY,TOP END,11,Homelands Service Provider Report 2023,-13.67483,130.64275,https://bushtel.nt.gov.au/profile/715
778,WUDADUK,"MURRADUM,MURRADUN",Family Outstation,WEST DALY,THAMARRURR/PINDI PINDI,NORTHERN LAND COUNCIL,DALY,TOP END,6,Homelands Service Provider Report 2023,-14.02771,129.94375,https://bushtel.nt.gov.au/profile/778
435,WUDAPULI,"WUDAPULLI,WUDUPULA",Family Outstation,WEST DALY,THAMARRURR/PINDI PINDI,NORTHERN LAND COUNCIL,DALY,TOP END,54,Homelands Service Provider Report 2023,-14.21351,129.85315,https://bushtel.nt.gov.au/profile/435
995,WULABURRI,No aliases recorded with NTG DIPL,Family Outstation,ROPER GULF,SOUTH WEST GULF,NORTHERN LAND COUNCIL,BARKLY,BIG RIVERS,,Not recorded,-16.4064,136.84162,https://bushtel.nt.gov.au/profile/995
838,WULKABIMIRRI,WULKUBIMIRRI,Family Outstation,EAST ARNHEM,BIRR RAWARRANG,NORTHERN LAND COUNCIL,MULKA,EAST ARNHEM,35,Homelands Service Provider Report 2023,-12.35538,134.90591,https://bushtel.nt.gov.au/profile/838
563,WUMAJBARR,WUMARRDJBARR,Family Outstation,ROPER GULF,NUMBULWAR NUMBURINDI,NORTHERN LAND COUNCIL,ARNHEM,BIG RIVERS,8,Homelands Service Provider Report 2023,-14.16648,135.69241,https://bushtel.nt.gov.au/profile/563
937,WUMIRDIN,No aliases recorded with NTG DIPL,Family Outstation,WEST DALY,THAMARRURR/PINDI PINDI,NORTHERN LAND COUNCIL,DALY,TOP END,,Not recorded,-14.18907,129.56319,https://bushtel.nt.gov.au/profile/937
707,WUNARA,"ARRAWARRA,ARRUWURRA,WUNARRA,WUNURRA",Family Outstation,BARKLY,ALYAWARR,CENTRAL LAND COUNCIL,BARKLY,BARKLY,8,Homelands Service Provider Report 2023,-19.9898,136.6181,https://bushtel.nt.gov.au/profile/707
564,WUNBURRI,"BURGUNNGURA ISLAND,STEVENS ISLAND,WUNBIRRI",Family Outstation,EAST ARNHEM,GUMURR MARTHAKAL,NORTHERN LAND COUNCIL,MULKA,EAST ARNHEM,,Not recorded,-11.59498,136.07853,https://bushtel.nt.gov.au/profile/564
996,WUNDIGALLA,No aliases recorded with NTG DIPL,Family Outstation,ROPER GULF,SOUTH WEST GULF,NORTHERN LAND COUNCIL,BARKLY,BIG RIVERS,4,Homelands Service Provider Report 2023,-16.47557,137.04307,https://bushtel.nt.gov.au/profile/996
437,WURDEJA,WUDEJA,Family Outstation,WEST ARNHEM,MANINGRIDA,NORTHERN LAND COUNCIL,ARAFURA,TOP END,35,Homelands Service Provider Report 2023,-12.17057,134.66085,https://bushtel.nt.gov.au/profile/437
817,WURLBU,"OOLBOUGH,WULBU",Family Outstation,ROPER GULF,SOUTH WEST GULF,NORTHERN LAND COUNCIL,BARKLY,BIG RIVERS,5,Homelands Service Provider Report 2023,-16.07464,136.28415,https://bushtel.nt.gov.au/profile/817
565,WURRUMENBUMANJA,"LESKE POOLS,LESKIE POOLS,WURRUMENBUMANDJA,WURRUMENBUMANTJA",Family Outstation,EAST ARNHEM,ANINDILYAKWA,ANINDILYAKWA LAND COUNCIL,ARNHEM,EAST ARNHEM,20,Homelands Service Provider Report 2023,-14.13779,136.51557,https://bushtel.nt.gov.au/profile/565
548,WURWULA,"INGLIS ISLAND,NIKAWUNGYURA,NYEKALA",Family Outstation,EAST ARNHEM,GUMURR MARTHAKAL,NORTHERN LAND COUNCIL,MULKA,EAST ARNHEM,,Not recorded,-11.97646,136.30349,https://bushtel.nt.gov.au/profile/548
567,WUYAGIBA,"WIYAGIBA,WIYAKIPA",Family Outstation,ROPER GULF,NUMBULWAR NUMBURINDI,NORTHERN LAND COUNCIL,ARNHEM,BIG RIVERS,20,Homelands Service Provider Report 2023,-14.62149,135.52036,https://bushtel.nt.gov.au/profile/567
984,YAKALA,No aliases recorded with NTG DIPL,Family Outstation,MACDONNELL,LJIRAPINTA,CENTRAL LAND COUNCIL,GWOJA,CENTRAL AUSTRALIA,7,Homelands Service Provider Report 2023,-23.88668,132.6639,https://bushtel.nt.gov.au/profile/984
864,YALUKUN,"YALAKUN,YALLIQUIN",Family Outstation,EAST ARNHEM,GUMURR MIYARRKA,NORTHERN LAND COUNCIL,ARNHEM,EAST ARNHEM,9,Homelands Service Provider Report 2023,-12.26251,136.00585,https://bushtel.nt.gov.au/profile/864
796,YAMINYI,YAMINI,Family Outstation,WEST ARNHEM,MANINGRIDA,NORTHERN LAND COUNCIL,ARAFURA,TOP END,,Not recorded,-12.79026,134.35699,https://bushtel.nt.gov.au/profile/796
573,YANBAKWA,"YANBAGWA,YENBAGWA,YENBAKWA,YENBAKWAY",Family Outstation,EAST ARNHEM,ANINDILYAKWA,ANINDILYAKWA LAND COUNCIL,ARNHEM,EAST ARNHEM,29,Homelands Service Provider Report 2023,-14.21668,136.45613,https://bushtel.nt.gov.au/profile/573
218,YANGULINYINA,"BIDIDA,CALVERT HILLS,SURPRISE CREEK",Family Outstation,ROPER GULF,SOUTH WEST GULF,NORTHERN LAND COUNCIL,BARKLY,BIG RIVERS,13,Homelands Service Provider Report 2023,-16.88886,137.20896,https://bushtel.nt.gov.au/profile/218
569,YANUNGBI,"YANGUMBI,YANGUNBI",Family Outstation,EAST ARNHEM,GUMURR MIWATJ,NORTHERN LAND COUNCIL,MULKA,EAST ARNHEM,6,Homelands Service Provider Report 2023,-12.27975,136.65787,https://bushtel.nt.gov.au/profile/569
939,YARTALU YARTALU,"BOGARDEE,GRANITES,THE GRANITES,YARDULYUYARDULYU",Family Outstation,CENTRAL DESERT,NORTHERN TANAMI,CENTRAL LAND COUNCIL,GWOJA,CENTRAL AUSTRALIA,,Not recorded,-20.57253,130.35528,https://bushtel.nt.gov.au/profile/939
194,YATEMANS BORE,"IRRANDI,IRRIANDI",Family Outstation,MACDONNELL,LJIRAPINTA,CENTRAL LAND COUNCIL,GWOJA,CENTRAL AUSTRALIA,,Not recorded,-23.68622,131.61441,https://bushtel.nt.gov.au/profile/194
191,YATJALU,YAJALU,Family Outstation,CENTRAL DESERT,SOUTHERN TANAMI,CENTRAL LAND COUNCIL,GWOJA,CENTRAL AUSTRALIA,,Not recorded,-22.40643,131.16216,https://bushtel.nt.gov.au/profile/191
719,YEDERR,No aliases recorded with NTG DIPL,Family Outstation,WEST DALY,THAMARRURR/PINDI PINDI,NORTHERN LAND COUNCIL,DALY,TOP END,,Not recorded,-14.01965,129.72201,https://bushtel.nt.gov.au/profile/719
572,YEDIKBA,EMERALD RIVER,Family Outstation,EAST ARNHEM,ANINDILYAKWA,ANINDILYAKWA LAND COUNCIL,ARNHEM,EAST ARNHEM,8,Homelands Service Provider Report 2023,-14.08056,136.45703,https://bushtel.nt.gov.au/profile/572
797,YIKARRAKKAL,"KUBUMI,YIKARRAKAL",Family Outstation,WEST ARNHEM,MANINGRIDA,NORTHERN LAND COUNCIL,ARAFURA,TOP END,10,Homelands Service Provider Report 2023,-12.50363,134.1114,https://bushtel.nt.gov.au/profile/797
303,YILAN,"BUNBAWA,MU-GANARRA,MUGANARRA,MURGANARRA,Y'LAN",Family Outstation,WEST ARNHEM,MANINGRIDA,NORTHERN LAND COUNCIL,ARAFURA,TOP END,30,Homelands Service Provider Report 2023,-12.04251,134.62196,https://bushtel.nt.gov.au/profile/303
898,YILILA,No aliases recorded with NTG DIPL,Family Outstation,ROPER GULF,NUMBULWAR NUMBURINDI,NORTHERN LAND COUNCIL,ARNHEM,BIG RIVERS,7,Homelands Service Provider Report 2023,-13.68204,135.91308,https://bushtel.nt.gov.au/profile/898
574,YIMIDARRA,"POLICEMAN'S CROSSING,YIMIDARRI",Family Outstation,ROPER GULF,NUMBULWAR NUMBURINDI,NORTHERN LAND COUNCIL,ARNHEM,BIG RIVERS,15,Homelands Service Provider Report 2023,-14.21752,135.56463,https://bushtel.nt.gov.au/profile/574
659,YINGUWUNARRI,"MONTEJINNI,OLD TOP SPRINGS,TOP SPRINGS,WANARR,YINGAWINARRI",Family Outstation,VICTORIA DALY,WALANGERI,NORTHERN LAND COUNCIL,GWOJA,BIG RIVERS,,Not recorded,-16.60891,131.82362,https://bushtel.nt.gov.au/profile/659
999,YINYIKAY,"NYINIKAY,RHODES POINT",Family Outstation,EAST ARNHEM,GUMURR MARTHAKAL,NORTHERN LAND COUNCIL,MULKA,EAST ARNHEM,13,Homelands Service Provider Report 2023,-12.21024,136.22921,https://bushtel.nt.gov.au/profile/999
195,YINYIRIPALANGU,"ETHEL CREEK,NGARI-PALYA",Family Outstation,CENTRAL DESERT,SOUTHERN TANAMI,CENTRAL LAND COUNCIL,GWOJA,CENTRAL AUSTRALIA,,Not recorded,-22.21046,130.20558,https://bushtel.nt.gov.au/profile/195
1002,YIRRA BANDOO,"ELIZABETH RIVER,VIRGINIA",Family Outstation,LITCHFIELD,CENTRAL WARD,NORTHERN LAND COUNCIL,GOYDER,"DARWIN, PALMERSTON, LITCHFIELD",,Not recorded,-12.57293,131.02238,https://bushtel.nt.gov.au/profile/1002
575,YIRRINGA,DRYSDALE ISLAND,Family Outstation,EAST ARNHEM,GUMURR MARTHAKAL,NORTHERN LAND COUNCIL,MULKA,EAST ARNHEM,,Not recorded,-11.64538,136.02578,https://bushtel.nt.gov.au/profile/575
672,YUDU YUDU,YUDUYUDU,Family Outstation,EAST ARNHEM,GUMURR MIWATJ,NORTHERN LAND COUNCIL,MULKA,EAST ARNHEM,14,Homelands Service Provider Report 2023,-12.23335,136.63724,https://bushtel.nt.gov.au/profile/672
863,YULARA PULKA,No aliases recorded with NTG DIPL,Family Outstation,MACDONNELL,IYARRKA,CENTRAL LAND COUNCIL,GWOJA,CENTRAL AUSTRALIA,5,Homelands Service Provider Report 2023,-25.25455,130.89108,https://bushtel.nt.gov.au/profile/863
1010,YULBARA,ULBARA POINT,Family Outstation,ROPER GULF,SOUTH WEST GULF,NORTHERN LAND COUNCIL,BARKLY,BIG RIVERS,,Not recorded,-15.7777,136.9997,https://bushtel.nt.gov.au/profile/1010
200,YUMURRPA,"CAVES BORE,YUMURLPA",Family Outstation,CENTRAL DESERT,SOUTHERN TANAMI,CENTRAL LAND COUNCIL,GWOJA,CENTRAL AUSTRALIA,,Not recorded,-21.62731,130.78047,https://bushtel.nt.gov.au/profile/200
196,YUWALKI,"MT. DAVID BORE,UALKI,YUALTJI",Family Outstation,MACDONNELL,LURITJA PINTUBI,CENTRAL LAND COUNCIL,GWOJA,CENTRAL AUSTRALIA,,Not recorded,-23.56347,129.53922,https://bushtel.nt.gov.au/profile/196
123,YUWERLI,"BEAN TREE,NGALIKIRLAN",Family Outstation,CENTRAL DESERT,SOUTHERN TANAMI,CENTRAL LAND COUNCIL,GWOJA,CENTRAL AUSTRALIA,,Not recorded,-22.03566,131.65064,https://bushtel.nt.gov.au/profile/123
